ticker,fetched_at,price,sector,industry,name,pe,pb,eps,roe,margin,debt_eq,market_cap,peg,mom_12_2,error,currency,avg_volume,country,target_low_price,target_mean_price,target_high_price,recommendation_key,num_analyst_opinions,free_cashflow,total_cash,total_debt,quick_ratio,operating_margin,financial_currency,buyback_avg_3y,div_avg_3y,sector_median_pe,industry_median_pe,industry_count,peer_median_pe,roe_pct,margin_pct,debt_pct,quality_multiplier,fair_pe,fair_value,valuation_gap,sector_momentum,sector_median_pb,analyst_gap,explication,passes_filter
4507.T,2026-10-02,2778.5,Healthcare,Drug Manufacturers - Specialty & Generic,"Shionogi & Co., Ltd.",11.529524,1.3341489,240.99,0.16773,0.46785998,38.591,2364994748416.0,0.66,0.1395969334624627,,JPY,2645560.0,Japan,2900.0,3358.3333,4000.0,buy,12.0,-5307125248.0,298936991744.0,684131024896.0,0.58,0.11417,JPY,-25065666666.666668,-49583000000.0,22.296583,17.033969,38,17.033969,0.5943775100401606,0.9518072289156626,0.43775100401606426,1.1757028112449799,20.02688523995984,4826.279073977922,0.7370088443325256,0.0761328691347991,2.8509436,0.20868572971027533,P/E de 11.5 nettement sous la mediane de l'industrie (17.0) ; marge superieure a la mediane du secteur ; momentum (+14%) superieur au secteur (+8%),True
7735.T,2026-10-02,15605.0,Technology,Semiconductor Equipment & Materials,"SCREEN Holdings Co., Ltd.",32.08199,5.9357104,486.41,0.1887,0.14501001,1.215,2950715408384.0,1.54,1.0066791096649914,,JPY,2851996.0,Japan,12800.0,17537.5,25000.0,buy,16.0,46144126976.0,212245004288.0,6044000256.0,1.246,0.118,JPY,-10011333333.333334,-26762333333.33333,23.94834,46.3589915,38,46.3589915,0.6203208556149733,0.6203208556149733,0.0784313725490196,1.195632798573975,55.42833074621212,26960.89435826504,0.7277087060727356,0.1641558441558441,3.1951222,0.12383851329702011,P/E de 32.1 nettement sous la mediane de l'industrie (46.4) ; dette plus faible que la mediane du secteur ; momentum (+101%) superieur au secteur (+16%),True
1802.T,2026-10-06,2936.5,Industrials,Engineering & Construction,Obayashi Corporation,11.9539995,1.6221123,245.65,0.16165,0.072519995,27.364,2018613264384.0,0.52,0.1838630309731919,,JPY,2522186.0,Japan,3000.0,3812.5,4700.0,none,8.0,,467229999104.0,355662004224.0,1.09,0.052449998,JPY,-23462666666.666668,-51809666666.66666,21.7069655,18.256180999999998,88,18.256180999999998,0.5988372093023255,0.4258720930232558,0.24563953488372092,1.0944767441860463,19.980965542151157,4908.324185429432,0.6714878887891818,0.10953809448673595,2.36698915,0.2983143197684317,P/E de 12.0 nettement sous la mediane de l'industrie (18.3) ; dette plus faible que la mediane du secteur ; momentum (+18%) superieur au secteur (+11%),True
2006.TW,2026-10-05,85.69999694824219,Basic Materials,Steel,Tung Ho Steel Enterprise Corporation,11.426666,1.8313923,7.5,0.16790001,0.0955,23.873,62579322880.0,0.57,0.4425805886221119,,TWD,2585468.0,Taiwan,80.0,86.8,94.0,strong_buy,5.0,6070228992.0,1226675968.0,8180882944.0,0.696,0.13664,TWD,0.0,-2847833666.6666665,17.431122000000002,17.4978405,36,17.4978405,0.6373239436619719,0.45422535211267606,0.36619718309859156,1.090669014084507,19.084352446742955,143.13264335057215,0.6701592584304985,0.2678355275387656,2.01017225,0.012835508645608895,P/E de 11.4 nettement sous la mediane de l'industrie (17.5) ; momentum (+44%) superieur au secteur (+27%) ; PEG bas (0.57) : croissance qui justifie plus que le P/E actuel,True
FHI,2026-09-30,56.27999877929688,Financial Services,Asset Management,"Federated Hermes, Inc.",10.460966,3.2093978,5.38,0.31137,0.21295999,32.354,4201880576.0,1.4,0.2584817680613112,,USD,603776.0,United States,55.0,61.0,64.0,none,7.0,371463872.0,480710016.0,451942016.0,2.372,0.27722,USD,-192485333.3333333,-129258666.66666669,13.365181499999998,13.995915499999999,124,13.995915499999999,0.9194078947368421,0.34210526315789475,0.23355263157894737,1.236842105263158,17.310737592105262,93.1317682455263,0.6547933593734492,0.17920743478136036,1.45162495,0.08386640588271321,P/E de 10.5 nettement sous la mediane de l'industrie (14.0) ; ROE (31%) dans le haut du secteur ; dette plus faible que la mediane du secteur,True
9942.TW,2026-10-05,114.0,Consumer Cyclical,Auto Parts,NAK Sealing Technologies Corporation,12.541254,2.2706902,9.09,0.19129999,0.17611,7.234,9480390656.0,1.68,0.1417175793805087,,TWD,97748.0,Taiwan,,,,none,,-216731120.0,571788992.0,302308000.0,1.367,0.24936001,TWD,0.0,-543320333.3333334,16.324873,16.226414,71,16.226414,0.6547368421052632,0.8757894736842106,0.10105263157894737,1.2710526315789472,20.62462621578947,187.47785230152627,0.6445425640484761,0.0036748849442611,1.7673017,,P/E de 12.5 nettement sous la mediane de l'industrie (16.2) ; marge superieure a la mediane du secteur ; dette plus faible que la mediane du secteur,True
MU,2026-09-28,1053.0345458984375,Technology,Semiconductors,"Micron Technology, Inc.",23.78664,11.803335,44.27,0.66638,0.55906,6.33,1189290049536.0,0.16,4.739115184703714,,USD,35445296.0,United States,361.0,1520.7609,2200.0,strong_buy,46.0,7639499776.0,26022000640.0,6376000000.0,2.927,0.80370003,USD,-241666666.66666663,-513000000.0,23.94834,27.210485,67,27.210485,0.9518716577540107,0.9857397504456328,0.20320855614973263,1.4215686274509804,38.68157181372549,1712.4331841936275,0.6261889895859003,0.1641558441558441,3.1951222,0.44416999985741534,ROE (67%) dans le haut du secteur ; marge superieure a la mediane du secteur ; dette plus faible que la mediane du secteur,True
1590.TW,2026-10-06,1195.0,Industrials,Specialty Industrial Machinery,Airtac International Group,22.96752,4.359977,52.03,0.21063,0.2638,0.977,238999994368.0,1.09,0.3454710965765997,,TWD,802103.0,Taiwan,1130.0,1784.8948,2080.0,strong_buy,19.0,4226195968.0,9835848704.0,535619008.0,2.416,0.35059,TWD,0.0,-3428228000.0,21.7069655,27.618352,96,27.618352,0.7383720930232558,0.9418604651162791,0.029069767441860465,1.3473837209302326,37.212517883720935,1936.1673054900002,0.6202236866025106,0.10953809448673595,2.36698915,0.4936358158995817,P/E de 23.0 nettement sous la mediane de l'industrie (27.6) ; marge superieure a la mediane du secteur ; dette plus faible que la mediane du secteur,True
LCII,2026-09-03,101.06999969482422,Consumer Cyclical,Recreational Vehicles,LCI Industries,11.711472,1.7162216,8.63,0.15,0.05244,80.054,2457164032.0,1.04,0.1250230723223908,,USD,443080.0,United States,114.0,129.4,175.0,none,10.0,264589248.0,216512000.0,1146180992.0,1.045,0.00543,USD,-42857000.0,-109950000.0,16.324873,19.329762,7,19.329762,0.5536842105263158,0.3894736842105263,0.5768421052631579,0.9800000000000001,18.94316676,163.47952913880002,0.6174881728744259,0.0036748849442611,1.7673017,0.2803007855022934,"P/E de 11.7 nettement sous la mediane de l'industrie (19.3) ; momentum (+13%) superieur au secteur (+0%) ; cible analystes (10 analystes, moyenne 129.40) +28% au-dessus du prix actuel",True
MD,2026-10-01,25.479999542236328,Healthcare,Medical Care Facilities,"Pediatrix Medical Group, Inc.",12.191388,2.293223,2.09,0.20389,0.08962,70.371,2070333312.0,0.24,0.5120801936166872,,USD,768177.0,United States,21.0,26.33333,28.0,hold,6.0,160776992.0,404198016.0,619955968.0,1.282,0.13407,USD,-29768333.33333333,0.0,22.296583,19.5064745,28,19.5064745,0.6827309236947792,0.3654618473895582,0.6947791164658634,1.0090361445783134,19.682737823795183,41.13692205173193,0.6144789164357036,0.0761328691347991,2.8509436,0.033490206950324675,P/E de 12.2 nettement sous la mediane de l'industrie (19.5) ; momentum (+51%) superieur au secteur (+8%) ; PEG bas (0.24) : croissance qui justifie plus que le P/E actuel,True
GL,2026-10-01,165.7100067138672,Financial Services,Insurance - Life,Globe Life Inc.,11.017953,2.074227,15.04,0.20944999,0.19577,55.675,12734722048.0,1.3,0.2801285652312582,,USD,540763.0,United States,166.0,193.90909,225.0,none,11.0,1163503360.0,455380992.0,3427248896.0,0.64,0.24642,USD,-798064000.0,-85222666.66666667,13.365181499999998,16.872380999999997,30,16.872380999999997,0.7861842105263158,0.3157894736842105,0.774671052631579,1.028371710526316,17.35107930962171,260.9602328167105,0.574800689419515,0.17920743478136036,1.45162495,0.17017127598591197,P/E de 11.0 nettement sous la mediane de l'industrie (16.9) ; ROE (21%) dans le haut du secteur ; momentum (+28%) superieur au secteur (+18%),True
B3SA3.SA,2026-10-01,18.459999084472656,Financial Services,Financial Data & Stock Exchanges,"B3 S.A. - Brasil, Bolsa, Balcão",17.922329,4.9331903,1.03,0.27714002,0.49453998,82.574,91942813696.0,1.21,0.4931599018966373,,BRL,36743825.0,Brazil,16.0,20.0,23.0,buy,14.0,4277547008.0,15663472640.0,15465590784.0,1.673,0.64725,BRL,-2997676666.6666665,0.0,13.365181499999998,23.357557,17,23.357557,0.8930921052631579,0.8700657894736842,0.8388157894736842,1.204358552631579,28.130873541529606,28.974799747775496,0.5695991974423877,0.17920743478136036,1.45162495,0.08342367236749704,P/E de 17.9 nettement sous la mediane de l'industrie (23.4) ; ROE (28%) dans le haut du secteur ; marge superieure a la mediane du secteur,True
9939.TW,2026-09-30,124.5,Consumer Cyclical,Packaging & Containers,"Taiwan Hon Chuan Enterprise Co., Ltd.",11.3387985,1.8620164,10.98,0.17929001,0.11066,116.339,36825415680.0,0.64,0.0840890081749621,,TWD,1375226.0,Taiwan,154.0,154.5,155.0,none,2.0,-1976848128.0,4824200192.0,23477700608.0,0.754,0.18606001,TWD,0.0,-1584966000.0,16.324873,16.642060999999998,22,16.642060999999998,0.6273684210526316,0.72,0.7094736842105264,1.066315789473684,17.745692413684207,194.8477027022526,0.5650417887731134,0.0036748849442611,1.7673017,0.24096385542168686,P/E de 11.3 nettement sous la mediane de l'industrie (16.6) ; momentum (+8%) superieur au secteur (+0%) ; PEG bas (0.64) : croissance qui justifie plus que le P/E actuel,True
GEO,2026-09-03,31.530000686645508,Industrials,Security & Protection Services,"The GEO Group, Inc.",14.8726425,2.6994863,2.12,0.20127001,0.10312,106.105,4149965568.0,1.35,0.5524646081636571,,USD,2080853.0,United States,31.0,37.75,40.0,strong_buy,4.0,-3632500.0,54992000.0,1607155968.0,1.528,0.13892001,USD,-30340333.33333333,0.0,21.7069655,21.487776,14,21.487776,0.7296511627906976,0.6002906976744186,0.752906976744186,1.076671511627907,23.135276267441863,49.046785686976754,0.5555592965067857,0.10953809448673595,2.36698915,0.19727241287339914,"P/E de 14.9 nettement sous la mediane de l'industrie (21.5) ; momentum (+55%) superieur au secteur (+11%) ; cible analystes (4 analystes, moyenne 37.75) +20% au-dessus du prix actuel",True
DINO,2026-09-29,106.15499877929688,Energy,Oil & Gas Refining & Marketing,HF Sinclair Corporation,10.1196375,1.8349725,10.49,0.19504999,0.06132,32.261,18872645632.0,1.14,1.004672472361337,,USD,2788769.0,United States,73.0,102.33333,140.0,hold,15.0,2035624960.0,2262000128.0,3339000064.0,1.07,0.11694,USD,-675000000.0,-367666666.6666667,16.133364999999998,14.70923,15,14.70923,0.6513157894736842,0.25,0.3092105263157895,1.0608552631578947,15.604364062499998,163.689779015625,0.5419884216281388,0.4137692318463978,2.04702035,-0.036000836731601926,P/E de 10.1 nettement sous la mediane de l'industrie (14.7) ; dette plus faible que la mediane du secteur ; momentum (+100%) superieur au secteur (+41%),True
2503.T,2026-10-01,2821.0,Consumer Defensive,Beverages - Brewers,"Kirin Holdings Company, Limited",11.624033,1.6537838,243.16,0.15143,0.078099996,50.194,2239749160960.0,1.67,0.4504489786074388,,JPY,3333732.0,Japan,2550.0,2967.8,3867.0,none,15.0,226882617344.0,168075001856.0,843601018880.0,0.915,0.12544,JPY,-30062000000.0,-56531333333.333336,18.4273635,16.511929000000002,12,16.511929000000002,0.5934579439252337,0.5841121495327103,0.4485981308411215,1.080607476635514,17.84291393107477,4338.682951480141,0.5379946655370935,0.026471392428403448,1.97708795,0.052038284296348936,"P/E de 11.6 nettement sous la mediane de l'industrie (16.5) ; momentum (+45%) superieur au secteur (+3%) ; cible analystes (15 analystes, moyenne 2967.80) +5% au-dessus du prix actuel",True
GIC,2026-10-05,43.380001068115234,Industrials,Industrial Distribution,Global Industrial Company,19.62896,4.823752,2.21,0.26486,0.060650002,28.859,1653139840.0,1.16,0.5287389437657586,,USD,129992.0,United States,42.0,42.0,42.0,hold,1.0,60325000.0,86700000.0,98900000.0,1.365,0.07294,USD,-3033333.333333333,-36433333.333333336,21.7069655,24.5354125,24,24.5354125,0.8357558139534884,0.34156976744186046,0.2688953488372093,1.1860465116279069,29.10014040697674,64.3113102994186,0.48251057436437206,0.10953809448673595,2.36698915,-0.03181191872144862,P/E de 19.6 nettement sous la mediane de l'industrie (24.5) ; ROE (26%) dans le haut du secteur ; dette plus faible que la mediane du secteur,True
YUMC,2026-09-03,43.720001220703125,Consumer Cyclical,Restaurants,"Yum China Holdings, Inc.",16.014652,2.8772624,2.73,0.16808,0.07839,37.981,14880715776.0,1.0,0.0585679849156757,,USD,1685173.0,China,52.0,62.05238,77.0,strong_buy,21.0,859875008.0,1410000000.0,2302000128.0,0.659,0.11472,USD,-1002000000.0,-272333333.3333333,16.324873,21.283089,27,21.283089,0.5957894736842105,0.5705263157894737,0.3389473684210526,1.1057894736842104,23.53461578368421,64.2495010894579,0.4695676874554444,0.0036748849442611,1.7673017,0.4193133181024655,P/E de 16.0 nettement sous la mediane de l'industrie (21.3) ; dette plus faible que la mediane du secteur ; momentum (+6%) superieur au secteur (+0%),True
ITUB4.SA,2026-10-02,43.4900016784668,Financial Services,Banks - Regional,Itaú Unibanco Holding S.A.,10.354763,2.2010224,4.2,0.21476,0.32584,,479341248512.0,1.36,0.2496498375817193,,BRL,23428068.0,Brazil,30.5,47.92308,52.0,strong_buy,13.0,,484164993024.0,1115894054912.0,,0.39073002,BRL,-1849666666.6666667,-26653666666.666668,13.365181499999998,12.858719,217,12.858719,0.7976973684210527,0.631578947368421,0.537828947368421,1.1722861842105263,15.074098630345397,63.31121424745067,0.4557648149919007,0.17920743478136036,1.45162495,0.10193327547577802,P/E de 10.4 nettement sous la mediane de l'industrie (12.9) ; ROE (21%) dans le haut du secteur ; momentum (+25%) superieur au secteur (+18%),True
ASM.AS,2026-10-05,938.5999755859376,Technology,Semiconductor Equipment & Materials,ASM International NV,42.93687,10.33689,21.86,0.26798,0.31929,1.585,45819666432.0,1.38,0.5862230850807617,,EUR,164462.0,Netherlands,690.0,1128.5264,1457.0,buy,19.0,235275008.0,1180099968.0,70500000.0,1.651,0.32169998,EUR,-134809333.33333334,-135394333.33333334,23.94834,46.3589915,38,46.3589915,0.7736185383244206,0.9162210338680927,0.09803921568627451,1.3413547237076648,62.18385223484849,1359.339009853788,0.44826235373082834,0.1641558441558441,3.1951222,0.20235076641196104,ROE (27%) dans le haut du secteur ; marge superieure a la mediane du secteur ; dette plus faible que la mediane du secteur,True
BVS,2026-10-01,13.390000343322754,Healthcare,Medical Devices,Bioventus Inc.,17.618422,4.000598,0.76,0.25684,0.09361,95.075,914605888.0,1.53,1.064122147185285,,USD,666274.0,United States,15.0,17.6,19.0,none,5.0,67764128.0,30394000.0,263748992.0,1.107,0.122279994,USD,0.0,0.0,22.296583,24.3627215,38,24.3627215,0.7951807228915663,0.3895582329317269,0.8112449799196787,1.0421686746987953,25.390065177710845,19.296449535060244,0.4411089649211908,0.0761328691347991,2.8509436,0.3144137078963307,P/E de 17.6 nettement sous la mediane de l'industrie (24.4) ; ROE (26%) dans le haut du secteur ; momentum (+106%) superieur au secteur (+8%),True
AMAT,2026-09-28,485.3299865722656,Technology,Semiconductor Equipment & Materials,"Applied Materials, Inc.",41.87489,15.029884,11.59,0.41068,0.30052,28.666,385156644864.0,0.96,1.2512718417833768,,USD,7886828.0,United States,358.0,638.62854,900.0,strong_buy,35.0,3075375104.0,9233000448.0,7345999872.0,1.634,0.33736,USD,-3635666666.6666665,-1183666666.6666667,23.94834,46.3589915,38,46.3589915,0.8948306595365418,0.9001782531194296,0.49554367201426025,1.2985739750445633,60.20057987121213,697.7247207073485,0.4376295304462037,0.1641558441558441,3.1951222,0.3158645821793009,ROE (41%) dans le haut du secteur ; marge superieure a la mediane du secteur ; momentum (+125%) superieur au secteur (+16%),True
OFG,2026-09-30,50.130001068115234,Financial Services,Banks - Regional,OFG Bancorp,9.887574,1.5055863,5.07,0.16081,0.33854,,2118769408.0,0.92,0.2160816125943627,,USD,277936.0,United States,55.0,56.5,58.0,hold,4.0,,745729024.0,577990976.0,,0.43318,USD,-60191000.0,-46177000.0,13.365181499999998,12.858719,217,12.858719,0.625,0.65625,0.537828947368421,1.0921052631578947,14.043074697368422,71.1983887156579,0.4202750288976762,0.17920743478136036,1.45162495,0.1270695949762577,P/E de 9.9 nettement sous la mediane de l'industrie (12.9) ; momentum (+22%) superieur au secteur (+18%) ; PEG bas (0.92) : croissance qui justifie plus que le P/E actuel,True
AMZN,2026-09-03,258.1849975585937,Consumer Cyclical,Internet Retail,"Amazon.com, Inc.",20.754421,5.0470133,12.44,0.30558002,0.1744,45.617,2784864239616.0,1.49,0.1830850314182188,,USD,48357831.0,United States,230.0,328.004,405.0,strong_buy,60.0,3219124992.0,122988003328.0,251635007488.0,0.843,0.13689,USD,0.0,0.0,16.324873,22.8422835,18,22.8422835,0.8252631578947368,0.8736842105263158,0.40842105263157896,1.2789473684210526,29.214078371052633,363.4231349358947,0.4076074844488895,0.0036748849442611,1.7673017,0.2704223835684383,ROE (31%) dans le haut du secteur ; marge superieure a la mediane du secteur ; momentum (+18%) superieur au secteur (+0%),True
NDX1.DE,2026-10-01,38.58000183105469,Industrials,Specialty Industrial Machinery,Nordex SE,23.524391,6.2915854,1.64,0.32355,0.050029997,34.446,9138526208.0,1.5,0.7311927981312882,,EUR,507269.0,Germany,35.0,49.30667,60.0,buy,15.0,450561632.0,1970612992.0,502319008.0,0.898,0.08517,EUR,0.0,0.0,21.7069655,27.618352,96,27.618352,0.8895348837209303,0.25290697674418605,0.31540697674418605,1.1791424418604652,32.56597101744187,53.40819246860466,0.3843491429182393,0.10953809448673595,2.36698915,0.27803700517999874,ROE (32%) dans le haut du secteur ; dette plus faible que la mediane du secteur ; momentum (+73%) superieur au secteur (+11%),True
ABEV3.SA,2026-10-05,16.489999771118164,Consumer Defensive,Beverages - Brewers,Ambev S.A.,16.009708,2.8853893,1.03,0.184,0.18406,3.317,254217863168.0,1.97,0.2848625305258145,,BRL,27739600.0,Brazil,13.0,16.30278,20.0,hold,18.0,19859091456.0,18346395648.0,2948960000.0,0.671,0.23743,BRL,-837433333.3333334,-12147266666.666666,18.4273635,16.511929000000002,12,16.511929000000002,0.7523364485981309,0.9252336448598131,0.07009345794392523,1.3399532710280373,22.12521327453271,22.788969672768694,0.3819872643469058,0.026471392428403448,1.97708795,-0.011353533882157874,ROE (18%) dans le haut du secteur ; marge superieure a la mediane du secteur ; dette plus faible que la mediane du secteur,True
PRG,2026-09-03,38.68000030517578,Industrials,Rental & Leasing Services,"PROG Holdings, Inc.",12.125392,1.9130521,3.19,0.17066,0.05609,110.148,1540687488.0,0.93,0.1986133784980013,,USD,555649.0,United States,45.0,53.42857,64.0,none,7.0,1535915904.0,85201000.0,887064000.0,3.464,0.16605,USD,-109999666.66666669,-13720000.0,21.7069655,17.534126,13,17.534126,0.6366279069767442,0.30959302325581395,0.7645348837209303,0.9545784883720929,16.737699492005813,53.39326137949854,0.38038420264319317,0.10953809448673595,2.36698915,0.38129704184233715,P/E de 12.1 nettement sous la mediane de l'industrie (17.5) ; momentum (+20%) superieur au secteur (+11%) ; PEG bas (0.93) : croissance qui justifie plus que le P/E actuel,True
AMN,2026-09-03,32.68000030517578,Healthcare,Medical Care Facilities,"AMN Healthcare Services, Inc.",12.148699,1.7067949,2.69,0.15556,0.030550001,104.658,1265696128.0,1.22,0.770661038149336,,USD,832722.0,United States,26.0,35.57143,40.0,hold,7.0,445770624.0,361836000.0,775809984.0,1.027,0.03997,USD,-141581333.33333334,0.0,22.296583,19.5064745,28,19.5064745,0.5662650602409639,0.1285140562248996,0.8313253012048193,0.8574297188755019,16.725430946787146,44.99140924685742,0.3767260962886769,0.0761328691347991,2.8509436,0.08847704001906886,"P/E de 12.1 nettement sous la mediane de l'industrie (19.5) ; momentum (+77%) superieur au secteur (+8%) ; cible analystes (7 analystes, moyenne 35.57) +9% au-dessus du prix actuel",True
URBN,2026-09-03,80.62999725341797,Consumer Cyclical,Apparel Retail,"Urban Outfitters, Inc.",12.618154,2.6438665,6.39,0.20942,0.08789,42.512,6905990656.0,1.32,0.1296374366046235,,USD,1173834.0,United States,75.0,90.15385,111.0,buy,13.0,101135128.0,716126976.0,1213373952.0,0.71,0.11618,USD,-68736000.0,0.0,16.324873,14.970987000000001,22,14.970987000000001,0.6926315789473684,0.6294736842105263,0.37684210526315787,1.1594736842105262,17.358465453157894,110.92059424567894,0.37567404221853584,0.0036748849442611,1.7673017,0.11811798426147546,"P/E de 12.6 nettement sous la mediane de l'industrie (15.0) ; momentum (+13%) superieur au secteur (+0%) ; cible analystes (13 analystes, moyenne 90.15) +12% au-dessus du prix actuel",True
2303.TW,2026-09-30,154.5,Technology,Semiconductors,United Microelectronics Corporation,24.369085,4.3772664,6.34,0.21327999,0.33293,14.293,1937359372288.0,1.26,1.880521224401695,,TWD,161080508.0,Taiwan,41.0,133.8913,258.0,buy,23.0,36890628096.0,147391856640.0,63449882624.0,1.772,0.21712999,TWD,0.0,-39461590666.66666,23.94834,27.210485,67,27.210485,0.6737967914438503,0.9269162210338681,0.34759358288770054,1.231729055258467,33.51594498217469,212.49109118698752,0.37534686852419097,0.1641558441558441,3.1951222,-0.13338964401294495,marge superieure a la mediane du secteur ; dette plus faible que la mediane du secteur ; momentum (+188%) superieur au secteur (+16%),True
3044.TW,2026-10-01,538.0,Technology,Electronic Components,Tripod Technology Corporation,22.44196,4.924528,23.26,0.24425,0.14571,7.059,274366332928.0,1.32,0.6979320984207729,,TWD,3307677.0,Taiwan,615.0,687.1429,730.0,strong_buy,7.0,-3628377344.0,24026361856.0,3933587968.0,1.194,0.22467,TWD,0.0,-4423849666.666667,23.94834,25.940521,113,25.940521,0.7361853832442068,0.6238859180035651,0.2281639928698752,1.2170231729055259,31.570215174242424,734.3232049528789,0.3649130203585109,0.1641558441558441,3.1951222,0.27721728624535324,"dette plus faible que la mediane du secteur ; momentum (+70%) superieur au secteur (+16%) ; cible analystes (7 analystes, moyenne 687.14) +28% au-dessus du prix actuel",True
SNA,2026-09-03,382.0499877929688,Industrials,Tools & Accessories,Snap-on Incorporated,19.492346,3.270808,19.6,0.17932,0.19597,21.595,19762348032.0,1.95,0.1449987666842476,,USD,342295.0,United States,330.0,413.77777,485.0,hold,9.0,1109474944.0,1644199936.0,1310000000.0,2.508,0.25397,USD,-304433333.3333333,-408066666.6666667,21.7069655,21.168148000000002,22,21.168148000000002,0.6700581395348837,0.8851744186046512,0.20348837209302326,1.255450581395349,26.575563713662795,520.8810487877909,0.3633845450351225,0.10953809448673595,2.36698915,0.08304615422268857,marge superieure a la mediane du secteur ; dette plus faible que la mediane du secteur ; momentum (+14%) superieur au secteur (+11%),True
ADEA,2026-10-01,25.40999984741211,Technology,Software - Application,Adeia Inc.,23.311926,5.871072,1.09,0.27878,0.26053,82.832,2802218752.0,1.51,0.4826631402970087,,USD,1089697.0,United States,39.0,43.0,50.0,strong_buy,4.0,195100624.0,137080992.0,395262016.0,3.128,0.31948,USD,-28851000.0,-21625333.33333333,23.94834,27.470198,71,27.470198,0.7896613190730838,0.8627450980392157,0.82174688057041,1.155080213903743,31.730282181818176,34.586007578181814,0.3611179766183368,0.1641558441558441,3.1951222,0.6922471569546016,P/E de 23.3 nettement sous la mediane de l'industrie (27.5) ; ROE (28%) dans le haut du secteur ; marge superieure a la mediane du secteur,True
1878.T,2026-10-02,3124.0,Real Estate,Real Estate - Diversified,"Daito Trust Construction Co.,Ltd.",10.453055,2.0593982,298.86,0.20658001,0.049629997,60.69,1017587695616.0,1.12,0.1534520225682329,,JPY,1630653.0,Japan,3200.0,3415.0,3700.0,none,8.0,-35196502016.0,251284996096.0,300824985600.0,0.809,0.08203,JPY,-25729333333.33333,-41773333333.333336,15.277189,12.4519745,14,12.4519745,0.8967391304347826,0.07065217391304347,0.30978260869565216,1.1385869565217392,14.177655748641307,4237.134197038941,0.35631696448109507,0.0128982129682454,1.10096975,0.09314980793854044,P/E de 10.5 nettement sous la mediane de l'industrie (12.5) ; ROE (21%) dans le haut du secteur ; dette plus faible que la mediane du secteur,True
JAZZ,2026-10-02,232.9750061035156,Healthcare,Biotechnology,Jazz Pharmaceuticals plc,15.946271,3.1440623,14.61,0.22114,0.20445,91.828,15123473408.0,0.96,0.6820692044399483,,USD,861696.0,Ireland,225.0,294.27274,337.0,strong_buy,22.0,1429392896.0,2199800064.0,4409299968.0,1.381,0.26914,USD,-235404333.3333333,0.0,22.296583,19.420732,29,19.420732,0.7349397590361446,0.7590361445783133,0.7911646586345381,1.109437751004016,21.546093232931728,314.78842213313254,0.35116821069323434,0.0761328691347991,2.8509436,0.2631086266363205,P/E de 15.9 nettement sous la mediane de l'industrie (19.4) ; marge superieure a la mediane du secteur ; momentum (+68%) superieur au secteur (+8%),True
0300.HK,2026-10-01,91.8000030517578,Consumer Cyclical,"Furnishings, Fixtures & Appliances","Midea Group Co., Ltd.",13.421053,2.7503903,6.84,0.19532,0.09536,37.043,700426289152.0,1.89,0.3050100217323275,,HKD,5619673.0,China,88.596275,113.16676,135.11028,buy,11.0,129124098048.0,255809257472.0,83639508992.0,0.894,0.100209996,CNY,0.0,-24751113333.33333,16.324873,15.469387,29,15.469387,0.6694736842105263,0.6568421052631579,0.33263157894736844,1.1657894736842105,18.034048528947366,123.35289193799998,0.3437133751341199,0.0036748849442611,1.7673017,0.23275333592522207,"dette plus faible que la mediane du secteur ; momentum (+31%) superieur au secteur (+0%) ; cible analystes (11 analystes, moyenne 113.17) +23% au-dessus du prix actuel",True
BPOP,2026-10-01,155.17999267578125,Financial Services,Banks - Regional,"Popular, Inc.",10.492224,1.5459409,14.79,0.15647,0.31645,,9897147392.0,1.37,0.4264849394695025,,USD,491560.0,United States,181.0,196.2,216.0,strong_buy,10.0,,4964242944.0,1607745024.0,,0.40971002,USD,-239701333.3333333,-179296333.33333334,13.365181499999998,12.858719,217,12.858719,0.6134868421052632,0.6069078947368421,0.537828947368421,1.074013157894737,13.810433399671055,204.2563099811349,0.3162541540254431,0.17920743478136036,1.45162495,0.26433824758531954,"P/E de 10.5 nettement sous la mediane de l'industrie (12.9) ; momentum (+43%) superieur au secteur (+18%) ; cible analystes (10 analystes, moyenne 196.20) +26% au-dessus du prix actuel",True
2497.TW,2026-10-05,44.0,Consumer Cyclical,Auto Parts,"E-Lead Electronic Co., Ltd.",13.134329,1.9670959,3.35,0.15995,0.08492,68.815,5759057920.0,0.84,0.0464486176467411,,TWD,543695.0,Taiwan,,,,none,,272769248.0,983008000.0,2014716032.0,0.835,0.09122,TWD,-115225000.0,-151452000.0,16.324873,16.226414,71,16.226414,0.5810526315789474,0.608421052631579,0.5157894736842106,1.0636842105263158,17.259780365263158,57.82026422363158,0.3140969141734451,0.0036748849442611,1.7673017,,P/E de 13.1 nettement sous la mediane de l'industrie (16.2) ; momentum (+5%) superieur au secteur (+0%) ; PEG bas (0.84) : croissance qui justifie plus que le P/E actuel,True
THG,2026-10-01,218.0800018310547,Financial Services,Insurance - Property & Casualty,"The Hanover Insurance Group, Inc.",10.43445,2.0724325,20.9,0.21885,0.1117,22.982,7593593856.0,0.34,0.3007450505056392,,USD,314042.0,United States,225.0,237.75,260.0,hold,8.0,1081224960.0,266100000.0,844000000.0,0.179,0.14755,USD,-51966666.66666666,-123966666.66666669,13.365181499999998,11.82563,45,11.82563,0.805921052631579,0.16447368421052633,0.17434210526315788,1.1504934210526316,13.605309514802633,284.35096885937503,0.3038837420758098,0.17920743478136036,1.45162495,0.090196249100289,ROE (22%) dans le haut du secteur ; dette plus faible que la mediane du secteur ; momentum (+30%) superieur au secteur (+18%),True
UCG.MI,2026-10-02,78.80000305175781,Financial Services,Banks - Regional,UniCredit S.p.A.,11.177305,1.6765602,7.05,0.15779,0.43967998,,118826704896.0,0.83,0.3573367647327028,,EUR,4246039.0,Italy,78.0,94.69833,113.0,buy,18.0,,192975994880.0,247794008064.0,,0.68882006,EUR,0.0,-4132333333.3333335,13.365181499999998,12.858719,217,12.858719,0.6167763157894737,0.8305921052631579,0.537828947368421,1.1315789473684208,14.550655710526314,102.5821227592105,0.3018035378987487,0.17920743478136036,1.45162495,0.20175541031133926,marge superieure a la mediane du secteur ; momentum (+36%) superieur au secteur (+18%) ; PEG bas (0.83) : croissance qui justifie plus que le P/E actuel,True
8035.T,2026-10-01,53920.0,Technology,Semiconductor Equipment & Materials,Tokyo Electron Limited,9.878438,2.6223752,1251.21,0.30929002,0.23645,,28075544805376.0,1.58,1.1611447504243757,,JPY,18357360.0,Japan,8460.0,15369.565,20400.0,buy,23.0,297172500480.0,409607995392.0,0.0,1.392,0.28866,JPY,-140015333333.33334,-236783666666.66663,23.94834,46.3589915,38,46.3589915,0.82174688057041,0.8360071301247772,0.6764705882352942,1.2007575757575757,55.66591024810606,69649.74356153278,0.2917237307405931,0.1641558441558441,3.1951222,-0.7149561387240355,P/E de 9.9 nettement sous la mediane de l'industrie (46.4) ; ROE (31%) dans le haut du secteur ; marge superieure a la mediane du secteur,True
BRC,2026-09-03,89.80000305175781,Industrials,Security & Protection Services,Brady Corporation,20.409092,3.1529791,4.4,0.16695999,0.12927,6.586,,1.67,0.1758278569722193,,USD,265773.0,United States,109.0,110.0,111.0,strong_buy,2.0,145758368.0,175491008.0,88509000.0,1.308,0.17716,USD,-66019666.66666666,-45335333.333333336,21.7069655,21.487776,14,21.487776,0.622093023255814,0.7136627906976745,0.08139534883720931,1.2191133720930232,26.196035058139532,115.26255425581395,0.28354733116635145,0.10953809448673595,2.36698915,0.22494427908426196,dette plus faible que la mediane du secteur ; momentum (+18%) superieur au secteur (+11%),True
2357.TW,2026-10-06,985.0,Technology,Computer Hardware,ASUSTeK Computer Inc.,14.517318,2.4277468,67.85,0.18573,0.05844,31.13,731618869248.0,0.52,0.466772506399711,,TWD,3668809.0,Taiwan,700.0,1050.8334,1320.0,buy,12.0,-75758706688.0,91966226432.0,102723461120.0,0.539,0.081379995,TWD,0.0,-16340726000.0,23.94834,18.455048,69,18.455048,0.6114081996434938,0.28342245989304815,0.5133689839572193,0.998217468805704,18.42215130124777,1249.942965789661,0.2689776302433107,0.1641558441558441,3.1951222,0.06683593908629448,P/E de 14.5 nettement sous la mediane de l'industrie (18.5) ; momentum (+47%) superieur au secteur (+16%) ; PEG bas (0.52) : croissance qui justifie plus que le P/E actuel,True
UFCS,2026-09-30,52.87749862670898,Financial Services,Insurance - Property & Casualty,"United Fire Group, Inc.",9.810297,1.390708,5.39,0.15465,0.095699996,14.974,1359239424.0,1.41,0.786945906331378,,USD,151261.0,United States,57.0,58.5,60.0,none,2.0,255639504.0,139444992.0,146350000.0,0.256,0.11761,USD,-641500.0,-16227333.333333334,13.365181499999998,11.82563,45,11.82563,0.6052631578947368,0.13486842105263158,0.13486842105263158,1.0526315789473684,12.448031578947369,67.09489021052632,0.26887413272298755,0.17920743478136036,1.45162495,0.1063306986773962,P/E de 9.8 nettement sous la mediane de l'industrie (11.8) ; dette plus faible que la mediane du secteur ; momentum (+79%) superieur au secteur (+18%),True
TILE,2026-09-03,36.41999816894531,Consumer Cyclical,"Furnishings, Fixtures & Appliances","Interface, Inc.",14.744938,3.1032717,2.47,0.23225,0.10103,42.809,2105092608.0,1.02,0.3141295866219347,,USD,514453.0,United States,41.0,45.25,50.0,strong_buy,4.0,103601872.0,81528000.0,290400992.0,1.178,0.18611,USD,-6058333.333333333,-2740000.0,16.324873,15.469387,29,15.469387,0.7410526315789474,0.6863157894736842,0.37894736842105264,1.1973684210526314,18.5225554868421,45.75071205249999,0.2561975385136295,0.0036748849442611,1.7673017,0.24244926619968576,"momentum (+31%) superieur au secteur (+0%) ; cible analystes (4 analystes, moyenne 45.25) +24% au-dessus du prix actuel",True
