ticker,price,pe,pb,roe,market_cap,sector,name,mom_12_2,error,market,gics_sector,value_pct,momentum_pct,score
MT.AS,63.459999084472656,30.805826,0.99608237,0.03284,47851487232.0,Basic Materials,ARCELORMITTAL SA,1.1634162399878032,,Euronext 100,"n/a (Amsterdam, Paris)",0.9837067209775967,0.9735234215885947,0.9786150712830957
GM,86.94000244140625,39.880733,1.2297726,0.03164,78633017344.0,Consumer Cyclical,General Motors Company,0.5305167514992997,,S&P 500,Consumer Discretionary,0.9511201629327902,0.8839103869653768,0.9175152749490836
ENI.MI,23.270000457763672,12.119792,1.4742777,0.10901,67309441024.0,Energy,ENI,0.6649677208235616,,Euronext 100,n/a (Milan),0.9063136456211812,0.924643584521385,0.915478615071283
NN.AS,80.76000213623047,19.366907,1.0053405,0.05593,21000699904.0,Financial Services,NN GROUP,0.4345726444310405,,Euronext 100,n/a (Amsterdam),0.9796334012219959,0.8492871690427699,0.9144602851323829
BIRG.IR,18.799999237060547,13.925925,1.361924,0.10549,17728399360.0,Financial Services,BANK OF IRELAND GROUP PLC,0.49698700502135584,,Euronext 100,n/a (Dublin),0.9287169042769857,0.8757637474541752,0.9022403258655805
CFG,72.43000030517578,16.024336,1.271795,0.08270001,30505836544.0,Financial Services,"Citizens Financial Group, Inc.",0.41173387189210997,,S&P 500,Financials,0.9490835030549898,0.8289205702647657,0.8890020366598778
CA.PA,15.795000076293945,12.150001,1.0099105,0.08428001,11154958336.0,Consumer Defensive,CARREFOUR,0.384211134986163,,Euronext 100,n/a (Paris),0.9755600814663952,0.8004073319755601,0.8879837067209777
DD,144.0500030517578,63.179825,1.4017283,0.01792,19449546752.0,Basic Materials,"DuPont de Nemours, Inc.",0.4375570199778469,,S&P 500,Materials,0.9226069246435845,0.8533604887983707,0.8879837067209776
C,133.82000732421875,14.83592,1.1662891,0.08529,224469696512.0,Financial Services,"Citigroup, Inc.",0.3934740306888038,,S&P 500,Financials,0.955193482688391,0.8167006109979633,0.8859470468431772
A5G.IR,10.885000228881836,11.338542,1.6161841,0.15133001,22794278912.0,Financial Services,AIB GROUP PLC,0.5552733901972544,,Euronext 100,n/a (Dublin),0.8676171079429735,0.8961303462321792,0.8818737270875764
CVS,96.22000122070312,26.146738,1.5428525,0.06205,123062534144.0,Healthcare,CVS Health Corporation,0.4729267101117405,,S&P 500,Health Care,0.8879837067209776,0.869653767820774,0.8788187372708758
BIIB,206.27999877929688,36.770054,1.6164877,0.04575,30478694400.0,Healthcare,Biogen Inc.,0.534941726475072,,S&P 500,Health Care,0.8655804480651731,0.8859470468431772,0.8757637474541751
ACA.PA,19.399999618530273,9.60396,0.74181706,0.08612,58694410240.0,Financial Services,CREDIT AGRICOLE,0.3185927079278916,,Euronext 100,n/a (Paris),0.9938900203665988,0.7535641547861507,0.8737270875763747
FANG,189.6300048828125,35.444862,1.4038037,0.034930002,53345443840.0,Energy,"Diamondback Energy, Inc.",0.38948730801029385,,S&P 500,Energy,0.9205702647657841,0.8085539714867617,0.8645621181262728
BEN,34.0,23.776224,1.470016,0.07887,17274613760.0,Financial Services,"Franklin Resources, Inc.",0.3898723509666493,,S&P 500,Financials,0.9083503054989817,0.8105906313645621,0.8594704684317719
INGA.AS,30.549999237060547,13.225108,1.7387593,0.17124,87321346048.0,Financial Services,ING GROEP N.V.,0.5510342899938325,,Euronext 100,n/a (Amsterdam),0.824847250509165,0.8920570264765784,0.8584521384928716
EDPR.LS,13.199999809265137,62.857143,1.3481768,0.038340002,13988026368.0,Utilities,"EDP RENEWABLES, SA",0.3510614715449678,,Euronext 100,n/a (Lisbon),0.9307535641547862,0.7759674134419552,0.8533604887983707
EN.PA,48.709999084472656,14.896025,1.4991843,0.09711,18799980544.0,Industrials,BOUYGUES,0.3872208007459783,,Euronext 100,n/a (Paris),0.8961303462321792,0.8065173116089613,0.8513238289205702
HAVAS.AS,19.299999237060547,9.796954,1.0270327,0.12168,1886376064.0,Communication Services,HAVAS,0.30049458830508,,Euronext 100,n/a (Paris),0.9735234215885947,0.7209775967413442,0.8472505091649695
EIX,67.2300033569336,7.054565,1.4828295,0.19734,25871044608.0,Utilities,Edison International,0.37918046581700837,,S&P 500,Utilities,0.90020366598778,0.7942973523421588,0.8472505091649694
DVN,43.11000061035156,11.714674,0.9675899,0.11522,47421001728.0,Energy,Devon Energy Corporation,0.2826073970317118,,S&P 500,Energy,0.9877800407331976,0.6945010183299389,0.8411405295315683
ENGI.PA,26.469999313354492,16.239264,1.9731643,0.12218001,67258531840.0,Utilities,ENGIE,0.6098456520077131,,Euronext 100,n/a (Paris),0.7678207739307535,0.9042769857433809,0.8360488798370672
APA,36.529998779296875,8.081859,2.116209,0.26217,12912267264.0,Energy,APA Corporation,0.6632909948355459,,S&P 500,Energy,0.7331975560081466,0.9226069246435845,0.8279022403258656
AKRBP.OL,330.29998779296875,15.441795,1.8738217,0.12066,208663134208.0,Energy,AKER BP,0.43467328412343753,,Euronext 100,n/a (Oslo),0.7942973523421588,0.8513238289205702,0.8228105906313645
STT,184.9199981689453,16.495985,2.1253216,0.12437,50797850624.0,Financial Services,State Street Corporation,0.643055810907496,,S&P 500,Financials,0.7270875763747454,0.9164969450101833,0.8217922606924644
BG,109.0,22.99578,1.3125888,0.071779996,20940984320.0,Consumer Defensive,Bunge Limited,0.28558772715118685,,S&P 500,Consumer Staples,0.9389002036659878,0.6985743380855397,0.8187372708757638
USB,63.810001373291016,12.813253,1.6398963,0.12623,99398860800.0,Financial Services,U.S. Bancorp,0.34183080529704024,,S&P 500,Financials,0.8574338085539714,0.7718940936863544,0.814663951120163
NHY.OL,89.83999633789062,18.076458,1.7221285,0.09432,176715284480.0,Basic Materials,NORSK HYDRO,0.3680680108790717,,Euronext 100,n/a (Oslo),0.8391038696537678,0.7820773930753564,0.8105906313645621
PFG,115.41000366210938,16.370213,2.039983,0.12949,24709816320.0,Financial Services,Principal Financial Group Inc,0.4641452614550372,,S&P 500,Financials,0.7494908350305499,0.8635437881873728,0.8065173116089613
EQNR.OL,373.0,10.596422,2.2073224,0.21270001,886499180544.0,Energy,EQUINOR,0.6212871913106093,,Euronext 100,n/a (Oslo),0.6985743380855397,0.9124236252545825,0.8054989816700611
MTB,250.13999938964844,13.333689,1.42104,0.10742,36253540352.0,Financial Services,M&T Bank Corporation,0.2576081428822201,,S&P 500,Financials,0.9164969450101833,0.6843177189409368,0.80040733197556
FDX,315.8699951171875,16.748144,2.3954406,0.14846,74728898560.0,Industrials,FedEx Corporation,0.6831046280651474,,S&P 500,Industrials,0.659877800407332,0.9307535641547862,0.7953156822810591
ADM,77.51000213623047,21.177595,1.5848447,0.07642,37356449792.0,Consumer Defensive,Archer-Daniels-Midland Company,0.29424545862101215,,S&P 500,Consumer Staples,0.8778004073319756,0.7087576374745418,0.7932790224032586
SWK,101.04000091552734,25.26,1.7496104,0.06886,15258721280.0,Industrials,"Stanley Black & Decker, Inc.",0.331155042727719,,S&P 500,Industrials,0.8207739307535642,0.7657841140529531,0.7932790224032586
ORA.PA,16.174999237060547,10.929053,1.4460039,0.14163,42989498368.0,Communication Services,ORANGE,0.24911008951513836,,Euronext 100,n/a (Paris),0.9124236252545825,0.6720977596741344,0.7922606924643585
HST,23.3799991607666,17.065693,2.3455055,0.1487,16220255232.0,Real Estate,"Host Hotels & Resorts, Inc.",0.5803646423173958,,S&P 500,Real Estate,0.6822810590631365,0.90020366598778,0.7912423625254583
HPE,52.43000030517578,49.933334,2.743159,0.06315,69427994624.0,Technology,Hewlett Packard Enterprise Comp,1.1664928645668704,,S&P 500,Information Technology,0.6028513238289206,0.9755600814663951,0.7892057026476578
AGN.AS,8.244000434875488,13.74,1.6554217,0.10421,12189710336.0,Financial Services,AEGON,0.2992572509108762,,Euronext 100,n/a (Amsterdam),0.8513238289205702,0.7189409368635438,0.785132382892057
ASRNL.AS,70.55999755859375,32.666664,1.4275309,0.05647,14579605504.0,Financial Services,ASR NEDERLAND,0.23505907666190184,,Euronext 100,n/a (Amsterdam),0.9144602851323829,0.6537678207739308,0.7841140529531568
FITB,56.959999084472656,19.37415,1.6016196,0.08447,51638394880.0,Financial Services,Fifth Third Bancorp,0.2763127541604302,,S&P 500,Financials,0.8716904276985743,0.6924643584521385,0.7820773930753564
ISP.MI,6.839000225067139,12.212501,1.7226701,0.14273,119890329600.0,Financial Services,INTESA SANPAOLO,0.3013199405009026,,Euronext 100,n/a (Milan),0.8370672097759674,0.7230142566191446,0.7800407331975561
L,115.9800033569336,14.213236,1.2759356,0.09313,23709526016.0,Financial Services,Loews Corporation,0.20053481276776464,,S&P 500,Financials,0.9470468431771895,0.5987780040733197,0.7729124236252546
PNC,252.75999450683594,14.065665,1.577443,0.12623,100851236864.0,Financial Services,"PNC Financial Services Group, I",0.2441776094103416,,S&P 500,Financials,0.879837067209776,0.6639511201629328,0.7718940936863543
BAC,63.0,14.583333,1.6013421,0.111990005,440543150080.0,Financial Services,Bank of America Corporation,0.24752631395390456,,S&P 500,Financials,0.8737270875763747,0.670061099796334,0.7718940936863543
KEY,22.65999984741211,13.488095,1.4043133,0.1033,24292313088.0,Financial Services,KeyCorp,0.21619066102709605,,S&P 500,Financials,0.9185336048879837,0.6211812627291242,0.769857433808554
G.MI,44.790000915527344,16.650558,2.1004503,0.13688,67004854272.0,Financial Services,GENERALI,0.37710897414310107,,Euronext 100,n/a (Milan),0.7413441955193483,0.7922606924643585,0.7668024439918534
NUE,272.0,21.935484,2.807481,0.14548999,61945536512.0,Basic Materials,Nucor Corporation,0.7530951223186602,,S&P 500,Materials,0.5906313645621182,0.9429735234215886,0.7668024439918534
EDP.LS,4.474999904632568,16.574074,1.6068221,0.08862001,18499299328.0,Utilities,"EDP, SA",0.2355105649662672,,Euronext 100,n/a (Lisbon),0.869653767820774,0.6558044806517311,0.7627291242362526
DOC,21.100000381469727,62.058823,1.854456,0.03039,14958787584.0,Real Estate,"Healthpeak Properties, Inc.",0.2944804330012458,,S&P 500,Real Estate,0.80040733197556,0.7107942973523421,0.755600814663951
CB,354.0299987792969,12.50106,1.8113585,0.14822,136584724480.0,Financial Services,Chubb Limited,0.28262840619349605,,S&P 500,Financials,0.8065173116089613,0.6965376782077393,0.7515274949083504
HAL,32.5099983215332,16.671793,2.462692,0.14917,27158779904.0,Energy,Halliburton Company,0.4517482243690696,,S&P 500,Energy,0.6395112016293278,0.8574338085539714,0.7484725050916496
RVTY,114.23999786376953,55.188408,1.7641335,0.03211,12744588288.0,Healthcare,"Revvity, Inc.",0.2521485215393826,,S&P 500,Health Care,0.814663951120163,0.6802443991853361,0.7474541751527495
IFF,84.55000305175781,,1.5281318,0.01828,21585909760.0,Basic Materials,International Flavors & Fragran,0.20184558423611887,,S&P 500,Materials,0.8920570264765784,0.6028513238289206,0.7474541751527495
PCG,17.0,12.408759,1.1583538,0.09318,37440237568.0,Utilities,Pacific Gas & Electric Co.,0.1494918784504704,,S&P 500,Utilities,0.9572301425661914,0.5315682281059063,0.7443991853360489
DSFIR.AS,94.27999877929688,67.34286,1.3232838,0.01874,23260555264.0,Basic Materials,DSM FIRMENICH AG,0.1618175741346124,,Euronext 100,n/a (Amsterdam),0.9348268839103869,0.5519348268839104,0.7433808553971486
BNY,158.82000732421875,18.51049,2.7000563,0.14124,107760033792.0,Financial Services,The Bank of New York Mellon Cor,0.506191778872475,,S&P 500,Financials,0.6089613034623218,0.8778004073319755,0.7433808553971486
PRU,121.5,10.896861,1.3197771,0.12011,41917501440.0,Financial Services,"Prudential Financial, Inc.",0.1588526965267234,,S&P 500,Financials,0.9368635437881874,0.5478615071283096,0.7423625254582484
KBC.BR,127.3499984741211,14.621125,1.9677373,0.13389,50517442560.0,Financial Services,KBC,0.2968218107599192,,Euronext 100,n/a (Brussels),0.769857433808554,0.714867617107943,0.7423625254582484
TFC,52.59000015258789,12.145496,1.0947584,0.09059,64245325824.0,Financial Services,Truist Financial Corporation,0.143319040946158,,S&P 500,Financials,0.9674134419551935,0.5173116089613035,0.7423625254582484
FGR.PA,123.80000305175781,11.570094,1.5692737,0.17296,12132400128.0,Industrials,EIFFAGE,0.190749982825676,,Euronext 100,n/a (Paris),0.8839103869653768,0.5865580448065173,0.7352342158859471
EG,370.3500061035156,7.8864994,0.92887527,0.12572,14200232960.0,Financial Services,"Everest Group, Ltd.",0.1078116410270682,,S&P 500,Financials,0.9918533604887984,0.4786150712830957,0.7352342158859471
TRV,386.0,10.27689,2.4310672,0.26511,80509960192.0,Financial Services,"The Travelers Companies, Inc.",0.40074317894324807,,S&P 500,Financials,0.645621181262729,0.8207739307535642,0.7331975560081466
RF,31.389999389648438,12.971074,1.5325651,0.118669994,26787581952.0,Financial Services,Regions Financial Corporation,0.17522716244305547,,S&P 500,Financials,0.890020366598778,0.5723014256619144,0.7311608961303462
KIM,24.43000030517578,28.741177,1.595064,0.05806,16387384320.0,Real Estate,Kimco Realty Corporation (HC),0.1861518079129305,,S&P 500,Real Estate,0.8757637474541752,0.5824847250509165,0.7291242362525459
XOM,154.83999633789062,25.50906,2.4546607,0.12584,641803616256.0,Energy,ExxonMobil Holdings Corporation,0.3904634197410579,,S&P 500,Energy,0.6415478615071284,0.8126272912423625,0.7270875763747455
DNB.OL,307.70001220703125,11.164732,1.7460237,0.1507,439850532864.0,Financial Services,DNB BANK ASA,0.22369273781390353,,Euronext 100,n/a (Oslo),0.8228105906313645,0.6313645621181263,0.7270875763747454
DAL,91.9800033569336,15.458824,2.757773,0.20125,60488167424.0,Industrials,"Delta Air Lines, Inc.",0.4308288216801053,,S&P 500,Industrials,0.5967413441955194,0.8472505091649695,0.7219959266802445
IPN.PA,163.3000030517578,26.42395,2.857643,0.114429995,13496857600.0,Healthcare,IPSEN,0.4566825274839075,,Euronext 100,n/a (Paris),0.5743380855397149,0.8615071283095723,0.7179226069246436
OXY,56.040000915527344,15.875355,1.812595,0.04053,56019681280.0,Energy,Occidental Petroleum Corporatio,0.2234866990856741,,S&P 500,Energy,0.8044806517311609,0.6293279022403259,0.7169042769857434
CINF,179.0399932861328,8.397748,1.6474506,0.21484,27478708224.0,Financial Services,Cincinnati Financial Corporatio,0.1826830563635442,,S&P 500,Financials,0.8533604887983707,0.5763747454175153,0.714867617107943
NTRS,184.13999938964844,15.846816,2.8155103,0.17066,33689452544.0,Financial Services,Northern Trust Corporation,0.4192982416517297,,S&P 500,Financials,0.5885947046843177,0.8391038696537678,0.7138492871690427
ES,72.05999755859375,15.530172,1.6389192,0.09016,27100325888.0,Utilities,Eversource Energy (D/B/A),0.1685375292260658,,S&P 500,Utilities,0.8594704684317719,0.5641547861507128,0.7118126272912424
VLO,302.989990234375,12.608822,3.7690947,0.27637,87239139328.0,Energy,Valero Energy Corporation,1.1020600711777626,,S&P 500,Energy,0.45621181262729127,0.9674134419551935,0.7118126272912424
O,62.36000061035156,51.114754,1.4853985,0.02831,59005157376.0,Real Estate,Realty Income Corporation,0.14654880198511622,,S&P 500,Real Estate,0.8981670061099796,0.5234215885947047,0.7107942973523421
PST.MI,27.420000076293945,14.821622,2.600038,0.18174,35464744960.0,Industrials,POSTE ITALIANE,0.37580605258676214,,Euronext 100,n/a (Milan),0.6191446028513239,0.790224032586558,0.704684317718941
STLD,261.4800109863281,24.144045,3.9865224,0.17568001,37477433344.0,Basic Materials,"Steel Dynamics, Inc.",0.9421426584063026,,S&P 500,Materials,0.4460285132382892,0.955193482688391,0.7006109979633401
ALL,275.1099853515625,5.2997494,2.397431,0.45221,69563744256.0,Financial Services,Allstate Corporation (The),0.31763642689701843,,S&P 500,Financials,0.6558044806517311,0.745417515274949,0.7006109979633401
ELV,391.3999938964844,17.30327,1.8909491,0.11133,84882644992.0,Healthcare,"Elevance Health, Inc.",0.20425245805170533,,S&P 500,Health Care,0.7881873727087576,0.6069246435845214,0.6975560081466394
REGN,772.1099853515625,19.012804,2.442528,0.14043,79492579328.0,Healthcare,"Regeneron Pharmaceuticals, Inc.",0.3184890020834248,,S&P 500,Health Care,0.6435845213849287,0.7494908350305499,0.6965376782077393
SLB,51.540000915527344,24.311323,2.8064253,0.12909001,76492742656.0,Energy,SLB Limited,0.38285989222396943,,S&P 500,Energy,0.5926680244399185,0.7983706720977597,0.6955193482688391
ED,108.94999694824219,18.280201,1.5664088,0.08732,40151310336.0,Utilities,"Consolidated Edison, Inc.",0.13555329620527856,,S&P 500,Utilities,0.8859470468431772,0.505091649694501,0.6955193482688391
GS,1032.5799560546875,15.937335,2.8177845,0.16902,300657737728.0,Financial Services,"Goldman Sachs Group, Inc. (The)",0.3865801755827287,,S&P 500,Financials,0.5865580448065173,0.8044806517311609,0.6955193482688391
AIZ,296.3999938964844,14.430379,2.4070554,0.18341999,14685919232.0,Financial Services,"Assurant, Inc.",0.3145349360169001,,S&P 500,Financials,0.6496945010183299,0.7393075356415478,0.6945010183299389
PNW,100.81999969482422,19.500967,1.7285898,0.09365,12219105280.0,Utilities,Pinnacle West Capital Corporati,0.16332640564951362,,S&P 500,Utilities,0.8329938900203666,0.5560081466395111,0.6945010183299389
PLD,139.13999938964844,31.337837,2.416548,0.07749,134943727616.0,Real Estate,"Prologis, Inc.",0.31213576200086446,,S&P 500,Real Estate,0.6476578411405296,0.7352342158859471,0.6914460285132383
EVRG,83.0199966430664,22.079786,1.8842058,0.08866999,19141685248.0,Utilities,"Evergy, Inc.",0.19552518376594352,,S&P 500,Utilities,0.790224032586558,0.5926680244399185,0.6914460285132382
ACGL,99.29000091552734,7.7509756,1.4533505,0.19936001,33857890304.0,Financial Services,Arch Capital Group Ltd.,0.09832841822385885,,S&P 500,Financials,0.9103869653767821,0.46435845213849286,0.6873727087576375
MS,213.75,17.636139,3.1526082,0.17969999,336014999552.0,Financial Services,Morgan Stanley,0.43002462862624125,,S&P 500,Financials,0.5274949083503055,0.845213849287169,0.6863543788187373
CF,116.7300033569336,8.659496,3.3566253,0.273,17696268288.0,Basic Materials,"CF Industries Holdings, Inc.",0.46745838994663935,,S&P 500,Materials,0.5071283095723014,0.8655804480651731,0.6863543788187372
COP,116.76000213623047,19.492489,2.2039752,0.112840004,140268158976.0,Energy,ConocoPhillips,0.24739713442875977,,S&P 500,Energy,0.7006109979633401,0.6680244399185336,0.6843177189409368
BRK-B,524.6099853515625,15.456984,0.001037682,0.10499,1131506958336.0,Financial Services,Berkshire Hathaway Inc. New,0.017018564101201283,,S&P 500,Financials,0.9979633401221996,0.3604887983706721,0.6792260692464358
TSN,58.540000915527344,35.914112,1.1391321,0.03263,20594460672.0,Consumer Defensive,"Tyson Foods, Inc.",0.046903033833787244,,S&P 500,Consumer Staples,0.9613034623217923,0.39307535641547864,0.6771894093686355
D,66.80000305175781,23.604242,2.1046,0.08281,58752335872.0,Utilities,"Dominion Energy, Inc.",0.20575760644696794,,S&P 500,Utilities,0.7372708757637474,0.6089613034623218,0.6731160896130346
ON,78.33000183105469,50.21154,4.224236,0.08312,18615056384.0,Technology,ON Semiconductor Corporation,0.6456947037555651,,S&P 500,Information Technology,0.4236252545824847,0.9185336048879837,0.6710794297352343
CS.PA,45.22999954223633,12.191375,2.04744,0.14881,92015296512.0,Financial Services,AXA,0.19710195823437293,,Euronext 100,n/a (Paris),0.7454175152749491,0.594704684317719,0.6700610997963341
AKAM,118.55000305175781,41.30662,3.5150921,0.091680005,17235445760.0,Technology,"Akamai Technologies, Inc.",0.4555794806400131,,S&P 500,Information Technology,0.4806517311608961,0.8594704684317719,0.670061099796334
VTR,92.26000213623047,170.85185,3.2305052,0.02012,47324434432.0,Real Estate,"Ventas, Inc.",0.4087221045210321,,S&P 500,Real Estate,0.5132382892057026,0.8268839103869654,0.670061099796334
KMI,31.280000686645508,20.051283,2.200183,0.109910004,69592555520.0,Energy,"Kinder Morgan, Inc.",0.22919439925604235,,S&P 500,Energy,0.7026476578411405,0.6374745417515275,0.670061099796334
KDP,30.3700008392334,22.664179,1.6356096,0.06312,41326796800.0,Consumer Defensive,Keurig Dr Pepper Inc.,0.1057957715985185,,S&P 500,Consumer Staples,0.8615071283095723,0.4725050916496945,0.6670061099796334
TGT,147.0800018310547,19.480795,4.074464,0.22015,66802429952.0,Consumer Defensive,Target Corporation,0.5544463503010384,,S&P 500,Consumer Staples,0.439918533604888,0.8940936863543788,0.6670061099796334
AFL,126.66000366210938,14.344281,2.158266,0.16469,64468029440.0,Financial Services,AFLAC Incorporated,0.21180032177249886,,S&P 500,Financials,0.714867617107943,0.615071283095723,0.6649694501018331
EOG,136.1999969482422,10.452801,2.3568907,0.22507,72544002048.0,Energy,"EOG Resources, Inc.",0.23264569090023035,,S&P 500,Energy,0.680244399185336,0.6476578411405295,0.6639511201629327
EQT,51.599998474121094,11.8894005,1.2778286,0.11078,32276625408.0,Energy,EQT Corporation,0.03683634923030432,,S&P 500,Energy,0.945010183299389,0.38085539714867617,0.6629327902240326
LUV,46.939998626708984,30.48052,3.2426083,0.11099,22963431424.0,Industrials,Southwest Airlines Company,0.39254991649035276,,S&P 500,Industrials,0.5112016293279023,0.814663951120163,0.6629327902240326
EXC,45.31999969482422,16.847584,1.5752519,0.09711,46691106816.0,Utilities,Exelon Corporation,0.07724925541033212,,S&P 500,Utilities,0.8818737270875764,0.439918533604888,0.6608961303462322
SRE,84.3499984741211,28.788395,1.709393,0.05689,55140216832.0,Utilities,DBA Sempra,0.10359459496208445,,S&P 500,Utilities,0.8431771894093687,0.4684317718940937,0.6558044806517311
PUB.PA,99.94000244140625,15.566978,2.3725755,0.16179001,24957124608.0,Communication Services,PUBLICIS GROUPE SA,0.22804808570437807,,Euronext 100,n/a (Paris),0.6720977596741344,0.6354378818737271,0.6537678207739308
MPC,299.25,10.318966,5.233748,0.42099,87362035712.0,Energy,Marathon Petroleum Corporation,0.7855285274044423,,S&P 500,Energy,0.3584521384928717,0.9490835030549898,0.6537678207739308
BKR,62.75,19.857594,3.1278038,0.16463,62290296832.0,Energy,Baker Hughes Company,0.348252566039722,,S&P 500,Energy,0.5315682281059063,0.7739307535641547,0.6527494908350305
AEP,125.26000213623047,21.936953,2.1256087,0.10130999,68191215616.0,Utilities,American Electric Power Company,0.17834804268295557,,S&P 500,Utilities,0.725050916496945,0.5743380855397149,0.6496945010183299
WAT,399.70001220703125,100.93435,2.5658476,0.019199999,39244886016.0,Healthcare,Waters Corporation,0.25019884963489125,,S&P 500,Health Care,0.6252545824847251,0.6741344195519349,0.6496945010183299
OKE,87.93000030517578,15.056506,2.4778786,0.16277,55398789120.0,Energy,"ONEOK, Inc.",0.23869354195302095,,S&P 500,Energy,0.6374745417515275,0.659877800407332,0.6486761710794298
VZ,46.9900016784668,12.110825,1.8786983,0.15842,195232890880.0,Communication Services,Verizon Communications Inc.,0.1306250641512674,,S&P 500,Communication Services,0.7922606924643585,0.5010183299389002,0.6466395112016293
INCY,118.37999725341797,15.274838,3.7499998,0.30667,23995359232.0,Healthcare,Incyte Corporation,0.4125989337062337,,S&P 500,Health Care,0.46028513238289204,0.8329938900203666,0.6466395112016293
MET,99.94999694824219,18.612663,2.3631074,0.13014,63748108288.0,Financial Services,"MetLife, Inc.",0.20778542370873887,,S&P 500,Financials,0.6782077393075356,0.6130346232179226,0.645621181262729
HII,321.760009765625,18.9382,2.386802,0.12968001,12678824960.0,Industrials,"Huntington Ingalls Industries, ",0.2198929032799568,,S&P 500,Industrials,0.6639511201629328,0.6252545824847251,0.6446028513238289
HUM,367.239990234375,34.353603,2.3730567,0.06893,44098289664.0,Healthcare,Humana Inc.,0.21553809616777597,,S&P 500,Health Care,0.670061099796334,0.6191446028513238,0.6446028513238289
ENEL.MI,9.932999610900879,26.139473,2.9775178,0.122559994,98567774208.0,Utilities,ENEL,0.30748702994630017,,Euronext 100,n/a (Milan),0.5539714867617108,0.7311608961303462,0.6425661914460286
COHR,334.2200012207031,156.17757,6.1211333,0.04718,65386577920.0,Technology,Coherent Corp.,1.9058252581108381,,S&P 500,Information Technology,0.30346232179226074,0.9796334012219959,0.6415478615071284
AIG,79.97000122070312,14.104056,1.054735,0.07723,42400591872.0,Financial Services,"American International Group, I",-0.010626247567303793,,S&P 500,Financials,0.9714867617107943,0.31160896130346233,0.6415478615071283
WAB,295.2300109863281,39.842106,4.520372,0.11553001,49867550720.0,Industrials,Westinghouse Air Brake Technolo,0.5086188134068566,,S&P 500,Industrials,0.4012219959266803,0.879837067209776,0.6405295315682281
WFC,87.58999633789062,12.9571,1.6466142,0.12575,264872083456.0,Financial Services,Wells Fargo & Company,0.06876280932313583,,S&P 500,Financials,0.8553971486761711,0.42362525458248473,0.639511201629328
WELL,236.0,106.306305,3.7975092,0.03836,170054991872.0,Real Estate,Welltower Inc.,0.40834827302428045,,S&P 500,Real Estate,0.4521384928716904,0.824847250509165,0.6384928716904277
PCAR,132.05999755859375,28.097874,3.4206233,0.12755999,69511757824.0,Industrials,PACCAR Inc.,0.35619032764960257,,S&P 500,Industrials,0.4969450101832994,0.7780040733197556,0.6374745417515275
REG,76.95999908447266,26.629757,2.11446,0.081870005,14388343808.0,Real Estate,Regency Centers Corporation,0.15280509961946964,,S&P 500,Real Estate,0.7352342158859471,0.5376782077393075,0.6364562118126273
HBAN,17.360000610351562,13.562501,1.1792678,0.09002,35074404352.0,Financial Services,Huntington Bancshares Incorpora,-0.007354066169595663,,S&P 500,Financials,0.9531568228105907,0.319755600814664,0.6364562118126273
EXE,91.95999908447266,7.8330493,1.1102928,0.14893,21999484928.0,Energy,Expand Energy Corporation,-0.012448341577954491,,S&P 500,Energy,0.9633401221995926,0.3095723014256619,0.6364562118126272
PRY.MI,125.30000305175781,25.99585,5.2037044,0.22361,36618256384.0,Industrials,PRYSMIAN,0.620662334985111,,Euronext 100,n/a (Milan),0.36048879837067205,0.9103869653767821,0.6354378818737271
UNH,403.9700012207031,31.05073,3.5019114,0.14152999,366863089664.0,Healthcare,UnitedHealth Group Incorporated,0.3731513124464365,,S&P 500,Health Care,0.48268839103869654,0.7881873727087576,0.6354378818737271
PFE,26.200000762939453,34.025974,1.7529774,0.05014,149331460096.0,Healthcare,"Pfizer, Inc.",0.08093731047449082,,S&P 500,Health Care,0.8187372708757638,0.4480651731160896,0.6334012219959266
COO,73.31999969482422,63.206898,1.7344815,0.02853,14299644928.0,Healthcare,"The Cooper Companies, Inc.",0.07299700382137564,,S&P 500,Health Care,0.8289205702647657,0.43584521384928715,0.6323828920570265
IEX,233.7100067138672,34.118248,4.315018,0.12955,17229076480.0,Industrials,IDEX Corporation,0.42173673852431226,,S&P 500,Industrials,0.4134419551934827,0.8411405295315683,0.6272912423625254
GPN,87.69000244140625,41.559246,1.0076414,0.02428,23204386816.0,Industrials,Global Payments Inc.,-0.0409317792655669,,S&P 500,Financials,0.9775967413441955,0.27494908350305497,0.6262729124236253
XEL,76.97000122070312,21.145603,2.0180385,0.0992,48078102528.0,Utilities,Xcel Energy Inc.,0.1135682447222508,,S&P 500,Utilities,0.7576374745417516,0.48879837067209775,0.6232179226069247
ETR,106.48999786376953,27.305126,2.846413,0.10248999,49691586560.0,Utilities,Entergy Corporation,0.24470223879240494,,S&P 500,Utilities,0.5804480651731161,0.6659877800407332,0.6232179226069247
BDX,177.07000732421875,29.759666,2.0217164,0.06672,48789942272.0,Healthcare,"Becton, Dickinson and Company",0.11844529098396261,,S&P 500,Health Care,0.7556008146639511,0.4908350305498982,0.6232179226069247
FE,47.369998931884766,25.605404,2.119084,0.09491,27400284160.0,Utilities,FirstEnergy Corp.,0.14070648412855746,,S&P 500,Utilities,0.7311608961303462,0.515274949083503,0.6232179226069245
SW,46.93000030517578,51.571426,1.3647996,0.02715,24615860224.0,Consumer Cyclical,Smurfit WestRock plc,-0.00957902695180557,,S&P 500,Materials,0.9266802443991853,0.3136456211812627,0.620162932790224
AMCR,47.060001373291016,38.260162,1.8666456,0.08737001,21757988864.0,Consumer Cyclical,Amcor plc,0.07129551016513136,,S&P 500,Materials,0.7983706720977597,0.4317718940936864,0.615071283095723
FCX,68.18000030517578,34.09,4.7465887,0.14755,95452004352.0,Basic Materials,"Freeport-McMoRan, Inc.",0.42574953093257184,,S&P 500,Materials,0.38696537678207743,0.8431771894093686,0.615071283095723
BALL,63.130001068115234,18.193083,3.000618,0.17151,16808142848.0,Consumer Cyclical,Ball Corporation,0.25091198222665856,,S&P 500,Materials,0.54989816700611,0.6782077393075356,0.6140529531568228
FRT,117.91000366210938,24.615868,3.1966927,0.12550999,10248548352.0,Real Estate,Federal Realty Investment Trust,0.28754182207081236,,S&P 500,Real Estate,0.5193482688391038,0.7026476578411406,0.6109979633401221
DUK,123.9000015258789,18.575712,1.7970586,0.098570004,96605102080.0,Utilities,Duke Energy Corporation (Holdin,0.0507015643605766,,S&P 500,Utilities,0.8085539714867618,0.40529531568228105,0.6069246435845215
DGX,238.5,25.05252,3.4905672,0.14602,26324045824.0,Healthcare,Quest Diagnostics Incorporated,0.3053257877301174,,S&P 500,Health Care,0.4867617107942973,0.7270875763747454,0.6069246435845214
NEM,105.43000030517578,13.162297,3.167969,0.25905,111090778112.0,Basic Materials,Newmont Corporation,0.2729351004781555,,S&P 500,Materials,0.5234215885947047,0.6883910386965377,0.6059063136456212
ADI,377.30999755859375,56.147324,5.4467106,0.09639,183782817792.0,Technology,"Analog Devices, Inc.",0.4816044407432234,,S&P 500,Information Technology,0.340122199592668,0.8716904276985743,0.6059063136456211
JBHT,267.25,38.7881,6.862946,0.18448,25094774784.0,Industrials,"J.B. Hunt Transport Services, I",0.8864253677883802,,S&P 500,Industrials,0.25865580448065173,0.9511201629327902,0.6048879837067209
HIG,144.50999450683594,9.918325,2.033891,0.22061001,39614644224.0,Financial Services,"The Hartford Insurance Group, I",0.09130235607930604,,S&P 500,Financials,0.7535641547861507,0.45621181262729127,0.6048879837067209
FTV,60.869998931884766,32.5508,3.0392451,0.07318,18556891136.0,Technology,Fortive Corporation,0.24262552790313108,,S&P 500,Industrials,0.5437881873727087,0.6619144602851323,0.6028513238289206
HRL,25.09000015258789,29.517647,1.7369332,0.05831,13806630912.0,Consumer Defensive,Hormel Foods Corporation,0.034682225514281795,,S&P 500,Consumer Staples,0.8268839103869654,0.3788187372708758,0.6028513238289206
AEE,108.2699966430664,19.196808,2.1896172,0.11943,29973819392.0,Utilities,Ameren Corporation,0.12981659081500796,,S&P 500,Utilities,0.7046843177189409,0.4989816700610998,0.6018329938900203
TXT,87.88999938964844,16.67742,1.9095728,0.12126,15283101696.0,Industrials,Textron Inc.,0.06458622437572292,,S&P 500,Industrials,0.7820773930753564,0.4195519348268839,0.6008146639511202
JPM,356.29998779296875,15.384283,2.6788063,0.17789,947116638208.0,Financial Services,JP Morgan Chase & Co.,0.18943664696732454,,S&P 500,Financials,0.6109979633401221,0.5845213849287169,0.5977596741344195
CNP,40.66999816894531,24.208332,2.2857304,0.09825,26790152192.0,Utilities,"CenterPoint Energy, Inc (Holdin",0.1334049681870082,,S&P 500,Utilities,0.6904276985743381,0.5030549898167006,0.5967413441955194
ATO,171.97999572753906,20.522673,1.9255012,0.096,29062651904.0,Utilities,Atmos Energy Corporation,0.0577613625663429,,S&P 500,Utilities,0.7800407331975561,0.41140529531568226,0.5957230142566192
FLEX,122.6500015258789,46.99234,8.237072,0.18378,45307277312.0,Technology,Flex Ltd.,1.121409963929696,,S&P 500,Information Technology,0.21588594704684316,0.9714867617107943,0.5936863543788187
RTX,223.25,39.2355,4.5329947,0.12274,300886982656.0,Industrials,RTX Corporation,0.37258065238136107,,S&P 500,Industrials,0.39918533604887985,0.7861507128309573,0.5926680244399185
TDY,687.52001953125,33.117535,2.9189098,0.09154,31852208128.0,Technology,Teledyne Technologies Incorpora,0.21814673456743439,,S&P 500,Information Technology,0.5621181262729125,0.6232179226069247,0.5926680244399185
AES,14.699999809265137,5.5056176,2.3717327,0.095740005,10483418112.0,Utilities,The AES Corporation,0.1381672272436183,,S&P 500,Utilities,0.6741344195519348,0.5091649694501018,0.5916496945010183
SNA,414.67999267578125,21.364244,3.55016,0.17932,21450203136.0,Industrials,Snap-On Incorporated,0.28806468599752844,,S&P 500,Industrials,0.47861507128309577,0.7046843177189409,0.5916496945010183
CTVA,76.86000061035156,47.739132,2.0376997,0.04256,51280687104.0,Basic Materials,"Corteva, Inc.",0.07121402969859192,,S&P 500,Materials,0.7515274949083504,0.42973523421588594,0.5906313645621182
SYF,78.66999816894531,8.127066,1.6841135,0.20786,25596923904.0,Financial Services,Synchrony Financial,0.004994779049178444,,S&P 500,Financials,0.8472505091649695,0.3340122199592668,0.5906313645621182
HSIC,88.2300033569336,26.10355,3.1277254,0.088549994,10050876416.0,Healthcare,"Henry Schein, Inc.",0.23239433376571683,,S&P 500,Health Care,0.5336048879837068,0.6456211812627292,0.589613034623218
CASY,832.4199829101562,44.657726,7.7738137,0.19153,30803628032.0,Consumer Cyclical,"Caseys General Stores, Inc.",0.7674364570281058,,S&P 500,Consumer Staples,0.23014256619144602,0.9470468431771895,0.5885947046843177
NEE,84.5999984741211,19.315067,3.088944,0.11677,176442212352.0,Utilities,"NextEra Energy, Inc.",0.23179163383861234,,S&P 500,Utilities,0.5356415478615071,0.6415478615071283,0.5885947046843176
UAL,129.1199951171875,12.439305,2.5100598,0.23252001,41908441088.0,Industrials,"United Airlines Holdings, Inc.",0.1555238269624255,,S&P 500,Industrials,0.6334012219959266,0.5437881873727087,0.5885947046843176
GOOGL,357.75,18.178354,7.02904,0.48676,4375259381760.0,Communication Services,Alphabet Inc.,0.6774503294551553,,S&P 500,Communication Services,0.24847250509164964,0.9287169042769857,0.5885947046843176
GOOG,356.6199951171875,18.084179,7.0068374,0.48676,4361439412224.0,Communication Services,Alphabet Inc.,0.6750266499594562,,S&P 500,Communication Services,0.2505091649694501,0.9266802443991853,0.5885947046843176
BMY,64.1500015258789,14.037199,5.8718534,0.46598998,131040149504.0,Healthcare,Bristol-Myers Squibb Company,0.4507160488680293,,S&P 500,Health Care,0.3197556008146639,0.8553971486761711,0.5875763747454175
RNO.PA,28.1299991607666,,0.39677835,0.050029997,8140073472.0,Consumer Cyclical,RENAULT,-0.12701523694434314,,Euronext 100,n/a (Paris),0.9959266802443992,0.17718940936863545,0.5865580448065173
SAN.PA,74.86000061035156,23.104939,1.2959405,0.05709,89687425024.0,Healthcare,SANOFI,-0.06931456986224882,,Euronext 100,n/a (Paris),0.9429735234215886,0.22810590631364563,0.5855397148676171
COF,220.0,12.208656,1.3106239,0.09031,134970007552.0,Financial Services,Capital One Financial Corporati,-0.06913243393118296,,S&P 500,Financials,0.9409368635437881,0.23014256619144602,0.5855397148676171
CSX,50.70000076293945,29.823528,6.669297,0.24357,93920477184.0,Industrials,CSX Corporation,0.5659329301970564,,S&P 500,Industrials,0.2729124236252546,0.8981670061099797,0.5855397148676171
MU,881.469970703125,20.203299,9.880289,0.66638,995526180864.0,Technology,"Micron Technology, Inc.",5.926737469822874,,S&P 500,Information Technology,0.1731160896130346,0.9979633401221996,0.5855397148676171
UHS,169.72000122070312,7.007432,1.3475189,0.20948,10274229248.0,Healthcare,"Universal Health Services, Inc.",-0.06839271115760615,,S&P 500,Health Care,0.9327902240325866,0.23421588594704684,0.5835030549898167
HEIA.AS,77.5199966430664,22.93491,2.400743,0.121309996,43056914432.0,Consumer Defensive,HEINEKEN,0.13826084704088593,,Euronext 100,n/a (Amsterdam),0.6537678207739308,0.5112016293279023,0.5824847250509165
ALGN,169.0800018310547,30.301077,2.8561294,0.10155,12011418624.0,Healthcare,"Align Technology, Inc.",0.19160323796733936,,S&P 500,Health Care,0.5763747454175152,0.5885947046843177,0.5824847250509164
DLR,192.55999755859375,243.74683,2.6682186,0.02912,72465948672.0,Real Estate,"Digital Realty Trust, Inc.",0.15701761647860724,,S&P 500,Real Estate,0.615071283095723,0.5458248472505092,0.5804480651731161
NI,43.380001068115234,22.83158,2.1530674,0.085489996,20798074880.0,Utilities,NiSource Inc,0.07925082741070333,,S&P 500,Utilities,0.7169042769857434,0.4439918533604888,0.5804480651731161
GALP.LS,19.790000915527344,12.605096,3.01493,0.24875,15952808960.0,Energy,GALP ENERGIA-NOM,0.20586392089859218,,Euronext 100,n/a (Lisbon),0.5478615071283095,0.6109979633401222,0.5794297352342159
CMI,643.97998046875,33.229103,6.900697,0.21114,88862203904.0,Industrials,Cummins Inc.,0.6089924097769666,,S&P 500,Industrials,0.25458248472505096,0.9022403258655805,0.5784114052953158
MRVL,210.5399932861328,72.35051,10.120169,0.16028,188969009152.0,Technology,"Marvell Technology, Inc.",1.989654781373292,,S&P 500,Information Technology,0.17107942973523427,0.9857433808553971,0.5784114052953158
PPL,34.619998931884766,21.503105,1.7338609,0.08316,26046367744.0,Utilities,PPL Corporation,-0.0039016887532855593,,S&P 500,Utilities,0.8309572301425662,0.3258655804480652,0.5784114052953157
LNT,69.5199966430664,22.210861,2.3868709,0.11135,18025472000.0,Utilities,Alliant Energy Corporation,0.12157813692517805,,S&P 500,Utilities,0.6619144602851323,0.49490835030549896,0.5784114052953157
KRZ.IR,83.0999984741211,21.145037,2.160911,0.106120005,13207133184.0,Consumer Defensive,KERRY GROUP PLC,0.08084495186633833,,Euronext 100,n/a (Dublin),0.7087576374745417,0.4460285132382892,0.5773930753564154
TROW,113.62000274658203,11.546748,2.2653322,0.19399999,24236947456.0,Financial Services,"T. Rowe Price Group, Inc.",0.09269290653199613,,S&P 500,Financials,0.6924643584521385,0.45824847250509165,0.575356415478615
KEYS,336.9599914550781,54.086678,9.088359,0.18174,57584898048.0,Technology,Keysight Technologies Inc.,0.9523955263540202,,S&P 500,Information Technology,0.19348268839103866,0.9572301425661914,0.575356415478615
ASM.AS,844.2000122070312,38.689278,9.297255,0.26798,41350221824.0,Technology,ASM International N.V.,0.958410890950627,,Euronext 100,n/a (Amsterdam),0.185336048879837,0.9592668024439919,0.5723014256619144
AD.AS,33.349998474121094,13.234126,1.9855918,0.15675999,29403361280.0,Consumer Defensive,KONINKLIJKE AHOLD DELHAIZE N.V.,0.0208542366640585,,Euronext 100,n/a (Amsterdam),0.7637474541751528,0.3665987780040733,0.5651731160896131
SOLV,82.95999908447266,10.704516,2.8971539,0.34794998,14121760768.0,Healthcare,Solventum Corporation,0.16896985527844732,,S&P 500,Health Care,0.5641547861507128,0.5661914460285132,0.565173116089613
SNDK,1258.5799560546875,46.08495,13.520325,0.39297,183752671232.0,Technology,Sandisk Corporation,22.152847871010746,,S&P 500,Information Technology,0.12219959266802449,1.0,0.5610997963340123
VICI,26.540000915527344,10.247105,1.0017741,0.09849,29222598656.0,Real Estate,VICI Properties Inc.,-0.16945230521206223,,S&P 500,Real Estate,0.9816700610997964,0.1384928716904277,0.560081466395112
IBKR,86.0199966430664,35.254097,6.52606,0.24018998,146346639360.0,Financial Services,"Interactive Brokers Group, Inc.",0.4184181934952882,,S&P 500,Financials,0.28105906313645623,0.8370672097759674,0.5590631364562118
NDSN,308.9800109863281,33.223656,5.3761835,0.1714,17215731712.0,Industrials,Nordson Corporation,0.34030988516237004,,S&P 500,Industrials,0.34826883910386963,0.769857433808554,0.5590631364562118
AMD,489.2799987792969,123.55556,11.878323,0.10196,798737367040.0,Technology,"Advanced Micro Devices, Inc.",1.9278114714414927,,S&P 500,Information Technology,0.13645621181262724,0.9816700610997964,0.5590631364562118
AKZA.AS,63.380001068115234,17.037634,2.2384686,0.14142999,10863332352.0,Basic Materials,AKZO NOBEL,0.06812094565712656,,Euronext 100,n/a (Amsterdam),0.6945010183299389,0.4215885947046843,0.5580448065173116
DG,127.44999694824219,17.950705,3.179097,0.1891,28113766400.0,Consumer Defensive,Dollar General Corporation,0.19189149804432626,,S&P 500,Consumer Staples,0.5213849287169043,0.5906313645621182,0.5560081466395113
CSCO,120.87999725341797,40.428093,9.747601,0.25229,476440592384.0,Technology,"Cisco Systems, Inc.",0.7135873255970573,,S&P 500,Information Technology,0.17718940936863548,0.9327902240325866,0.5549898167006111
OMC,82.51000213623047,223.0,2.144621,0.060510002,23515863040.0,Communication Services,Omnicom Group Inc.,0.045083071278215314,,S&P 500,Communication Services,0.7189409368635438,0.3910386965376782,0.554989816700611
GLW,157.17999267578125,72.433174,11.338094,0.16813,135117864960.0,Technology,Corning Incorporated,1.0765856757138645,,S&P 500,Information Technology,0.14460285132382888,0.9653767820773931,0.554989816700611
CBOE,289.1700134277344,22.521029,5.374208,0.26297,30198319104.0,Financial Services,"Cboe Global Markets, Inc.",0.32082178063384803,,S&P 500,Financials,0.35030549898167007,0.7576374745417516,0.5539714867617108
CMCSA,25.170000076293945,7.940063,0.9944293,0.114879996,89319186432.0,Communication Services,Comcast Corporation,-0.21095656302041899,,S&P 500,Communication Services,0.9857433808553971,0.12219959266802444,0.5539714867617108
PWR,667.8400268554688,78.10994,10.412873,0.15337,100405338112.0,Industrials,"Quanta Services, Inc.",0.7671929982214976,,S&P 500,Industrials,0.16293279022403262,0.945010183299389,0.5539714867617108
EXR,149.5399932861328,33.08407,2.3830316,0.06953,33003857920.0,Real Estate,Extra Space Storage Inc,0.07909260981176391,,S&P 500,Real Estate,0.6659877800407332,0.4419551934826884,0.5539714867617108
JNJ,256.9800109863281,29.846693,7.283188,0.25742,619295735808.0,Healthcare,Johnson & Johnson,0.47226174751135264,,S&P 500,Health Care,0.23828920570264767,0.8676171079429735,0.5529531568228105
WY,25.450000762939453,39.15385,1.9440838,0.04974,18342731776.0,Real Estate,Weyerhaeuser Company,-0.006345475928488553,,S&P 500,Real Estate,0.7780040733197556,0.32382892057026474,0.5509164969450102
TECH,71.9000015258789,102.71429,5.3966827,0.053400002,11202786304.0,Healthcare,Bio-Techne Corp,0.3256117815136319,,S&P 500,Health Care,0.3421588594704684,0.7596741344195519,0.5509164969450102
PHIA.AS,22.950000762939453,20.13158,1.959696,0.10154,22431961088.0,Healthcare,KON.PHILIPS N.V.,0.0028111123597094334,,Euronext 100,n/a (Amsterdam),0.7718940936863543,0.32790224032586557,0.5498981670061099
CI,275.25,11.184478,1.7254456,0.16758,72732188672.0,Healthcare,The Cigna Group,-0.051975557648934356,,S&P 500,Health Care,0.8350305498981669,0.26272912423625255,0.5488798370672098
AME,251.3800048828125,37.296738,5.2766585,0.14562,57617051648.0,Industrials,"AMETEK, Inc.",0.3161880077359154,,S&P 500,Industrials,0.35437881873727084,0.7433808553971487,0.5488798370672098
PANW,359.489990234375,312.6,10.5632925,0.048309997,292984356864.0,Technology,"Palo Alto Networks, Inc.",0.7417067978736687,,S&P 500,Information Technology,0.1568228105906314,0.9409368635437881,0.5488798370672098
ZBH,97.19000244140625,23.82108,1.4787147,0.06413,18537797632.0,Healthcare,"Zimmer Biomet Holdings, Inc.",-0.10538969661447983,,S&P 500,Health Care,0.9022403258655805,0.1934826883910387,0.5478615071283096
KRX.IR,93.30000305175781,25.353262,3.73873,0.15353,16790855680.0,Industrials,KINGSPAN GROUP PLC,0.2271278948871538,,Euronext 100,n/a (Dublin),0.4623217922606925,0.6334012219959266,0.5478615071283095
DTE,139.97000122070312,22.077288,2.3974035,0.1103,29126086656.0,Utilities,DTE Energy Company,0.07277353666080022,,S&P 500,Utilities,0.6578411405295316,0.43380855397148677,0.5458248472505092
ADP.PA,115.69999694824219,29.974092,2.6554968,0.12818,11447857152.0,Industrials,ADP,0.10472765221948888,,Euronext 100,n/a (Paris),0.6171079429735234,0.47046843177189407,0.5437881873727087
XYZ,79.0199966430664,149.09435,2.1426826,0.03743,47474819072.0,Technology,"Block, Inc.",0.02009038782500361,,S&P 500,Financials,0.7209775967413442,0.3645621181262729,0.5427698574338086
FSLR,244.13999938964844,24.148369,2.542304,0.18509,26237675520.0,Technology,"First Solar, Inc.",0.08115167856840211,,S&P 500,Information Technology,0.6313645621181263,0.45010183299389,0.5407331975560081
INVH,30.3700008392334,28.12037,1.9809537,0.070539996,18041055232.0,Real Estate,Invitation Homes Inc.,-0.00813462773250373,,S&P 500,Real Estate,0.7657841140529531,0.31568228105906315,0.5407331975560081
MOWI.OL,198.3000030517578,11.146711,2.1036904,0.19492,104561729536.0,Consumer Defensive,MOWI,0.005165199084134597,,Euronext 100,n/a (Oslo),0.7393075356415479,0.3360488798370672,0.5376782077393076
AMAT,527.47998046875,50.236187,17.516104,0.39692003,418797715456.0,Technology,"Applied Materials, Inc.",2.1720122160559736,,S&P 500,Information Technology,0.0835030549898167,0.9898167006109979,0.5366598778004072
TER,384.8900146484375,53.456947,17.521284,0.36465,60173996032.0,Technology,"Teradyne, Inc.",2.117652949403495,,S&P 500,Information Technology,0.08146639511201625,0.9877800407331976,0.5346232179226069
PHM,129.5500030517578,13.593915,1.9078405,0.14901,24677507072.0,Consumer Cyclical,"PulteGroup, Inc.",-0.03440311233856208,,S&P 500,Consumer Discretionary,0.7841140529531568,0.285132382892057,0.5346232179226069
EQR,66.69999694824219,29.513273,2.3819726,0.080240004,25785188352.0,Real Estate,Equity Residential,0.05032190455345331,,S&P 500,Real Estate,0.6680244399185336,0.40122199592668023,0.5346232179226069
BXP,68.80999755859375,37.60109,2.1292856,0.05308,12272644096.0,Real Estate,"BXP, Inc.",0.01011414433839919,,S&P 500,Real Estate,0.7230142566191446,0.34419551934826886,0.5336048879837068
ROST,254.30999755859375,35.320835,12.948575,0.38981998,81577836544.0,Consumer Cyclical,"Ross Stores, Inc.",0.7215824376896274,,S&P 500,Consumer Discretionary,0.12423625254582482,0.9368635437881874,0.530549898167006
CIEN,403.760009765625,136.8678,19.766964,0.15464,57153413120.0,Technology,Ciena Corporation,3.0124506001378926,,S&P 500,Information Technology,0.06517311608961307,0.9918533604887984,0.5285132382892057
CMS,71.19999694824219,21.575756,2.3380291,0.09158,21995075584.0,Utilities,CMS Energy Corporation,0.028989071151473533,,S&P 500,Utilities,0.6843177189409368,0.3727087576374745,0.5285132382892057
LITE,838.0599975585938,144.99307,20.208824,0.22834998,65201065984.0,Technology,Lumentum Holdings Inc.,4.375649541190803,,S&P 500,Information Technology,0.06109979633401219,0.9938900203665988,0.5274949083503055
GD,386.9200134277344,23.421309,3.8964753,0.17803,104683986944.0,Industrials,General Dynamics Corporation,0.20215741202413184,,S&P 500,Industrials,0.4480651731160896,0.604887983706721,0.5264765784114054
MNST,94.16000366210938,45.70874,10.551323,0.26654,92089245696.0,Consumer Defensive,Monster Beverage Corporation,0.5443037572353793,,S&P 500,Consumer Staples,0.16089613034623218,0.890020366598778,0.5254582484725051
LH,316.5299987792969,25.966366,2.9752417,0.11728,25670582272.0,Healthcare,Labcorp Holdings Inc.,0.12111710417774346,,S&P 500,Health Care,0.5560081466395113,0.49287169042769857,0.5244399185336049
FBK.MI,24.56999969482422,22.336363,5.8836203,0.28855,15032397824.0,Financial Services,FINECOBANK,0.31203788271081057,,Euronext 100,n/a (Milan),0.31568228105906315,0.7331975560081466,0.5244399185336048
JCI,154.5500030517578,43.291317,6.943883,0.14332,93617340416.0,Industrials,Johnson Controls International ,0.3801026069287641,,S&P 500,Industrials,0.2525458248472505,0.7963340122199593,0.5244399185336048
APTV,46.29999923706055,21.238531,1.0648574,0.05158,9798030336.0,Consumer Cyclical,Aptiv PLC,-0.289953450428025,,S&P 500,Consumer Discretionary,0.9694501018329938,0.07739307535641547,0.5234215885947047
RI.PA,70.81999969482422,12.646429,1.1517695,0.08565,17833365504.0,Consumer Defensive,PERNOD RICARD,-0.2544959557218064,,Euronext 100,n/a (Paris),0.9592668024439919,0.08757637474541752,0.5234215885947047
WDC,451.5199890136719,18.58107,21.588333,0.85920995,155630878720.0,Technology,Western Digital Corporation,5.800056828006914,,S&P 500,Information Technology,0.048879837067209775,0.9959266802443992,0.5224032586558045
SGO.PA,84.62000274658203,15.699445,1.698924,0.11038999,41454276608.0,Industrials,SAINT GOBAIN,-0.09138916529076957,,Euronext 100,n/a (Paris),0.845213849287169,0.19959266802443992,0.5224032586558045
T,23.709999084472656,7.599359,1.4767065,0.18339,162470068224.0,Communication Services,AT&T Inc.,-0.16878276622083488,,S&P 500,Communication Services,0.9042769857433809,0.14052953156822812,0.5224032586558045
NWSA,29.670000076293945,36.62963,1.9018012,0.06524,16045080576.0,Communication Services,News Corporation,-0.05577833032193136,,S&P 500,Communication Services,0.7861507128309573,0.25661914460285135,0.5213849287169043
CPR.MI,5.932000160217285,25.791304,1.782452,0.06676,7114617344.0,Consumer Defensive,CAMPARI,-0.06875931584642281,,Euronext 100,n/a (Milan),0.8105906313645621,0.23217922606924643,0.5213849287169042
CAP.PA,111.0999984741211,14.1168995,1.6190143,0.12202,18442844160.0,Technology,CAPGEMINI,-0.1288837558744137,,Euronext 100,n/a (Paris),0.8635437881873727,0.17515274949083504,0.5193482688391038
WEC,107.97000122070312,21.005836,2.5812237,0.11988,35181957120.0,Utilities,"WEC Energy Group, Inc.",0.0532718305946136,,S&P 500,Utilities,0.6232179226069247,0.4093686354378819,0.5162932790224033
LEN,84.81999969482422,13.769481,0.9450591,0.07368,20432726016.0,Consumer Cyclical,Lennar Corporation,-0.3690238129700121,,S&P 500,Consumer Discretionary,0.9898167006109979,0.04276985743380855,0.5162932790224032
MPWR,1359.0799560546875,81.97105,17.145164,0.21979,66771599360.0,Technology,"Monolithic Power Systems, Inc.",0.7182066434607057,,S&P 500,Information Technology,0.08757637474541746,0.9348268839103869,0.5112016293279023
WST,348.6000061035156,45.03876,8.207375,0.19087,24532989952.0,Healthcare,"West Pharmaceutical Services, I",0.38499160426293066,,S&P 500,Health Care,0.2179226069246436,0.8024439918533605,0.5101832993890021
DDOG,229.2899932861328,716.53125,20.457708,0.039300002,81618108416.0,Technology,"Datadog, Inc.",0.9605649369352474,,S&P 500,Information Technology,0.05906313645621186,0.9613034623217923,0.5101832993890021
AVB,186.5500030517578,26.05447,2.1602187,0.08487,26638960640.0,Real Estate,"AvalonBay Communities, Inc.",-0.01464472242642223,,S&P 500,Real Estate,0.7107942973523422,0.3075356415478615,0.5091649694501019
ODFL,211.41000366210938,41.53438,9.654306,0.24818,43837263872.0,Industrials,"Old Dominion Freight Line, Inc.",0.41436205261646375,,S&P 500,Industrials,0.18126272912423624,0.835030549898167,0.5081466395112016
CAT,856.9600219726562,37.454548,21.15376,0.56972003,393923002368.0,Industrials,"Caterpillar, Inc.",0.9619715585816151,,S&P 500,Industrials,0.05295315682281054,0.9633401221995926,0.5081466395112015
ENX.PA,161.5,23.473837,3.4600224,0.16725999,16108027904.0,Financial Services,EURONEXT,0.14847081379807792,,Euronext 100,n/a (Paris),0.48879837067209775,0.5254582484725051,0.5071283095723014
ASML.AS,1499.300048828125,59.120663,26.385908,0.53942,575881150464.0,Technology,ASML HOLDING,1.2676360650716352,,Euronext 100,n/a (Amsterdam),0.03054989816700615,0.9775967413441955,0.5040733197556009
NSC,342.4599914550781,29.14553,4.7325945,0.16985,76919382016.0,Industrials,Norfolk Southern Corporation,0.21454145104052968,,S&P 500,Industrials,0.38900203665987776,0.6171079429735234,0.5030549898167006
FFIV,413.07000732421875,32.809372,6.0878987,0.1983,23473117184.0,Technology,"F5, Inc.",0.2855910726586137,,S&P 500,Information Technology,0.30549898167006106,0.7006109979633401,0.5030549898167006
FOX,55.369998931884766,13.739453,2.1240602,0.152,23236028416.0,Communication Services,Fox Corporation,-0.03788548415828785,,S&P 500,Communication Services,0.7291242362525459,0.2769857433808554,0.5030549898167006
LDO.MI,59.29999923706055,30.410255,3.5016239,0.11893,34209333248.0,Industrials,LEONARDO,0.14482692996233149,,Euronext 100,n/a (Milan),0.484725050916497,0.5193482688391039,0.5020366598778004
DOV,210.83999633789062,25.433052,3.685885,0.14914,28395978752.0,Industrials,Dover Corporation,0.15268020115637837,,S&P 500,Industrials,0.46639511201629325,0.5356415478615071,0.5010183299389002
DHI,146.00999450683594,14.427865,1.7208419,0.12632,40839184384.0,Consumer Cyclical,"D.R. Horton, Inc.",-0.14829501321375582,,S&P 500,Consumer Discretionary,0.8411405295315683,0.16089613034623218,0.5010183299389002
TMO,580.02001953125,31.050322,4.1504116,0.13515,214460841984.0,Healthcare,Thermo Fisher Scientific Inc,0.16981988279461113,,S&P 500,Health Care,0.4317718940936863,0.5682281059063137,0.5
UPS,103.19999694824219,20.0,5.8288617,0.29602,87800651776.0,Industrials,"United Parcel Service, Inc.",0.2502596103419461,,S&P 500,Industrials,0.32179226069246436,0.6761710794297352,0.4989816700610998
BBY,80.0199966430664,15.659491,5.4688354,0.39104,16865584128.0,Consumer Cyclical,"Best Buy Co., Inc.",0.23671403789924672,,S&P 500,Consumer Discretionary,0.33808553971486766,0.6578411405295316,0.4979633401221996
TRGP,268.2300109863281,26.583748,18.363113,0.74097997,57573937152.0,Energy,"Targa Resources, Inc.",0.6463031327201085,,S&P 500,Energy,0.07535641547861505,0.9205702647657841,0.49796334012219956
APH,170.61000061035156,43.083332,13.574952,0.38115,210359304192.0,Technology,Amphenol Corporation,0.48627022294402633,,S&P 500,Information Technology,0.12016293279022405,0.8737270875763747,0.4969450101832994
DE,614.8400268554688,34.717113,6.0559263,0.18349001,166072778752.0,Industrials,Deere & Company,0.25374797216508704,,S&P 500,Industrials,0.3116089613034623,0.6822810590631364,0.49694501018329934
LRCX,305.7699890136719,53.456295,36.125946,0.65066004,382603231232.0,Technology,Lam Research Corporation,1.9420040889769976,,S&P 500,Information Technology,0.008146639511201648,0.9837067209775967,0.4959266802443992
PEG,75.04000091552734,18.807018,2.1597352,0.11835,37394038784.0,Utilities,Public Service Enterprise Group,-0.03783937109666158,,S&P 500,Utilities,0.7128309572301426,0.2790224032586558,0.4959266802443992
VRT,275.1700134277344,62.824203,24.88875,0.43943,105937199104.0,Industrials,"Vertiv Holdings, LLC",0.8960102487221733,,S&P 500,Industrials,0.03665987780040736,0.9531568228105907,0.494908350305499
EQIX,1052.8599853515625,68.01421,7.223392,0.10735,103887470592.0,Real Estate,"Equinix, Inc.",0.31792689763851123,,S&P 500,Real Estate,0.24236252545824843,0.7474541751527495,0.49490835030549896
SO,92.9000015258789,22.439615,2.8211358,0.114829995,106868727808.0,Utilities,Southern Company (The),0.04942434108147675,,S&P 500,Utilities,0.584521384928717,0.39918533604887985,0.4918533604887984
DIS,104.68000030517578,20.977957,1.6803377,0.0801,180749582336.0,Communication Services,Walt Disney Company (The),-0.17568124812886132,,S&P 500,Communication Services,0.8492871690427699,0.13441955193482688,0.4918533604887984
SWKS,66.83999633789062,34.8125,1.7530423,0.05094,10053134336.0,Technology,"Skyworks Solutions, Inc.",-0.14199286154084179,,S&P 500,Information Technology,0.8167006109979633,0.1670061099796334,0.49185336048879835
CHTR,157.44000244140625,3.985823,1.1077807,0.27201998,21219368960.0,Communication Services,"Charter Communications, Inc.",-0.45410044785852377,,S&P 500,Communication Services,0.9653767820773931,0.018329938900203666,0.49185336048879835
FOXA,61.790000915527344,15.4475,2.3703392,0.152,25930182656.0,Communication Services,Fox Corporation,-0.015322366055085856,,S&P 500,Communication Services,0.6761710794297353,0.3034623217922607,0.489816700610998
FIS,42.810001373291016,6.576037,1.3853024,0.22348,22127595520.0,Technology,Fidelity National Information S,-0.33793333338598497,,S&P 500,Financials,0.924643584521385,0.054989816700611,0.48981670061099797
KLAC,193.22000122070312,52.648502,39.757202,0.87496,252398501888.0,Technology,KLA Corporation,1.1054900179694211,,S&P 500,Information Technology,0.004073319755600768,0.9694501018329938,0.4867617107942973
EXPD,178.55999755859375,26.375185,10.957962,0.4267,23211124736.0,Industrials,Expeditors International of Was,0.4073701714636333,,S&P 500,Industrials,0.1507128309572301,0.8228105906313645,0.4867617107942973
HWM,289.7200012207031,67.5338,21.038414,0.33818,115919142912.0,Industrials,Howmet Aerospace Inc.,0.623842515070512,,S&P 500,Industrials,0.05498981670061098,0.9144602851323829,0.4847250509164969
MDT,85.91999816894531,23.034851,2.2237175,0.098409995,109981483008.0,Healthcare,Medtronic plc.,-0.05003304697712463,,S&P 500,Health Care,0.6965376782077393,0.26476578411405294,0.4806517311608961
AWK,134.82000732421875,23.244827,2.2968416,0.10095,26792644608.0,Utilities,"American Water Works Company, I",-0.04592294004036368,,S&P 500,Utilities,0.6883910386965377,0.26883910386965376,0.47861507128309577
UNP,295.3800048828125,23.917408,9.030818,0.39696,175478030336.0,Industrials,Union Pacific Corporation,0.32803608867007106,,S&P 500,Industrials,0.1955193482688391,0.7617107942973523,0.4786150712830957
ESS,285.1199951171875,44.83019,3.4423974,0.0771,19652235264.0,Real Estate,"Essex Property Trust, Inc.",0.0934760092840996,,S&P 500,Real Estate,0.4928716904276986,0.46028513238289204,0.47657841140529533
GEV,1000.2999877929688,29.154764,22.280876,0.82577,266413473792.0,Industrials,GE Vernova Inc.,0.6192288396567436,,S&P 500,Industrials,0.044806517311609007,0.9083503054989817,0.47657841140529533
BESI.AS,218.5,83.07984,30.80502,0.44873002,17301153792.0,Technology,BE Semiconductor Industries N.V,0.7332740211980184,,Euronext 100,n/a (Amsterdam),0.014256619144602856,0.9389002036659878,0.47657841140529533
WRB,72.12999725341797,14.841563,2.8888977,0.20207001,26776639488.0,Financial Services,W.R. Berkley Corporation,0.0398791031937471,,S&P 500,Financials,0.5682281059063137,0.38289205702647655,0.4755600814663951
HON,240.74000549316406,9.541816,4.1161284,0.46577,76300140544.0,Industrials,Honeywell International Inc.,0.13873255980043386,,S&P 500,Industrials,0.4358452138492872,0.5132382892057027,0.47454175152749495
WMB,71.76000213623047,28.589642,6.865672,0.21503,87774502912.0,Energy,"Williams Companies, Inc. (The)",0.2752131556418673,,S&P 500,Energy,0.2566191446028513,0.6904276985743381,0.4735234215885947
ROK,441.79998779296875,42.19675,14.041444,0.30629,49061302272.0,Industrials,"Rockwell Automation, Inc.",0.4122467619454335,,S&P 500,Industrials,0.11608961303462317,0.8309572301425662,0.4735234215885947
SCHW,107.66000366210938,19.681902,3.728356,0.20283002,187235336192.0,Financial Services,Charles Schwab Corporation (The,0.10888160496788646,,S&P 500,Financials,0.4643584521384929,0.48065173116089616,0.47250509164969456
EMR,156.91000366210938,35.5805,4.294786,0.128,87885291520.0,Industrials,Emerson Electric Company,0.14893025469858756,,S&P 500,Industrials,0.41751527494908347,0.5274949083503055,0.4725050916496945
MDLZ,62.75,38.262196,3.016392,0.13340001,80549027840.0,Consumer Defensive,"Mondelez International, Inc.",0.04938959898487827,,S&P 500,Consumer Staples,0.5458248472505092,0.3971486761710794,0.4714867617107943
VRTX,484.0299987792969,28.256277,6.056356,0.23542999,122604797952.0,Healthcare,Vertex Pharmaceuticals Incorpor,0.22014224210628264,,S&P 500,Health Care,0.30957230142566194,0.6272912423625254,0.4684317718940937
BN.PA,68.31999969482422,22.622517,2.4958901,0.121929996,43869339648.0,Consumer Defensive,DANONE,-0.018323774818297944,,Euronext 100,n/a (Paris),0.6354378818737271,0.3014256619144603,0.4684317718940937
GRMN,301.8699951171875,31.249483,6.449662,0.21886998,58217500672.0,Technology,Garmin Ltd.,0.2347886072059906,,S&P 500,Consumer Discretionary,0.2830957230142567,0.6517311608961304,0.4674134419551935
IQV,232.42999267578125,29.310215,6.1996207,0.22818,38257975296.0,Healthcare,"IQVIA Holdings, Inc.",0.23169649011861249,,S&P 500,Health Care,0.2953156822810591,0.639511201629328,0.4674134419551935
AC.PA,46.900001525878906,41.140354,3.5848048,0.07958,10908433408.0,Consumer Cyclical,ACCOR,0.09361128952997233,,Euronext 100,n/a (Paris),0.47250509164969445,0.4623217922606925,0.46741344195519346
AMZN,272.260009765625,21.921095,5.322152,0.30558002,2936681791488.0,Consumer Cyclical,"Amazon.com, Inc.",0.1859388059924263,,S&P 500,Consumer Discretionary,0.3523421588594705,0.5804480651731161,0.4663951120162933
TXN,278.3999938964844,42.181816,14.1154995,0.35176,254248140800.0,Technology,Texas Instruments Incorporated,0.39708054794384995,,S&P 500,Information Technology,0.11405295315682284,0.8187372708757638,0.4663951120162933
NWS,33.869998931884766,41.81481,2.1710145,0.06524,18316376064.0,Communication Services,News Corporation,-0.07049534428015536,,S&P 500,Communication Services,0.7067209775967414,0.2219959266802444,0.46435845213849286
NTAP,191.47999572753906,29.413208,27.778906,1.06734,37514743808.0,Technology,"NetApp, Inc.",0.6102837466408477,,S&P 500,Information Technology,0.022403258655804503,0.9063136456211812,0.46435845213849286
CPT,110.73999786376953,36.913334,2.9867573,0.07885,10973291520.0,Real Estate,Camden Property Trust,0.02986308307117147,,S&P 500,Real Estate,0.5519348268839104,0.37678207739307534,0.46435845213849286
CTSH,56.88999938964844,11.976842,1.7780347,0.14924,26908968960.0,Technology,Cognizant Technology Solutions ,-0.22118989217823914,,S&P 500,Information Technology,0.8126272912423625,0.11608961303462322,0.46435845213849286
RL,395.8299865722656,25.196053,8.372393,0.34664002,23558352896.0,Consumer Cyclical,Ralph Lauren Corporation,0.2947248219893499,,S&P 500,Consumer Discretionary,0.21384928716904272,0.7128309572301426,0.46334012219959264
ARGX.BR,775.5999755859375,34.077328,6.6472588,0.23635,48522305536.0,Healthcare,ARGENX SE,0.23344370860927155,,Euronext 100,n/a (Brussels),0.274949083503055,0.6496945010183299,0.4623217922606925
ERF.PA,70.72000122070312,24.555555,3.391196,0.11328,12213225472.0,Healthcare,EUROFINS SCIENT.,0.0639756046582669,,Euronext 100,n/a (Paris),0.5030549898167006,0.4154786150712831,0.4592668024439919
JBL,344.6700134277344,42.394836,27.309246,0.65876,36116967424.0,Technology,Jabil Inc.,0.5395458697013304,,S&P 500,Information Technology,0.024439918533604943,0.8879837067209776,0.45621181262729127
IR,88.23999786376953,36.462807,3.3639584,0.0947,34237069312.0,Industrials,Ingersoll Rand Inc.,0.05052330152895568,,S&P 500,Industrials,0.505091649694501,0.40325865580448067,0.45417515274949083
EME,808.4299926757812,25.575134,8.768316,0.40348998,35659767808.0,Industrials,"EMCOR Group, Inc.",0.28872909134543434,,S&P 500,Industrials,0.19959266802443987,0.7067209775967414,0.4531568228105906
PH,1069.800048828125,36.762886,9.23316,0.24841999,134887227392.0,Industrials,Parker-Hannifin Corporation,0.29718425444855745,,S&P 500,Industrials,0.18737270875763745,0.7169042769857433,0.4521384928716904
MGM,44.70000076293945,26.927711,4.473579,0.18924999,11246195712.0,Consumer Cyclical,MGM Resorts International,0.12295291602331493,,S&P 500,Consumer Discretionary,0.40529531568228105,0.4969450101832994,0.4511201629327902
CSGP,29.579999923706055,164.33333,1.5095688,0.00894,11985744896.0,Real Estate,"CoStar Group, Inc.",-0.6786232996377636,,S&P 500,Real Estate,0.8940936863543788,0.002036659877800407,0.4480651731160896
KO,86.8499984741211,26.002995,10.338055,0.42054,373676376064.0,Consumer Defensive,Coca-Cola Company (The),0.3055606034106113,,S&P 500,Consumer Staples,0.16496945010183295,0.7291242362525459,0.4470468431771894
GWW,1282.5799560546875,32.727226,14.623629,0.46091,60554600448.0,Industrials,"W.W. Grainger, Inc.",0.37239799368011783,,S&P 500,Industrials,0.10794297352342164,0.7841140529531568,0.44602851323828924
RYA.IR,25.030000686645508,13.983241,2.7436152,0.22408001,26000789504.0,Industrials,RYANAIR HOLDINGS PLC,-0.03262224653008716,,Euronext 100,n/a (Dublin),0.6008146639511202,0.28716904276985744,0.4439918533604888
PPG,117.16000366210938,17.103651,3.0847816,0.19297001,26044667904.0,Basic Materials,"PPG Industries, Inc.",0.013317435773496866,,S&P 500,Materials,0.5376782077393075,0.35030549898167007,0.4439918533604888
PRX.AS,42.209999084472656,9.297357,1.944915,0.22213,89939664896.0,Consumer Cyclical,PROSUS,-0.24075977758895262,,Euronext 100,n/a (Amsterdam),0.7759674134419552,0.1079429735234216,0.4419551934826884
DHR,199.97999572753906,35.58363,2.6733148,0.07605,140583141376.0,Healthcare,Danaher Corporation,-0.045678595962102,,S&P 500,Health Care,0.6130346232179227,0.2708757637474542,0.4419551934826884
TPR,162.0,48.502995,48.02846,0.60914004,32731244544.0,Consumer Cyclical,"Tapestry, Inc.",0.5157403254242743,,S&P 500,Consumer Discretionary,0.0,0.8818737270875764,0.4409368635437882
AI.PA,173.44000244140625,31.25045,4.1629267,0.13967,110285111296.0,Basic Materials,AIR LIQUIDE,0.08852042228533819,,Euronext 100,n/a (Paris),0.42769857433808556,0.45213849287169044,0.439918533604888
BRO,71.18000030517578,22.668789,1.8667716,0.10023,23817566208.0,Financial Services,"Brown & Brown, Inc.",-0.26852207033484166,,S&P 500,Financials,0.7963340122199593,0.0835030549898167,0.439918533604888
SPG,221.8300018310547,15.621831,14.930004,1.1359,84290879488.0,Real Estate,"Simon Property Group, Inc.",0.3299993673828807,,S&P 500,Real Estate,0.1059063136456212,0.7637474541751528,0.434826883910387
CME,264.32000732421875,22.47619,3.5807955,0.15802,95043993600.0,Financial Services,CME Group Inc.,0.04389440930538879,,S&P 500,Financials,0.4745417515274949,0.3890020366598778,0.4317718940936863
INW.MI,6.40500020980835,17.310812,1.8506213,0.09859,5782851072.0,Real Estate,INWIT,-0.3078783568988813,,Euronext 100,n/a (Milan),0.8024439918533605,0.06109979633401222,0.4317718940936863
MKC,52.279998779296875,8.742475,2.0092237,0.24728,14055559168.0,Consumer Defensive,"McCormick & Company, Incorporat",-0.25331539173783035,,S&P 500,Consumer Staples,0.7596741344195519,0.09368635437881874,0.42668024439918534
MCHP,74.36000061035156,354.09525,6.266644,0.03405,40378101760.0,Technology,Microchip Technology Incorporat,0.16584442595026427,,S&P 500,Information Technology,0.29327902240325865,0.560081466395112,0.42668024439918534
AMGN,404.8500061035156,25.31895,18.725716,0.91473,218500907008.0,Healthcare,Amgen Inc.,0.3678514262168029,,S&P 500,Health Care,0.07128309572301428,0.780040733197556,0.4256619144602851
ANET,192.32000732421875,62.441563,16.377417,0.31476,242558746624.0,Technology,"Arista Networks, Inc.",0.32076164095841064,,S&P 500,Information Technology,0.09164969450101834,0.7556008146639511,0.42362525458248473
MAA,133.6300048828125,39.41888,2.8529644,0.0705,15945619456.0,Real Estate,Mid-America Apartment Communiti,-0.04936143710821117,,S&P 500,Real Estate,0.5784114052953158,0.2668024439918534,0.42260692464358457
EBAY,110.13999938964844,25.613953,10.716093,0.42875,48902160384.0,Consumer Cyclical,eBay Inc.,0.27042230914338194,,S&P 500,Consumer Discretionary,0.15478615071283097,0.6863543788187373,0.42057026476578413
LMT,582.8499755859375,21.279663,15.289071,0.89165,134516383744.0,Industrials,Lockheed Martin Corporation,0.3134722426572123,,S&P 500,Industrials,0.10386965376782076,0.7372708757637475,0.42057026476578413
ROP,397.0799865722656,16.449047,2.1000302,0.13066,39271555072.0,Technology,"Roper Technologies, Inc.",-0.24869877168445764,,S&P 500,Information Technology,0.7433808553971486,0.09775967413441955,0.4205702647657841
BF-B,28.270000457763672,18.598684,3.225696,0.17846,12972092416.0,Consumer Defensive,Brown Forman Inc,-0.007728401476879698,,S&P 500,Consumer Staples,0.5152749490835031,0.31771894093686354,0.4164969450101833
GNRC,211.17999267578125,50.042656,4.3302097,0.09491,12460810240.0,Industrials,Generac Holdlings Inc.,0.06402159573739041,,S&P 500,Industrials,0.41140529531568226,0.4175152749490835,0.41446028513238287
WTW,340.010009765625,20.923693,4.113207,0.19761999,31577387008.0,Financial Services,Willis Towers Watson Public Lim,0.04077068315572263,,S&P 500,Financials,0.43788187372708753,0.384928716904277,0.41140529531568226
TPL,355.6400146484375,52.377026,15.765582,0.36466,24530155520.0,Energy,Texas Pacific Land Corporation,0.3019040819718273,,S&P 500,Energy,0.09572301425661911,0.725050916496945,0.41038696537678204
A,141.33999633789062,28.32465,5.600729,0.21330999,39918927872.0,Healthcare,"Agilent Technologies, Inc.",0.10998206053199522,,S&P 500,Health Care,0.3360488798370672,0.48268839103869654,0.4093686354378819
MONC.MI,51.86000061035156,22.068087,3.8658218,0.18122,14105387008.0,Consumer Cyclical,MONCLER,0.01717127055232015,,Euronext 100,n/a (Milan),0.45010183299389006,0.3625254582484725,0.4063136456211813
AIR.PA,214.4499969482422,28.593332,6.559909,0.23193,169732997120.0,Industrials,AIRBUS SE,0.15009624218905548,,Euronext 100,n/a (Paris),0.2790224032586558,0.5336048879837068,0.4063136456211813
CPAY,398.2799987792969,23.636795,7.5039563,0.32124,26032345088.0,Technology,"Corpay, Inc.",0.1733041716975643,,S&P 500,Financials,0.23625254582484723,0.570264765784114,0.4032586558044806
DLTR,129.67999267578125,20.64968,7.151207,0.33976,24921200640.0,Consumer Defensive,"Dollar Tree, Inc.",0.165246873849074,,S&P 500,Consumer Staples,0.24439918533604887,0.5580448065173116,0.40122199592668023
ETN,448.19000244140625,45.455376,8.594742,0.19684,174032175104.0,Industrials,"Eaton Corporation, PLC",0.19951516053474472,,S&P 500,Industrials,0.20366598778004075,0.5967413441955194,0.40020366598778007
EL.PA,174.6999969482422,32.654205,2.0473456,0.06723,80290652160.0,Healthcare,ESSILORLUXOTTICA,-0.3546229731384569,,Euronext 100,n/a (Paris),0.7474541751527495,0.048879837067209775,0.3981670061099796
BIM.PA,73.25,18.782051,2.0062447,0.1122,8640138240.0,Healthcare,BIOMERIEUX,-0.40986662001413254,,Euronext 100,n/a (Paris),0.7617107942973523,0.028513238289205704,0.395112016293279
AVGO,420.56500244140625,69.40017,22.819588,0.37280998,2000871751680.0,Technology,Broadcom Inc.,0.3185793084613562,,S&P 500,Information Technology,0.03869653767820769,0.7515274949083504,0.395112016293279
GE,374.54998779296875,45.01803,22.031057,0.48231998,388619010048.0,Industrials,GE Aerospace,0.315038357413296,,S&P 500,Industrials,0.046843177189409335,0.7413441955193483,0.3940936863543788
EW,89.31999969482422,52.85207,4.990223,0.09175,51430457344.0,Healthcare,Edwards Lifesciences Corporatio,0.05815101512034637,,S&P 500,Health Care,0.3727087576374746,0.4134419551934827,0.39307535641547864
KVUE,19.18000030517578,23.390244,3.4140265,0.15701,36825767936.0,Consumer Defensive,Kenvue Inc.,-0.03700843621118277,,S&P 500,Consumer Staples,0.49898167006109984,0.2830957230142566,0.3910386965376782
BLDR,72.51000213623047,82.39773,1.9478847,0.02506,7801819136.0,Industrials,"Builders FirstSource, Inc.",-0.5209114079149416,,S&P 500,Industrials,0.7739307535641547,0.008146639511201629,0.3910386965376782
GEHC,70.30999755859375,16.163218,2.8936536,0.19376,31983439872.0,Healthcare,GE HealthCare Technologies Inc.,-0.07568905639908508,,S&P 500,Health Care,0.5661914460285132,0.21384928716904278,0.39002036659877803
STE,231.77999877929688,29.33924,3.15553,0.11368,22588741632.0,Healthcare,STERIS plc (Ireland),-0.06039125992656591,,S&P 500,Health Care,0.5254582484725051,0.2525458248472505,0.3890020366598778
XYL,120.76000213623047,29.098795,2.5622745,0.09182999,28195868672.0,Industrials,Xylem Inc.,-0.1653009349897494,,S&P 500,Industrials,0.6272912423625254,0.14663951120162932,0.3869653767820774
AAPL,312.4100036621094,35.704,42.44701,1.4875101,4559367831552.0,Technology,Apple Inc.,0.3344703125939317,,S&P 500,Information Technology,0.0020366598778004397,0.7678207739307535,0.384928716904277
SAF.PA,357.3999938964844,38.34764,10.2099695,0.2749,148111622144.0,Industrials,SAFRAN,0.20113110295916092,,Euronext 100,n/a (Paris),0.1670061099796334,0.6008146639511202,0.38391038696537677
CRH,97.66000366210938,17.660036,2.7057128,0.15812,64971685888.0,Basic Materials,CRH PLC,-0.15279822868741577,,S&P 500,Materials,0.6069246435845214,0.15682281059063136,0.3818737270875764
APD,299.9200134277344,,4.8104963,0.00023,66787848192.0,Basic Materials,"Air Products and Chemicals, Inc",0.029372784955557174,,S&P 500,Materials,0.384928716904277,0.37474541751527496,0.37983706720977595
CHD,103.36000061035156,33.23473,5.637306,0.17041,24517396480.0,Consumer Defensive,"Church & Dwight Company, Inc.",0.07111870297550982,,S&P 500,Consumer Staples,0.329938900203666,0.42769857433808556,0.3788187372708758
MLM,538.280029296875,35.981285,2.799605,0.08894,32332242944.0,Basic Materials,"Martin Marietta Materials, Inc.",-0.1434954476978767,,S&P 500,Materials,0.594704684317719,0.1629327902240326,0.3788187372708758
PYPL,59.779998779296875,10.948718,2.5999217,0.24497,51530358784.0,Financial Services,"PayPal Holdings, Inc.",-0.17786772696534314,,S&P 500,Financials,0.6211812627291242,0.13238289205702647,0.37678207739307534
UDR,38.13999938964844,24.448719,4.2316656,0.13739,14131466240.0,Real Estate,"UDR, Inc.",0.0034465650508934687,,S&P 500,Real Estate,0.42158859470468435,0.3319755600814664,0.37678207739307534
LR.PA,138.6999969482422,27.907446,4.851686,0.18209,36358275072.0,Industrials,LEGRAND,0.026403633127713322,,Euronext 100,n/a (Paris),0.3808553971486762,0.37067209775967414,0.3757637474541752
AJG,251.74000549316406,41.67881,2.7208958,0.06722,64531283968.0,Financial Services,Arthur J. Gallagher & Co.,-0.16687670602827753,,S&P 500,Financials,0.6048879837067209,0.1446028513238289,0.3747454175152749
NDAQ,94.69999694824219,27.529068,4.4445486,0.16521999,52935151616.0,Financial Services,"Nasdaq, Inc.",0.0067573430163792025,,S&P 500,Financials,0.4093686354378818,0.34012219959266804,0.3747454175152749
ICE,149.75,21.15113,2.8753288,0.14094,84068827136.0,Financial Services,Intercontinental Exchange Inc.,-0.12554315942897465,,S&P 500,Financials,0.570264765784114,0.17922606924643583,0.3747454175152749
CEG,261.1000061035156,23.045013,2.825666,0.16104999,93239336960.0,Utilities,Constellation Energy Corporatio,-0.14340783676401314,,S&P 500,Utilities,0.5824847250509164,0.164969450101833,0.37372708757637474
SMCI,29.3799991607666,15.967391,2.3323011,0.17877,19005128704.0,Technology,"Super Micro Computer, Inc.",-0.31632164196908896,,S&P 500,Information Technology,0.6863543788187373,0.059063136456211814,0.3727087576374746
WSM,246.88999938964844,27.86569,15.547229,0.54007,29070460928.0,Consumer Cyclical,"Williams-Sonoma, Inc.",0.23215917706638067,,S&P 500,Consumer Discretionary,0.09979633401221999,0.6435845213849287,0.37169042769857435
HUBB,507.7300109863281,30.402994,6.8572316,0.24444,26829355008.0,Industrials,Hubbell Inc,0.10637792245410482,,S&P 500,Industrials,0.26069246435845217,0.4745417515274949,0.36761710794297353
STZ,132.52000427246094,12.443193,2.7524042,0.2369,22634993664.0,Consumer Defensive,"Constellation Brands, Inc.",-0.1723123836803402,,S&P 500,Consumer Staples,0.5987780040733197,0.1364562118126273,0.36761710794297353
URI,1162.6600341796875,27.93513,7.8575096,0.28895,72366850048.0,Industrials,"United Rentals, Inc.",0.13578762759034602,,S&P 500,Industrials,0.22606924643584525,0.5071283095723014,0.3665987780040733
CARR,63.959999084472656,46.68613,4.013806,0.08966,53123923968.0,Industrials,Carrier Global Corporation,-0.03741323387410389,,S&P 500,Industrials,0.44399185336048885,0.28105906313645623,0.36252545824847254
TEL,215.0800018310547,21.358492,4.707891,0.23290001,62360440832.0,Technology,TE Connectivity plc,0.0029919892189578245,,S&P 500,Information Technology,0.39511201629327897,0.329938900203666,0.3625254582484725
WMT,112.06999969482422,39.46127,9.458981,0.24132,891861925888.0,Consumer Defensive,Walmart Inc.,0.15352071310077897,,S&P 500,Consumer Staples,0.18329938900203668,0.539714867617108,0.3615071283095723
TKO,187.2899932861328,64.1404,4.1587653,0.07063,35448324096.0,Communication Services,"TKO Group Holdings, Inc.",-0.025979997729076887,,S&P 500,Communication Services,0.429735234215886,0.29327902240325865,0.3615071283095723
CCL,28.790000915527344,13.3906975,3.0459163,0.26689,39432200192.0,Consumer Cyclical,Carnival Corporation Ltd.,-0.11854263190228487,,S&P 500,Consumer Discretionary,0.5417515274949083,0.18126272912423624,0.36150712830957227
TRMB,58.54999923706055,30.65445,2.406494,0.08252,13648678912.0,Technology,Trimble Inc.,-0.29992573565082403,,S&P 500,Information Technology,0.6517311608961304,0.06924643584521385,0.3604887983706721
CHRW,146.66000366210938,29.332,10.552598,0.37123,17137405952.0,Industrials,"C.H. Robinson Worldwide, Inc.",0.16601422634636864,,S&P 500,Industrials,0.15885947046843174,0.5621181262729125,0.3604887983706721
BVI.PA,28.459999084472656,25.18584,7.6238947,0.32926998,12638852096.0,Industrials,BUREAU VERITAS,0.11156320975490641,,Euronext 100,n/a (Paris),0.2342158859470469,0.4847250509164969,0.3594704684317719
REC.MI,53.0,22.268906,5.094684,0.24851999,10855094272.0,Healthcare,RECORDATI ORD,0.005314384745714662,,Euronext 100,n/a (Milan),0.36659877800407337,0.3380855397148676,0.3523421588594705
APO,127.98999786376953,46.03957,3.759657,0.11412,73788473344.0,Financial Services,"Apollo Global Management, Inc. ",-0.06678966358732175,,S&P 500,Financials,0.4582484725050916,0.24032586558044808,0.34928716904276985
ABNB,151.63999938964844,37.62779,11.133627,0.32325,89999081472.0,Consumer Cyclical,"Airbnb, Inc.",0.16080598858086592,,S&P 500,Consumer Discretionary,0.14663951120162932,0.5498981670061099,0.34826883910386963
NXPI,231.77999877929688,46.07952,5.129351,0.27921,58446610432.0,Technology,NXP Semiconductors N.V.,-0.00688477923792763,,S&P 500,Information Technology,0.3645621181262729,0.32179226069246436,0.34317718940936864
KPN.AS,4.0279998779296875,18.30909,6.625,0.26111,15446281216.0,Communication Services,KPN KON,0.051974653700589624,,Euronext 100,n/a (Amsterdam),0.27698574338085535,0.4073319755600815,0.3421588594704684
PGR,215.33999633789062,10.670961,3.6466167,0.34943,125192593408.0,Financial Services,Progressive Corporation (The),-0.08865817360023875,,S&P 500,Financials,0.4704684317718941,0.20570264765784113,0.33808553971486766
SNPS,405.9800109863281,91.64335,2.5501096,0.03824,77736779776.0,Technology,"Synopsys, Inc.",-0.355845709861336,,S&P 500,Information Technology,0.6293279022403259,0.04684317718940937,0.3380855397148676
AVY,173.99000549316406,19.204193,5.7227907,0.3116,13308562432.0,Consumer Cyclical,Avery Dennison Corporation,0.01118506306824707,,S&P 500,Materials,0.32790224032586557,0.34623217922606925,0.3370672097759674
LIN,490.1099853515625,31.640413,5.8788743,0.18400998,225930985472.0,Basic Materials,Linde plc,0.01365170675433447,,S&P 500,Materials,0.3177189409368636,0.35234215885947046,0.33503054989816705
PSA,327.0,31.26195,11.776569,0.21929,61065859072.0,Real Estate,Public Storage,0.14607611136951326,,S&P 500,Real Estate,0.14052953156822812,0.5213849287169042,0.33095723014256617
GPC,132.7899932861328,531.16,4.0446525,0.0070700003,18306396160.0,Consumer Cyclical,Genuine Parts Company,-0.07538372758625467,,S&P 500,Consumer Discretionary,0.4419551934826884,0.2158859470468432,0.3289205702647658
AMP,559.8200073242188,13.551682,7.7780867,0.63432,49488089088.0,Financial Services,"Ameriprise Financial, Inc.",0.07100555427380684,,S&P 500,Financials,0.22810590631364558,0.4256619144602851,0.32688391038696535
NOC,567.739990234375,17.730793,4.5098815,0.26958,80654860288.0,Industrials,Northrop Grumman Corporation,-0.06619013743344315,,S&P 500,Industrials,0.4032586558044806,0.24236252545824846,0.3228105906313645
HAS,91.69000244140625,16.199648,20.024023,1.5956,12932367360.0,Consumer Cyclical,"Hasbro, Inc.",0.18576302851997561,,S&P 500,Consumer Discretionary,0.06313645621181263,0.5784114052953157,0.32077393075356414
TJX,162.05999755859375,31.165386,17.214787,0.6125,179028393984.0,Consumer Cyclical,"TJX Companies, Inc. (The)",0.1621306296609777,,S&P 500,Consumer Discretionary,0.08553971486761713,0.5539714867617108,0.319755600814664
DSY.PA,22.170000076293945,22.855669,3.1500425,0.15088001,29131331584.0,Technology,DASSAULT SYSTEMES,-0.23609531246082638,,Euronext 100,n/a (Paris),0.5295315682281059,0.109979633401222,0.3197556008146639
AXP,342.6000061035156,21.187384,6.7460866,0.34377,231361150976.0,Financial Services,American Express Company,0.025859226838529592,,S&P 500,Financials,0.27087576374745415,0.36863543788187375,0.3197556008146639
VMC,281.6300048828125,33.768585,4.3144493,0.13234,36493258752.0,Basic Materials,Vulcan Materials Company (Holdi,-0.07241936226777157,,S&P 500,Materials,0.41547861507128314,0.219959266802444,0.3177189409368636
JMT.LS,17.40999984741211,17.237623,3.563971,0.19981001,10941039616.0,Consumer Defensive,"J.MARTINS,SGPS",-0.15009486873993083,,Euronext 100,n/a (Lisbon),0.47657841140529533,0.15885947046843177,0.31771894093686354
JKHY,156.94000244140625,21.557692,5.2349977,0.24892001,11150709760.0,Technology,"Jack Henry & Associates, Inc.",-0.042178559856694386,,S&P 500,Financials,0.3564154786150713,0.2729124236252546,0.31466395112016293
DXCM,83.0199966430664,32.68504,11.952202,0.38491002,31328489472.0,Healthcare,"DexCom, Inc.",0.1076453544539504,,S&P 500,Health Care,0.13238289205702647,0.47657841140529533,0.3044806517311609
ABT,107.95999908447266,34.273014,3.6550765,0.10576,188046147584.0,Healthcare,Abbott Laboratories,-0.18480984146806734,,S&P 500,Health Care,0.4684317718940937,0.13034623217922606,0.29938900203665986
PNR,69.9000015258789,17.786259,2.9647539,0.17126,11296227328.0,Industrials,Pentair plc.,-0.3839755910076049,,S&P 500,Industrials,0.5580448065173116,0.04073319755600815,0.29938900203665986
TT,478.6600036621094,35.962433,12.324844,0.36643,105316294656.0,Industrials,Trane Technologies plc,0.1023209680677597,,S&P 500,Industrials,0.1283095723014257,0.4663951120162933,0.29735234215885953
ULTA,538.7899780273438,20.202099,8.488224,0.47449002,23162210304.0,Consumer Cyclical,"Ulta Beauty, Inc.",0.040793143618916616,,S&P 500,Consumer Discretionary,0.20773930753564152,0.3869653767820774,0.2973523421588594
ZBRA,364.239990234375,33.819866,5.0787096,0.15286,17349986304.0,Technology,Zebra Technologies Corporation,-0.07338607109155038,,S&P 500,Information Technology,0.37067209775967414,0.21792260692464357,0.29429735234215887
LULU,124.7300033569336,10.002406,2.9575796,0.32027,14163580928.0,Consumer Cyclical,lululemon athletica inc.,-0.4121166936663724,,S&P 500,Consumer Discretionary,0.560081466395112,0.026476578411405296,0.29327902240325865
J,144.02999877929688,48.01,5.1679225,0.07998,17007188992.0,Industrials,Jacobs Solutions Inc.,-0.06971431192484889,,S&P 500,Industrials,0.3625254582484725,0.2240325865580448,0.29327902240325865
NCLH,19.3700008392334,11.739394,3.4570765,0.3673,8894469120.0,Consumer Cyclical,Norwegian Cruise Line Holdings ,-0.25402574183498916,,S&P 500,Consumer Discretionary,0.4908350305498982,0.08961303462321792,0.29022403258655805
BSX,49.29999923706055,19.333334,2.8609562,0.15338999,71447019520.0,Healthcare,Boston Scientific Corporation,-0.5570616157133997,,S&P 500,Health Care,0.5723014256619144,0.006109979633401222,0.2892057026476578
SPGI,405.239990234375,24.937845,3.7924287,0.14255,119464747008.0,Financial Services,S&P Global Inc.,-0.20082763148125715,,S&P 500,Financials,0.45417515274949083,0.12423625254582485,0.2892057026476578
ECL,283.4599914550781,38.305405,7.9127927,0.21956,79461941248.0,Basic Materials,Ecolab Inc.,0.012811637818456845,,S&P 500,Materials,0.2240325865580448,0.34826883910386963,0.2861507128309572
CPRT,29.010000228881836,17.907408,3.0610952,0.17607,27945576448.0,Industrials,"Copart, Inc.",-0.4034009420215269,,S&P 500,Industrials,0.539714867617108,0.032586558044806514,0.2861507128309572
NVDA,218.99000549316406,33.535988,27.136309,1.14288,5304156684288.0,Technology,NVIDIA Corporation,0.15407851804703832,,S&P 500,Information Technology,0.02647657841140527,0.5417515274949084,0.28411405295315684
LDOS,135.25999450683594,11.844132,3.2123687,0.27781,17013741568.0,Technology,"Leidos Holdings, Inc.",-0.35433190014627325,,S&P 500,Industrials,0.5173116089613035,0.05091649694501019,0.28411405295315684
CBRE,147.4499969482422,34.612675,5.089045,0.15798001,42697875456.0,Real Estate,CBRE Group Inc,-0.09443620786891216,,S&P 500,Real Estate,0.3686354378818737,0.1975560081466395,0.2830957230142566
AOS,62.9900016784668,17.594973,4.6480227,0.27133,8560881664.0,Industrials,A.O. Smith Corporation,-0.1377383474170637,,S&P 500,Industrials,0.3971486761710794,0.1690427698574338,0.2830957230142566
MRSH,193.2899932861328,23.372429,6.084233,0.25902998,92240158720.0,Financial Services,Marsh,-0.05940587766723726,,S&P 500,Financials,0.3075356415478615,0.2545824847250509,0.28105906313645623
ACN,171.11000061035156,13.645136,3.282938,0.24406,104709406720.0,Technology,Accenture plc,-0.34862083218517503,,S&P 500,Information Technology,0.5091649694501018,0.05295315682281059,0.2810590631364562
TMUS,179.97000122070312,18.142138,3.4379537,0.17994,193048707072.0,Communication Services,"T-Mobile US, Inc.",-0.30415296640105915,,S&P 500,Communication Services,0.49490835030549896,0.06517311608961303,0.280040733197556
WM,229.00999450683594,59.175713,9.228692,0.29841,91538776064.0,Industrials,"Waste Management, Inc.",0.016745380668472976,,S&P 500,Industrials,0.19144602851323833,0.35845213849287166,0.274949083503055
QCOM,160.38999938964844,18.021349,6.129476,0.33754003,168409497600.0,Technology,QUALCOMM Incorporated,-0.0622710874813206,,S&P 500,Information Technology,0.3014256619144603,0.2484725050916497,0.274949083503055
PG,146.97000122070312,22.167421,6.404759,0.30290002,342234202112.0,Consumer Defensive,Procter & Gamble Company (The),-0.05285918231173725,,S&P 500,Consumer Staples,0.28716904276985744,0.2606924643584521,0.27393075356415475
RSG,209.58999633789062,30.02722,5.3884716,0.18346001,64483315712.0,Industrials,"Republic Services, Inc.",-0.08972726593252123,,S&P 500,Industrials,0.34419551934826886,0.20162932790224034,0.2729124236252546
MMM,180.7100067138672,32.385307,31.570581,0.81891996,93196206080.0,Industrials,3M Company,0.14930588613215767,,S&P 500,Industrials,0.012219959266802416,0.5295315682281059,0.27087576374745415
NRG,119.05000305175781,31.411612,5.996575,0.23772,25025558528.0,Utilities,"NRG Energy, Inc.",-0.06932829515255157,,S&P 500,Utilities,0.3136456211812627,0.22606924643584522,0.269857433808554
IBM,233.42999267578125,20.973045,6.3834496,0.34460998,219922432000.0,Technology,International Business Machines,-0.06431539494686145,,S&P 500,Information Technology,0.2892057026476579,0.24643584521384929,0.2678207739307536
SYY,84.3499984741211,22.98365,17.558285,0.77692,40381747200.0,Consumer Defensive,Sysco Corporation,0.08933127659385698,,S&P 500,Consumer Staples,0.07942973523421593,0.45417515274949083,0.2668024439918534
AON,360.75,19.843233,7.9681497,0.44699,76524249088.0,Financial Services,Aon plc,-0.014983200378108519,,S&P 500,Financials,0.22199592668024437,0.3054989816700611,0.2637474541751528
COR,325.010009765625,23.534395,18.611351,0.96871,62020739072.0,Healthcare,"Cencora, Inc.",0.07371274311694864,,S&P 500,Health Care,0.07331975560081472,0.4378818737270876,0.2556008146639511
ALLE,168.6999969482422,22.11009,6.773196,0.3373,14345705472.0,Industrials,Allegion plc,-0.06568249947285165,,S&P 500,Industrials,0.2668024439918534,0.24439918533604887,0.2556008146639511
HSY,183.02000427246094,24.500671,8.0064745,0.32808998,36773416960.0,Consumer Defensive,The Hershey Company,-0.026275282657945098,,S&P 500,Consumer Staples,0.21995926680244404,0.29124236252545826,0.2556008146639511
ITW,294.70001220703125,26.962488,29.163782,1.04618,84785192960.0,Industrials,Illinois Tool Works Inc.,0.11166588656294896,,S&P 500,Industrials,0.020366598778004064,0.48676171079429736,0.2535641547861507
DRI,210.94000244140625,19.994312,10.900729,0.53718,24160012288.0,Consumer Cyclical,"Darden Restaurants, Inc.",0.014967666960718606,,S&P 500,Consumer Discretionary,0.15274949083503053,0.3543788187372709,0.2535641547861507
TTD,17.670000076293945,21.54878,3.3922057,0.16735001,8306814464.0,Communication Services,"The Trade Desk, Inc.",-0.6699597335183408,,S&P 500,Communication Services,0.5010183299389002,0.004073319755600814,0.25254582484725047
PEP,138.44000244140625,18.191853,8.557829,0.51508,189109043200.0,Consumer Defensive,"Pepsico, Inc.",-0.0239788929738719,,S&P 500,Consumer Staples,0.2057026476578412,0.2953156822810591,0.25050916496945014
GEN,28.100000381469727,17.78481,6.436097,0.39876997,16820016128.0,Technology,Gen Digital Inc.,-0.07699110912378804,,S&P 500,Information Technology,0.285132382892057,0.21181262729124237,0.2484725050916497
CRM,186.77000427246094,22.367664,4.4680753,0.16908,152964628480.0,Technology,"Salesforce, Inc.",-0.27579510439655996,,S&P 500,Information Technology,0.4073319755600815,0.0814663951120163,0.2443991853360489
RMD,223.24000549316406,21.589943,4.9876003,0.25246,32382388224.0,Healthcare,ResMed Inc.,-0.22552174891077326,,S&P 500,Health Care,0.3747454175152749,0.11405295315682282,0.24439918533604887
SYK,337.42999267578125,34.96684,5.629369,0.16508,129429053440.0,Healthcare,Stryker Corporation,-0.15940803948818782,,S&P 500,Health Care,0.33197556008146645,0.15274949083503056,0.2423625254582485
VEEV,217.8000030517578,37.87826,4.8585706,0.13934,35380150272.0,Healthcare,Veeva Systems Inc.,-0.24301638358553412,,S&P 500,Health Care,0.3788187372708758,0.10386965376782077,0.24134419551934827
NVR,6304.81005859375,16.556314,4.979143,0.31544,16801435648.0,Consumer Cyclical,"NVR, Inc.",-0.24275499945954715,,S&P 500,Consumer Discretionary,0.37678207739307534,0.10590631364562118,0.24134419551934827
KR,57.31999969482422,33.132946,6.1954174,0.13779001,35116941312.0,Consumer Defensive,Kroger Company (The),-0.13551856909148607,,S&P 500,Consumer Staples,0.2973523421588594,0.17311608961303462,0.235234215885947
EFX,175.7899932861328,31.16844,4.7195745,0.14275,20652668928.0,Industrials,"Equifax, Inc.",-0.291741361683319,,S&P 500,Industrials,0.3910386965376782,0.07535641547861507,0.23319755600814662
FDS,274.5799865722656,18.317545,4.833814,0.27032,9765586944.0,Financial Services,FactSet Research Systems Inc.,-0.2850439852067055,,S&P 500,Financials,0.38289205702647655,0.07942973523421588,0.2311608961303462
V,370.4700012207031,31.34264,19.63275,0.6119,691685031936.0,Financial Services,Visa Inc.,0.04717090071803787,,S&P 500,Financials,0.0672097759674134,0.395112016293279,0.2311608961303462
TYL,306.3299865722656,40.30658,4.128214,0.09731,12544909312.0,Technology,"Tyler Technologies, Inc.",-0.44997156868634536,,S&P 500,Information Technology,0.43380855397148677,0.020366598778004074,0.22708757637474541
DECK,97.87000274658203,14.122656,5.8138294,0.42558,13328118784.0,Consumer Cyclical,Deckers Outdoor Corporation,-0.19016969424322216,,S&P 500,Consumer Discretionary,0.3238289205702648,0.12830957230142567,0.22606924643584525
CDW,141.97000122070312,16.841043,7.049156,0.44009998,17748723712.0,Technology,CDW Corporation,-0.08896128971702799,,S&P 500,Information Technology,0.2464358452138493,0.20366598778004075,0.22505091649694503
NKE,42.0,20.192308,4.1899443,0.22138001,62306947072.0,Consumer Cyclical,"Nike, Inc.",-0.44610880455934343,,S&P 500,Consumer Discretionary,0.4256619144602851,0.02240325865580448,0.2240325865580448
PTC,147.66000366210938,13.534372,4.711701,0.35053003,16022035456.0,Technology,PTC Inc.,-0.35737706347427545,,S&P 500,Information Technology,0.39307535641547864,0.04480651731160896,0.2189409368635438
INTU,321.9100036621094,19.99441,4.279865,0.22496,88054292480.0,Technology,Intuit Inc.,-0.5208083893702096,,S&P 500,Information Technology,0.4195519348268839,0.010183299389002037,0.21486761710794297
VLTO,98.0199966430664,24.443888,7.7290645,0.34312,23896623104.0,Industrials,Veralto Corp,-0.10846627133473175,,S&P 500,Industrials,0.23217922606924646,0.19144602851323828,0.21181262729124237
UBER,70.47000122070312,14.961783,5.798091,0.3716,143939207168.0,Technology,"Uber Technologies, Inc.",-0.2494933268229167,,S&P 500,Industrials,0.32586558044806513,0.09572301425661914,0.21079429735234212
MSFT,499.8599853515625,27.181076,8.391841,0.34039003,3711733071872.0,Technology,Microsoft Corporation,-0.07702308929512625,,S&P 500,Information Technology,0.20977596741344195,0.20977596741344195,0.20977596741344195
ERIE,254.05999755859375,22.78565,5.3847947,0.24808,13284763648.0,Financial Services,Erie Indemnity Company,-0.3025350835691585,,S&P 500,Financials,0.3462321792260692,0.06720977596741344,0.20672097759674132
FAST,50.79999923706055,42.68907,14.326001,0.34334,58292875264.0,Industrials,Fastenal Company,-0.018398268058506972,,S&P 500,Industrials,0.1120162932790224,0.29938900203665986,0.20570264765784113
CDNS,338.4200134277344,67.14683,13.590074,0.23229,93341655040.0,Technology,"Cadence Design Systems, Inc.",-0.029706371827997957,,S&P 500,Information Technology,0.11812627291242361,0.2892057026476578,0.20366598778004072
RCL,320.54998779296875,20.236742,8.375356,0.44669998,85731762176.0,Consumer Cyclical,Royal Caribbean Cruises Ltd.,-0.10868850730281998,,S&P 500,Consumer Discretionary,0.2118126272912424,0.1894093686354379,0.20061099796334014
META,589.9000244140625,22.176693,6.14396,0.29848,1502773903360.0,Communication Services,"Meta Platforms, Inc.",-0.24389515227271952,,S&P 500,Communication Services,0.29938900203665986,0.10183299389002037,0.20061099796334012
CTAS,202.14999389648438,41.00406,15.73764,0.40714002,80894279680.0,Industrials,Cintas Corporation,-0.018463938447048966,,S&P 500,Industrials,0.09775967413441955,0.2973523421588595,0.1975560081466395
COST,949.1500244140625,47.38642,25.4614,0.29152,420927930368.0,Consumer Defensive,Costco Wholesale Corporation,0.014972500770059183,,S&P 500,Consumer Staples,0.03258655804480648,0.3564154786150713,0.19450101832993888
KOG.OL,315.79998779296875,52.80936,22.516933,0.32644,277780594688.0,Industrials,KONGSBERG GRUPPEN,0.00859079157674092,,Euronext 100,n/a (Oslo),0.04276985743380857,0.3421588594704684,0.1924643584521385
ADYEN.AS,942.9000244140625,28.062502,5.6260295,0.22329001,29735948288.0,Technology,ADYEN,-0.38866424324534776,,Euronext 100,n/a (Amsterdam),0.3340122199592668,0.03665987780040733,0.18533604887983707
WDAY,170.24000549316406,53.2,6.3430085,0.10858,42044764160.0,Technology,"Workday, Inc.",-0.3053461950866727,,S&P 500,Information Technology,0.2912423625254582,0.06313645621181263,0.17718940936863542
TSLA,319.5299987792969,293.1468,14.527392,0.046669997,1261998964736.0,Consumer Cyclical,"Tesla, Inc.",-0.0678707400889852,,S&P 500,Consumer Discretionary,0.10997963340122197,0.23625254582484725,0.1731160896130346
HOOD,90.70999908447266,41.045246,8.602181,0.23618999,81555750912.0,Financial Services,"Robinhood Markets, Inc.",-0.16793234091799147,,S&P 500,Financials,0.2016293279022403,0.1425661914460285,0.1720977596741344
ISRG,373.7099914550781,43.103806,7.2794027,0.17423001,133892087808.0,Healthcare,"Intuitive Surgical, Inc.",-0.25347560598962127,,S&P 500,Health Care,0.2403258655804481,0.09164969450101833,0.16598778004073322
DASH,213.25999450683594,97.82568,9.230436,0.09922,92404629504.0,Consumer Cyclical,"DoorDash, Inc.",-0.20016308394654692,,S&P 500,Consumer Discretionary,0.1894093686354379,0.12627291242362526,0.15784114052953158
BR,164.75,17.037228,6.7623034,0.40916002,19054704640.0,Technology,"Broadridge Financial Solutions,",-0.3853495555979838,,S&P 500,Industrials,0.2688391038696538,0.038696537678207736,0.15376782077393078
SHW,363.4200134277344,34.123947,22.752146,0.65124,88223170560.0,Basic Materials,Sherwin-Williams Company (The),-0.061613865060436535,,S&P 500,Materials,0.04073319755600813,0.2505091649694501,0.1456211812627291
MCO,473.1300048828125,30.68288,27.08708,0.76932,81937121280.0,Financial Services,Moody's Corporation,-0.05541472812606407,,S&P 500,Financials,0.02851323828920571,0.25865580448065173,0.14358452138492872
CVNA,68.33999633789062,36.741932,12.199213,0.58773,101694857216.0,Consumer Cyclical,Carvana Co.,-0.16164768822707665,,S&P 500,Consumer Discretionary,0.13034623217922603,0.15071283095723015,0.1405295315682281
TSCO,34.09000015258789,17.392857,6.7840796,0.39513,17878487040.0,Consumer Cyclical,Tractor Supply Company,-0.4932868527373049,,S&P 500,Consumer Discretionary,0.26476578411405294,0.016293279022403257,0.1405295315682281
PODD,139.3000030517578,25.008976,6.7875066,0.26016,9661040640.0,Healthcare,Insulet Corporation,-0.5135047554194111,,S&P 500,Health Care,0.2627291242362525,0.012219959266802444,0.13747454175152746
ADP,273.510009765625,24.685019,18.040367,0.72239,108655337472.0,Technology,"Automatic Data Processing, Inc.",-0.09927682068076427,,S&P 500,Industrials,0.07739307535641549,0.1955193482688391,0.1364562118126273
ADBE,260.239990234375,14.836943,9.015138,0.62953997,103445397504.0,Technology,Adobe Inc.,-0.29798151081427604,,S&P 500,Information Technology,0.19755600814663954,0.07128309572301425,0.1344195519348269
CMG,33.709999084472656,31.801888,19.429394,0.49560001,42657239040.0,Consumer Cyclical,"Chipotle Mexican Grill, Inc.",-0.11675363645481907,,S&P 500,Consumer Discretionary,0.06924643584521384,0.18329938900203666,0.12627291242362526
BX,133.4499969482422,30.398634,11.842221,0.31374002,166092849152.0,Financial Services,Blackstone Inc.,-0.2322645672448247,,S&P 500,Financials,0.13849287169042768,0.1120162932790224,0.12525458248472504
MSI,474.07000732421875,34.477818,32.595573,0.99289,78455644160.0,Technology,"Motorola Solutions, Inc.",-0.0672932850945317,,S&P 500,Information Technology,0.010183299389002087,0.23828920570264767,0.12423625254582488
KMB,108.66000366210938,22.22086,20.649944,1.04913,36068638720.0,Consumer Defensive,Kimberly-Clark Corporation,-0.1121116811686046,,S&P 500,Consumer Staples,0.05702647657841142,0.18737270875763748,0.12219959266802445
RACE.MI,356.20001220703125,38.419632,17.125889,0.45439997,62598643712.0,Consumer Cyclical,FERRARI,-0.1542353019657181,,Euronext 100,n/a (Milan),0.0896130346232179,0.15478615071283094,0.12219959266802442
LII,435.7300109863281,19.841988,11.608323,0.71757007,15059124224.0,Industrials,"Lennox International, Inc.",-0.24666866116918096,,S&P 500,Industrials,0.14256619144602856,0.09979633401221996,0.12118126272912426
AMT,171.1999969482422,27.088606,21.445572,0.33914003,79772360704.0,Real Estate,American Tower Corporation (REI,-0.1167189395266941,,S&P 500,Real Estate,0.050916496945010215,0.18533604887983707,0.11812627291242364
BA,232.19000244140625,86.31599,30.092016,1.73537,183381917696.0,Industrials,Boeing Company (The),-0.07900116697100157,,S&P 500,Industrials,0.016293279022403295,0.20773930753564154,0.11201629327902242
VST,141.3800048828125,23.524126,15.314125,0.42898,47670857728.0,Utilities,Vistra Corp.,-0.21227145357783428,,S&P 500,Utilities,0.10183299389002032,0.12016293279022404,0.11099796334012219
NOW,117.3499984741211,73.34375,9.693541,0.14244,121323708416.0,Technology,"ServiceNow, Inc.",-0.39381553041529327,,S&P 500,Information Technology,0.1792260692464358,0.034623217922606926,0.10692464358452136
AXON,522.4600219726562,256.10785,11.911179,0.06765,42443300864.0,Industrials,"Axon Enterprise, Inc.",-0.29376811507792766,,S&P 500,Industrials,0.1344195519348269,0.07331975560081466,0.10386965376782079
NFLX,73.69000244140625,23.31962,10.176771,0.49541,306840731648.0,Communication Services,"Netflix, Inc.",-0.40649699237988746,,S&P 500,Communication Services,0.16904276985743383,0.03054989816700611,0.09979633401221996
ZTS,77.2699966430664,12.6672125,9.857124,0.67748,32393756672.0,Healthcare,Zoetis Inc.,-0.49632726851117126,,S&P 500,Health Care,0.17515274949083504,0.014256619144602852,0.09470468431771895
IDXX,590.0,41.143654,30.043793,0.74211,46540972032.0,Healthcare,"IDEXX Laboratories, Inc.",-0.13602437972809267,,S&P 500,Health Care,0.018329938900203624,0.1710794297352342,0.09470468431771892
ROL,36.83000183105469,34.101852,12.832754,0.37008998,17720586240.0,Consumer Cyclical,"Rollins, Inc.",-0.3219881420224445,,S&P 500,Industrials,0.12627291242362526,0.05702647657841141,0.09164969450101834
HD,349.5199890136719,25.055197,25.116411,1.2838,348512223232.0,Consumer Cyclical,"Home Depot, Inc. (The)",-0.16221452666782243,,S&P 500,Consumer Discretionary,0.03462321792260692,0.14867617107942974,0.09164969450101833
ADSK,242.47000122070312,35.089725,16.042742,0.50396,51196387328.0,Technology,"Autodesk, Inc.",-0.2557992123808074,,S&P 500,Information Technology,0.09368635437881878,0.0855397148676171,0.08961303462321794
ORCL,143.47000122070312,24.736206,11.002301,0.53376,413261168640.0,Technology,Oracle Corporation,-0.41913851760603027,,S&P 500,Information Technology,0.14867617107942976,0.024439918533604887,0.08655804480651733
PLTR,155.9199981689453,135.58261,38.281364,0.38097,374684876800.0,Technology,Palantir Technologies Inc.,-0.21472789045765361,,S&P 500,Information Technology,0.006109979633401208,0.11812627291242363,0.06211812627291242
