ticker,error,price,market_cap,sector,industry,name,pe,pb,eps,roe,margin,debt_eq,mom_12_2,sector_median_pe,roe_pct,margin_pct,debt_pct,quality_multiplier,fair_pe,fair_value,valuation_gap,sector_momentum,passes_filter
AGNC,,10.609999656677246,12577957888.0,Real Estate,REIT - Mortgage,AGNC Investment Corp.,5.305,1.1681162,2.0,0.19799,0.94377,717.093,0.23684311568652805,26.7354275,1.0,1.0,1.0,1.25,33.419284375000004,66.83856875000001,5.299582555399627,-0.08279241984590469,False
BVC,,10.739999771118164,1804320000.0,Technology,Software - Application,BitVentures Limited,7.356164,6.165327,1.46,0.22775,5.2123103,,14.768688914696085,41.30662,0.5483870967741935,1.0,0.6129032258064516,1.1209677419354838,46.3033885483871,67.60294728064515,5.294501743141738,0.3152875483628228,True
CHY,,12.930000305175781,1038670976.0,Financial Services,Asset Management,Calamos Convertible and High In,3.085919,1.0149933,4.19,0.36298,20.20017,46.224,0.25554782212125815,12.895105,1.0,0.9655172413793104,0.20689655172413793,1.4396551724137931,18.564504612068966,77.78527432456897,5.0158756758445024,0.21317944156180424,True
CHI,,12.869999885559082,1038696320.0,Financial Services,Asset Management,Calamos Convertible Opportuniti,3.3255816,1.073126,3.87,0.35838002,20.2506,44.844,0.3160354476425282,12.895105,0.9655172413793104,1.0,0.1724137931034483,1.4396551724137931,18.564504612068966,71.8446328487069,4.582333604316571,0.21317944156180424,True
AMSC,,32.900001525878906,1593746560.0,Industrials,Specialty Industrial Machinery,American Superconductor Corpora,10.716613,2.8213704,3.07,0.35561,0.44729,0.72,-0.4114228468710234,38.811596,0.7777777777777778,1.0,0.1111111111111111,1.3611111111111112,52.82689455555556,162.17856628555558,3.92943947610419,0.10291152301310547,True
AUPH,,16.1299991607666,2074344832.0,Healthcare,Biotechnology,Aurinia Pharmaceuticals Inc,7.467592,3.7157335,2.16,0.64983004,0.99973,12.092,0.2410342283979241,27.978724,0.7368421052631579,1.0,0.2631578947368421,1.3026315789473684,36.44596942105263,78.72329394947369,3.8805516457157863,0.17375004291534424,True
AVAH,,9.3100004196167,2027300992.0,Healthcare,Medical Care Facilities,Aveanna Healthcare Holdings Inc,7.694215,8.410118,1.21,3.68009,0.103690006,623.924,0.17375004291534424,27.978724,0.9473684210526315,0.631578947368421,0.9473684210526315,1.144736842105263,32.02827615789473,38.75421415105262,3.1626436524530437,0.17375004291534424,False
CHKP,,125.27999877929688,12791166976.0,Technology,Software - Infrastructure,Check Point Software Technologi,12.849231,4.7097745,9.75,0.37639,0.37932,72.153,-0.34177281943063087,41.30662,0.7419354838709677,0.9354838709677419,0.6774193548387096,1.185483870967742,48.96833177419355,477.44123479838714,2.810993290632811,0.3152875483628228,True
ADBE,,260.239990234375,103445397504.0,Technology,Software - Application,Adobe Inc.,14.836943,9.015138,17.54,0.62953997,0.28689,61.443,-0.29798151081427604,41.30662,0.9032258064516129,0.8387096774193549,0.5161290322580645,1.282258064516129,52.965746612903224,929.0191955903225,2.5698556349992083,0.3152875483628228,True
CHTR,,157.44000244140625,21219368960.0,Communication Services,Telecom Services,"Charter Communications, Inc.",3.985823,1.1077807,39.5,0.27201998,0.09052,441.578,-0.45410044785852377,15.179246,0.6,0.4,1.0,0.9000000000000001,13.661321400000002,539.6221953,2.427478321469341,-0.21095661258199194,False
AFYA,,13.90999984741211,1272105984.0,Consumer Defensive,Education & Training Services,Afya Limited,8.3795185,1.3323394,1.66,0.16757,0.20073,66.887,-0.01837556788943906,22.888151999999998,0.6666666666666666,1.0,0.5,1.2083333333333333,27.656516999999997,45.90981821999999,2.3004902029917202,0.16473142283086928,True
BLKB,,46.36000061035156,2104284928.0,Technology,Software - Application,"Blackbaud, Inc.",14.4875,31.010035,3.2,1.94448,0.13124,1727.037,-0.3584170315627747,41.30662,1.0,0.5161290322580645,1.0,1.129032258064516,46.6365064516129,149.2368206451613,2.219085821406109,0.3152875483628228,False
CENX,,45.95000076293945,4547857408.0,Basic Materials,Aluminum,Century Aluminum Company,13.966566,3.9516683,3.29,0.32259998,0.13676,42.499,1.0049261357244692,38.584795,0.75,0.5,0.75,1.0625,40.9963446875,134.877974021875,1.93532038699463,0.9406425916773093,True
BLBD,,66.01000213623047,2090935424.0,Industrials,Farm & Heavy Construction Machinery,Blue Bird Corporation,18.914042,8.239921,3.49,0.54476,0.08908,29.531,0.2740195267554075,38.811596,1.0,0.6666666666666666,0.2222222222222222,1.3611111111111112,52.82689455555556,184.36586199888893,1.7929988794485627,0.10291152301310547,True
ASO,,47.349998474121094,2936569856.0,Consumer Cyclical,Specialty Retail,"Academy Sports and Outdoors, In",8.455357,1.417792,5.6,0.18847999,0.0624,91.982,-0.10414451707246664,23.5387595,0.5,0.5833333333333334,0.5833333333333334,0.9999999999999999,23.538759499999998,131.81705319999998,1.783887168909708,0.06520875060623532,True
ACAD,,28.450000762939453,4871660544.0,Healthcare,Biotechnology,ACADIA Pharmaceuticals Inc.,12.931818,3.7365382,2.2,0.35743,0.33416,4.557,-0.004617119389824564,27.978724,0.631578947368421,0.8947368421052632,0.15789473684210525,1.25,34.973405,76.941491,1.7044460083188557,0.17375004291534424,True
CCEC,,22.75,1367580800.0,Industrials,Marine Shipping,Capital Clean Energy Carriers C,14.04321,0.8864903,1.62,0.06587,0.28006,189.423,0.0787125563900759,38.811596,0.3333333333333333,0.8888888888888888,0.8888888888888888,0.9166666666666666,35.57729633333334,57.63522006000001,1.5334162663736266,0.10291152301310547,False
ADMA,,10.0600004196167,2253285888.0,Healthcare,Biotechnology,ADMA Biologics Inc,13.594595,5.9880958,0.74,0.43300998,0.32431,110.673,-0.5098493669779609,27.978724,0.6842105263157895,0.8421052631578947,0.5263157894736842,1.1710526315789473,32.76455836842105,24.245773192631574,1.4101165190165443,0.17375004291534424,True
APA,,36.529998779296875,12912267264.0,Energy,Oil & Gas E&P,APA Corporation,8.081859,2.116209,4.52,0.26217,0.18313,61.314,0.66329085344353,13.9697265,1.0,1.0,0.5,1.375,19.2083739375,86.82185019749998,1.376727432214032,0.505771709741626,True
CDW,,141.97000122070312,17748723712.0,Technology,Information Technology Services,CDW Corporation,16.841043,7.049156,8.43,0.44009998,0.04597,263.278,-0.08896137539908411,41.30662,0.8064516129032258,0.12903225806451613,0.967741935483871,0.9435483870967742,38.97479467741936,328.5575191306452,1.3142742572769133,0.3152875483628228,False
ADP,,273.510009765625,108655337472.0,Technology,Software - Application,"Automatic Data Processing, Inc.",24.685019,18.040367,11.08,0.72239,0.20109,89.702,-0.09927672776256635,41.30662,0.9354838709677419,0.6774193548387096,0.8387096774193549,1.1774193548387097,48.635213870967746,538.8781696903226,0.9702319858497892,0.3152875483628228,True
ACGL,,99.29000091552734,33857890304.0,Financial Services,Insurance - Diversified,Arch Capital Group Ltd.,7.7509756,1.4533505,12.81,0.19936001,0.24396999,17.836,0.09832841822385885,12.895105,0.7931034482758621,0.27586206896551724,0.13793103448275862,1.1810344827586206,15.229563663793101,195.09071053318962,0.9648575761336367,0.21317944156180424,True
CINF,,179.0399932861328,27478708224.0,Financial Services,Insurance - Property & Casualty,Cincinnati Financial Corporatio,8.397748,1.6474506,21.32,0.21484,0.23843001,5.255,0.18268317648437726,12.895105,0.896551724137931,0.2413793103448276,0.034482758620689655,1.25,16.118881249999998,343.65454824999995,0.9194289607729618,0.21317944156180424,True
CALM,,84.8499984741211,3980914176.0,Consumer Defensive,Farm Products,"Cal-Maine Foods, Inc.",12.914763,1.5141511,6.57,0.122200005,0.10876001,,-0.21864723119424023,22.888151999999998,0.5,0.8333333333333334,0.5833333333333334,1.0625,24.318661499999997,159.773606055,0.8830124800029346,0.16473142283086928,True
CHDN,,86.87999725341797,6055556608.0,Consumer Cyclical,Gambling,"Churchill Downs, Incorporated",14.650928,4.5351567,5.93,0.33848,0.13804,349.173,-0.18415848163605852,23.5387595,0.8333333333333334,0.75,0.9166666666666666,1.125,26.4811044375,157.032949314375,0.8074695474072098,0.06520875060623532,False
ALRM,,56.290000915527344,2784136192.0,Technology,Software - Application,"Alarm.com Holdings, Inc.",23.356846,3.2331994,2.41,0.14837,0.12357,62.706,-0.06617774172658675,41.30662,0.4838709677419355,0.45161290322580644,0.5483870967741935,0.967741935483871,39.974148387096776,96.33769761290324,0.7114531186004818,0.3152875483628228,True
CNXN,,86.5999984741211,2185619456.0,Technology,Electronics & Computer Distribution,"PC Connection, Inc.",22.729658,2.2942219,3.81,0.104320005,0.03208,0.792,0.3152875483628228,41.30662,0.3225806451612903,0.06451612903225806,0.03225806451612903,0.9193548387096774,37.97544096774194,144.6864300870968,0.6707440258250561,0.3152875483628228,True
CARG,,36.380001068115234,3281006592.0,Consumer Cyclical,Auto & Truck Dealerships,"CarGurus, Inc.",19.14737,13.7907505,1.9,0.5848,0.15889,79.28,0.047398938632102317,23.5387595,1.0,0.8333333333333334,0.5,1.3333333333333333,31.38501266666667,59.631524066666664,0.6391292555219279,0.06520875060623532,True
ADEA,,28.309999465942383,3122031104.0,Technology,Software - Application,Adeia Inc.,27.485437,6.6895084,1.03,0.27878,0.26053,82.707,0.786568813927444,41.30662,0.6451612903225806,0.7741935483870968,0.7741935483870968,1.0725806451612903,44.30468112903226,45.63382156290323,0.6119329715213109,0.3152875483628228,True
CDNA,,44.810001373291016,2318210560.0,Healthcare,Diagnostics & Research,"CareDx, Inc.",21.858538,5.420346,2.05,0.29487,0.24234,4.522,2.1998535558368637,27.978724,0.5789473684210527,0.7894736842105263,0.10526315789473684,1.2105263157894737,33.868981684210524,69.43141245263156,0.5494624040341165,0.17375004291534424,True
ACT,,48.66999816894531,6794368512.0,Financial Services,Insurance - Specialty,"Enact Holdings, Inc.",10.355319,1.2778302,4.7,0.12926,0.54486,13.939,0.277286241395196,12.895105,0.5517241379310345,0.896551724137931,0.06896551724137931,1.2327586206896552,15.896551853448276,74.7137937112069,0.5351098525185329,0.21317944156180424,True
AMKR,,54.15999984741211,13424775168.0,Technology,Semiconductor Equipment & Materials,"Amkor Technology, Inc.",24.178572,2.8880713,2.24,0.12514,0.07448,57.054,1.079373499295695,41.30662,0.3870967741935484,0.25806451612903225,0.4838709677419355,0.8870967741935484,36.64296935483871,82.08025135483872,0.5155142464196427,0.3152875483628228,True
COLM,,57.279998779296875,2929344512.0,Consumer Cyclical,Apparel Manufacturing,Columbia Sportswear Company,14.955613,1.851744,3.83,0.12658,0.06047,28.799,0.08301856258036833,23.5387595,0.25,0.5,0.16666666666666666,0.9583333333333334,22.55797785416667,86.39705518145834,0.5083285094741561,0.06520875060623532,True
ANDE,,67.94999694824219,2313972992.0,Consumer Defensive,Food Distribution,"The Andersons, Inc.",13.455444,1.7365192,5.05,0.12159,0.016210001,66.35,0.7556578160641223,22.888151999999998,0.4166666666666667,0.08333333333333333,0.4166666666666667,0.8750000000000001,20.027133,101.13702165,0.48840362313829844,0.16473142283086928,True
AAPL,,312.4100036621094,4559367831552.0,Technology,Consumer Electronics,Apple Inc.,35.704,42.44701,8.75,1.4875101,0.27618998,78.445,0.3344703125939317,41.30662,0.967741935483871,0.8064516129032258,0.7419354838709677,1.25,51.633275000000005,451.79115625000003,0.44614817372698456,0.3152875483628228,True
BVS,,13.979999542236328,1175604480.0,Healthcare,Medical Devices,Bioventus Inc.,19.690142,5.0947523,0.71,0.25684,0.09361,89.561,0.779729717103472,27.978724,0.5263157894736842,0.47368421052631576,0.47368421052631576,1.013157894736842,28.346865105263156,20.12627422473684,0.4396477027006622,0.17375004291534424,True
CMCSA,,25.170000076293945,89319186432.0,Communication Services,Telecom Services,Comcast Corporation,7.940063,0.9944293,3.17,0.114879996,0.08966,100.474,-0.21095661258199194,15.179246,0.2,0.2,0.6,0.75,11.3844345,36.088657364999996,0.43379647419984124,-0.21095661258199194,False
CHRW,,146.66000366210938,17137405952.0,Industrials,Integrated Freight & Logistics,"C.H. Robinson Worldwide, Inc.",29.332,10.552598,5.0,0.37123,0.03726,121.188,0.16601422634636864,38.811596,0.8888888888888888,0.2222222222222222,0.7777777777777778,1.0555555555555556,40.96779577777778,204.8389788888889,0.3966928526799871,0.10291152301310547,True
CENTA,,40.599998474121094,2540373504.0,Consumer Defensive,Packaged Foods,Central Garden & Pet Company,13.999999,1.6121986,2.9,0.10752,0.05422,85.846,0.14774451251793597,22.888151999999998,0.2916666666666667,0.4583333333333333,0.7083333333333334,0.8333333333333334,19.07346,55.313034,0.36239005120301093,0.16473142283086928,True
ACIW,,55.220001220703125,5613751808.0,Technology,Software - Infrastructure,"ACI Worldwide, Inc.",29.216932,3.730073,1.89,0.13817,0.11507,56.975,0.16170220068230123,41.30662,0.45161290322580644,0.3870967741935484,0.45161290322580644,0.9596774193548387,39.64103048387097,74.92154761451613,0.35678279533297963,0.3152875483628228,True
ADSK,,242.47000122070312,51196387328.0,Technology,Software - Application,"Autodesk, Inc.",35.089725,16.042742,6.91,0.50396,0.19488001,85.419,-0.2557992123808074,41.30662,0.8387096774193549,0.6451612903225806,0.8064516129032258,1.1290322580645162,46.63650645161291,322.2582595806452,0.3290644531622553,0.3152875483628228,True
AMZN,,272.260009765625,2936681791488.0,Consumer Cyclical,Internet Retail,"Amazon.com, Inc.",21.921095,5.322152,12.42,0.30558002,0.1744,45.617,0.1859388059924263,23.5387595,0.6666666666666666,0.9166666666666666,0.3333333333333333,1.2291666666666667,28.933058552083338,359.34858721687505,0.31987282130130024,0.06520875060623532,True
ANIP,,82.62999725341797,1878561408.0,Healthcare,Drug Manufacturers - Specialty & Generic,"ANI Pharmaceuticals, Inc.",20.402468,3.1369348,4.05,0.18324,0.099759996,112.077,-0.15251339183134194,27.978724,0.42105263157894735,0.5263157894736842,0.5789473684210527,0.9473684210526315,26.506159578947365,107.34994629473682,0.29916434543142034,0.17375004291534424,True
CASH,,88.62999725341797,1870982272.0,Financial Services,Banks - Regional,"Pathward Financial, Inc.",11.190656,2.1898549,7.92,0.21176,0.23382999,,0.11314804787526977,12.895105,0.8275862068965517,0.20689655172413793,0.5172413793103449,1.086206896551724,14.006751982758617,110.93347570344825,0.2516470624077578,0.21317944156180424,True
ASND,,249.85000610351562,16388369408.0,Healthcare,Biotechnology,Ascendis Pharma A/S,27.978724,27.579144,8.93,3.32654,0.57281,183.753,0.2555206583515026,27.978724,0.8947368421052632,0.9473684210526315,0.7368421052631579,1.2500000000000002,34.97340500000001,312.31250665000005,0.24999999608007029,0.17375004291534424,False
ADUS,,118.77999877929688,2217001984.0,Healthcare,Medical Care Facilities,Addus HomeCare Corporation,20.408934,1.8924559,5.82,0.09706,0.071329996,9.478,0.002691718267925358,27.978724,0.2631578947368421,0.3157894736842105,0.21052631578947367,0.9078947368421053,25.401736263157897,147.83810505157896,0.2446380415129863,0.17375004291534424,True
AMGN,,404.8500061035156,218500907008.0,Healthcare,Drug Manufacturers - General,Amgen Inc.,25.31895,18.725716,15.99,0.91473,0.22951001,490.281,0.3678514262168029,27.978724,0.7894736842105263,0.7368421052631579,0.8947368421052632,1.105263157894737,30.923852842105266,494.47240694526323,0.22137186486501403,0.17375004291534424,False
CEG,,261.1000061035156,93239336960.0,Utilities,Utilities - Independent Power Producers,Constellation Energy Corporatio,23.045013,2.825666,11.33,0.16104999,0.12693,66.428,-0.14340783676401314,22.490983,1.0,0.5,0.5,1.25,28.11372875,318.5285467375,0.21994844615674292,0.017470061530276693,True
CENT,,46.540000915527344,2912044032.0,Consumer Defensive,Packaged Foods,Central Garden & Pet Company,16.048275,1.848072,2.9,0.10752,0.05422,85.846,0.1817183331438026,22.888151999999998,0.2916666666666667,0.4583333333333333,0.7083333333333334,0.8333333333333334,19.07346,55.313034,0.18850521942180865,0.16473142283086928,True
CCEP,,108.25,47861473280.0,Consumer Defensive,Beverages - Non-Alcoholic,Coca-Cola Europacific Partners ,21.267189,5.025476,5.09,0.23544,0.09349,139.064,0.2647169219876462,22.888151999999998,0.75,0.75,0.8333333333333334,1.1041666666666667,25.2723345,128.636182605,0.1883250125173208,0.16473142283086928,True
BPOP,,176.13999938964844,11249476608.0,Financial Services,Banks - Regional,"Popular, Inc.",12.006817,1.7547495,14.67,0.15647,0.31645,,0.4272687949107099,12.895105,0.6551724137931034,0.6206896551724138,0.5172413793103449,1.1034482758620687,14.22908137931034,208.7406238344827,0.185083595763599,0.21317944156180424,True
ARHS,,9.680000305175781,1372156800.0,Consumer Cyclical,Specialty Retail,"Arhaus, Inc.",17.6,3.670838,0.55,0.17906,0.04674,160.917,-0.3371456104626934,23.5387595,0.4166666666666667,0.4166666666666667,0.75,0.875,20.5964145625,11.328028009375002,0.1702507905209507,0.06520875060623532,False
CACC,,581.2999877929688,6080439296.0,Financial Services,Credit Services,Credit Acceptance Corporation,13.033632,3.7960713,44.6,0.31932,0.38507,395.632,0.10525905762559451,12.895105,0.9310344827586207,0.7931034482758621,0.9655172413793104,1.1724137931034482,15.118398965517239,674.2805938620688,0.1599528780692412,0.21317944156180424,False
CNOB,,33.09000015258789,1665083264.0,Financial Services,Banks - Regional,"ConnectOne Bancorp, Inc.",10.37304,1.0960946,3.19,0.102460004,0.36089,,0.3135311372601395,12.895105,0.27586206896551724,0.6896551724137931,0.5172413793103449,0.9310344827586208,12.005787413793104,38.29846185,0.15740289130838137,0.21317944156180424,True
CCNE,,35.13999938964844,1040877824.0,Financial Services,Banks - Regional,CNB Financial Corporation,11.191082,1.2094303,3.14,0.124180004,0.29163998,,0.36045121791103396,12.895105,0.5172413793103449,0.4482758620689655,0.5172413793103449,0.9913793103448275,12.783940301724137,40.14157254741379,0.14233276165732422,0.21317944156180424,True
CATY,,63.709999084472656,4257444096.0,Financial Services,Banks - Regional,Cathay General Bancorp,12.541339,1.3974249,5.08,0.117060006,0.4367,,0.2928661831189545,12.895105,0.4827586206896552,0.8620689655172413,0.5172413793103449,1.0775862068965516,13.895587284482756,70.5895834051724,0.10798280363460933,0.21317944156180424,True
APPF,,194.11000061035156,6874792448.0,Technology,Software - Application,"AppFolio, Inc.",44.015873,13.066101,4.41,0.3209,0.15134,6.799,-0.35038575503114244,41.30662,0.6774193548387096,0.5806451612903226,0.25806451612903225,1.1693548387096775,48.30209596774194,213.01224321774197,0.0973790250268145,0.3152875483628228,True
BCPC,,180.4199981689453,5751432192.0,Basic Materials,Specialty Chemicals,Balchem Corporation,35.16959,4.5106125,5.13,0.12793,0.15141,12.801,0.04010655274368391,38.584795,0.25,0.75,0.25,1.0,38.584795,197.93999835,0.09710675290357207,0.9406425916773093,True
COKE,,188.22999572753906,12529396736.0,Consumer Defensive,Beverages - Non-Alcoholic,"Coca-Cola Consolidated, Inc.",24.509115,3.9363015,7.68,1.35179,0.07719,197.906,0.6128707309979684,22.888151999999998,1.0,0.6666666666666666,1.0,1.1666666666666667,26.702844,205.07784192,0.08950670230502489,0.16473142283086928,False
BZ,,16.09000015258789,7189947392.0,Communication Services,Internet Content & Information,KANZHUN LIMITED - American Depo,15.179246,2.4538772,1.06,0.18156,0.40103,0.602,-0.3059050621207565,15.179246,0.4,0.6,0.2,1.05,15.9382083,16.894500798,0.05000003963845301,-0.21095661258199194,False
AVT,,96.80000305175781,7939931136.0,Technology,Electronics & Computer Distribution,"Avnet, Inc.",24.260653,1.5837957,3.99,0.06665,0.0121,69.205,0.6660885271693608,41.30662,0.03225806451612903,0.03225806451612903,0.6451612903225806,0.6129032258064516,25.31696064516129,101.01467297419356,0.04353997716489966,0.3152875483628228,True
AMAL,,50.150001525878906,1499492480.0,Financial Services,Banks - Regional,Amalgamated Financial Corp.,13.409091,1.7958175,3.74,0.14276,0.33972,,0.7325781814238137,12.895105,0.5862068965517241,0.6551724137931034,0.5172413793103449,1.0775862068965516,13.895587284482756,51.96949644396551,0.03628105409224536,0.21317944156180424,True
AMAT,,527.47998046875,418797715456.0,Technology,Semiconductor Equipment & Materials,"Applied Materials, Inc.",50.236187,17.516104,10.5,0.39692003,0.29314,30.399,2.1720122160559736,41.30662,0.7741935483870968,0.8709677419354839,0.3870967741935484,1.2580645161290325,51.96639290322582,545.647125483871,0.034441392446736385,0.3152875483628228,True
AYA,,25.200000762939453,3612413696.0,Basic Materials,Silver,Aya Gold & Silver Inc.,42.0,7.862715,0.6,0.24129999,0.30453,21.387,0.9788518645148649,38.584795,0.5,1.0,0.5,1.125,43.407894375,26.044736625,0.033521263352613184,0.9406425916773093,True
AEP,,125.26000213623047,68191215616.0,Utilities,Utilities - Regulated Electric,American Electric Power Company,21.936953,2.1256087,5.71,0.10130999,0.13781999,160.789,0.17834795982456653,22.490983,0.5,1.0,1.0,1.0,22.490983,128.42351293,0.02525555436546245,0.017470061530276693,True
BANR,,70.48999786376953,2395596032.0,Financial Services,Banks - Regional,Banner Corporation,11.632013,1.198239,6.06,0.10782,0.31026,,0.07621788178372357,12.895105,0.3103448275862069,0.5517241379310345,0.5172413793103449,0.9137931034482759,11.78345801724138,71.40775558448276,0.013019687168765559,0.21317944156180424,True
BSY,,35.36000061035156,10742250496.0,Technology,Software - Application,"Bentley Systems, Incorporated",41.11628,9.025013,0.86,0.24256,0.18122,95.079,-0.3588936077772039,41.30662,0.6129032258064516,0.6129032258064516,0.8709677419354839,0.9919354838709677,40.9735020967742,35.23721180322581,-0.0034725340782320036,0.3152875483628228,True
CART,,45.029998779296875,10583392256.0,Consumer Cyclical,Internet Retail,Maplebear Inc.,25.156424,4.4504843,1.79,0.16283001,0.12552,1.311,0.028360608082285577,23.5387595,0.3333333333333333,0.6666666666666666,0.08333333333333333,1.0625,25.009931968750003,44.7677782240625,-0.005823241446653804,0.06520875060623532,True
CHCO,,145.24000549316406,2039919104.0,Financial Services,Banks - Regional,City Holding Company,15.977998,2.5229294,9.09,0.16755,0.41118,,0.1609792805158694,12.895105,0.7586206896551724,0.8275862068965517,0.5172413793103449,1.206896551724138,15.563057758620689,141.46819502586206,-0.025969500995918993,0.21317944156180424,True
ASML,,1704.3699951171875,654648541184.0,Technology,Semiconductor Equipment & Materials,ASML Holding N.V. - New York Re,57.46359,1448.1976,29.66,0.53942,0.30114,9.092,1.2080332774352285,41.30662,0.8709677419354839,0.9032258064516129,0.2903225806451613,1.338709677419355,55.29757193548388,1640.1259836064519,-0.037693700132475305,0.3152875483628228,True
ALGN,,169.0800018310547,12011418624.0,Healthcare,Medical Instruments & Supplies,"Align Technology, Inc.",30.301077,2.8561294,5.58,0.10155,0.09991,2.047,0.19160323796733936,27.978724,0.3157894736842105,0.5789473684210527,0.05263157894736842,1.0394736842105263,29.083147315789475,162.28396202210527,-0.04019422601934941,0.17375004291534424,True
ATEX,,100.31999969482422,1956086656.0,Communication Services,Telecom Services,Anterix Inc.,20.59959,7.233398,4.87,0.43271,13.9417,1.685,2.918281278007153,15.179246,0.8,1.0,0.4,1.2999999999999998,19.733019799999997,96.09980642599999,-0.04206731740093861,-0.21095661258199194,False
CBSH,,59.130001068115234,8508460032.0,Financial Services,Banks - Regional,"Commerce Bancshares, Inc.",14.636139,1.9525162,4.04,0.14694001,0.3164,,0.02518024298789645,12.895105,0.6206896551724138,0.5862068965517241,0.5172413793103449,1.0775862068965516,13.895587284482756,56.13817262931033,-0.05059746972367618,0.21317944156180424,True
COLB,,31.030000686645508,8775811072.0,Financial Services,Banks - Regional,"Columbia Banking System, Inc.",12.36255,1.1620418,2.51,0.11028,0.28383,,0.21317944156180424,12.895105,0.3793103448275862,0.3793103448275862,0.5172413793103449,0.9051724137931035,11.672293318965517,29.297456230603444,-0.055834496219902,0.21317944156180424,True
BFST,,31.709999084472656,1032156800.0,Financial Services,Banks - Regional,"Business First Bancshares, Inc.",11.365591,1.1015006,2.79,0.100109994,0.27831,,0.29369611342384916,12.895105,0.2413793103448276,0.3448275862068966,0.5172413793103449,0.8275862068965517,10.671811034482758,29.774352786206894,-0.061042142988064096,0.21317944156180424,True
COCO,,64.12000274658203,3710249472.0,Consumer Defensive,Beverages - Non-Alcoholic,"The Vita Coco Company, Inc.",35.82123,9.179671,1.79,0.31370002,0.15503,3.508,0.8449915877070266,22.888151999999998,0.9166666666666666,0.9166666666666666,0.08333333333333333,1.4166666666666667,32.424882,58.04053878,-0.09481384445053076,0.16473142283086928,True
ACLS,,136.66000366210938,4200094464.0,Technology,Semiconductor Equipment & Materials,"Axcelis Technologies, Inc.",42.309597,4.020476,3.23,0.097370006,0.11931,6.749,0.6289355746061649,41.30662,0.22580645161290322,0.41935483870967744,0.22580645161290322,0.9112903225806452,37.642323064516134,121.58470349838711,-0.11031245250801991,0.3152875483628228,True
CAKE,,107.30999755859375,5339813376.0,Consumer Cyclical,Restaurants,The Cheesecake Factory Incorpor,28.46419,10.292538,3.77,0.38834,0.04607,400.999,0.6757709472124769,23.5387595,0.9166666666666666,0.3333333333333333,1.0,1.0416666666666665,24.51954114583333,92.43867011979165,-0.13858286997613622,0.06520875060623532,False
BOKF,,144.47000122070312,8777996288.0,Financial Services,Banks - Regional,BOK Financial Corporation,13.655009,1.4431702,10.58,0.1086,0.28529,,0.2878575270264123,12.895105,0.3448275862068966,0.41379310344827586,0.5172413793103449,0.896551724137931,11.561128620689654,122.31674080689655,-0.15334159497904076,0.21317944156180424,True
BUSE,,31.09000015258789,2629504000.0,Financial Services,Banks - Regional,First Busey Corporation,12.794238,1.0852795,2.43,0.09634,0.29509002,,0.29998472593907555,12.895105,0.1724137931034483,0.4827586206896552,0.5172413793103449,0.8275862068965518,10.67181103448276,25.93250081379311,-0.1658893314082367,0.21317944156180424,True
CAE,,26.780000686645508,8611904512.0,Industrials,Aerospace & Defense,CAE Inc,38.811596,2.2816126,0.69,0.06227,0.06372,60.025,-0.04157389818227697,38.811596,0.2222222222222222,0.4444444444444444,0.5555555555555556,0.8333333333333335,32.34299666666667,22.3166677,-0.16666664944752063,0.10291152301310547,True
CLBT,,15.460000038146973,3856339712.0,Technology,Software - Infrastructure,Cellebrite DI Ltd.,55.214287,7.4649925,0.28,0.16444,0.14476,4.467,-0.10060973517742933,41.30662,0.5161290322580645,0.5483870967741935,0.12903225806451613,1.1129032258064515,45.970270645161285,12.87167578064516,-0.16742071481987186,0.3152875483628228,True
ABNB,,151.63999938964844,89999081472.0,Consumer Cyclical,Travel Services,"Airbnb, Inc.",37.62779,11.133627,4.03,0.32325,0.19902,33.185,0.16080598858086592,23.5387595,0.75,1.0,0.25,1.3125,30.894621843750002,124.50532603031252,-0.17894139718117308,0.06520875060623532,True
BHRB,,73.76000213623047,1487383168.0,Financial Services,Banks - Regional,Burke & Herbert Financial Servi,12.895105,1.2467884,5.72,0.09786,0.26976,,0.18262310840516394,12.895105,0.20689655172413793,0.3103448275862069,0.5172413793103449,0.8017241379310345,10.338316939655172,59.13517289482758,-0.19827587876681008,0.21317944156180424,True
CFFN,,8.989999771118164,1109186560.0,Financial Services,Banks - Regional,"Capitol Federal Financial, Inc.",13.83077,1.084439,0.65,0.080129996,0.36703998,,0.4227232681427908,12.895105,0.10344827586206896,0.7241379310344828,0.5172413793103449,0.853448275862069,11.005305129310344,7.153448334051723,-0.2042882629393007,0.21317944156180424,True
ALNY,,216.1199951171875,28918827008.0,Healthcare,Biotechnology,"Alnylam Pharmaceuticals, Inc.",39.87454,21.345184,5.42,0.96555,0.16126,220.623,-0.5397191557243268,27.978724,0.8421052631578947,0.6842105263157895,0.8421052631578947,1.131578947368421,31.660135052631578,171.59793198526316,-0.2060062194050254,0.17375004291534424,False
AMRX,,18.06999969482422,5770317824.0,Healthcare,Drug Manufacturers - Specialty & Generic,"Amneal Pharmaceuticals, Inc.",38.446808,175.43689,0.47,6.1301703,0.050479997,2386.528,0.916317875596782,27.978724,1.0,0.21052631578947367,1.0,1.0526315789473684,29.45128842105263,13.842105557894735,-0.23397311612243565,0.17375004291534424,False
ATLC,,111.79000091552734,1690040960.0,Financial Services,Credit Services,Atlanticus Holdings Corporation,16.635418,2.6009169,6.72,0.21402,0.21444,929.027,0.5815592607242184,12.895105,0.8620689655172413,0.13793103448275862,1.0,0.9655172413793103,12.45044620689655,83.66699851034481,-0.2515699273178583,0.21317944156180424,False
CME,,264.32000732421875,95043993600.0,Financial Services,Financial Data & Stock Exchanges,CME Group Inc.,22.47619,3.5807955,11.76,0.15802,0.63443,14.587,0.04389440930538879,12.895105,0.6896551724137931,0.9310344827586207,0.10344827586206896,1.3017241379310347,16.785869439655173,197.40182461034482,-0.25317108376056874,0.21317944156180424,True
AVGO,,420.56500244140625,2000871751680.0,Technology,Semiconductors,Broadcom Inc.,69.40017,22.819588,6.06,0.37280998,0.38848,74.018,0.3185791721599165,41.30662,0.7096774193548387,0.967741935483871,0.7096774193548387,1.1693548387096775,48.30209596774194,292.71070156451617,-0.30400603981474406,0.3152875483628228,True
ADI,,377.30999755859375,183782817792.0,Technology,Semiconductors,"Analog Devices, Inc.",56.147324,5.4467106,6.72,0.09639,0.26007998,25.81,0.4816044407432234,41.30662,0.1935483870967742,0.7419354838709677,0.3548387096774194,0.9435483870967741,38.974794677419354,261.91062023225805,-0.3058476533169915,0.3152875483628228,True
AUGO,,65.62999725341797,5480104960.0,Basic Materials,Gold,Aura Minerals Inc.,59.12612,18.215376,1.11,0.40327,0.07796,142.535,0.9024333188397538,38.584795,1.0,0.25,1.0,1.0625,40.9963446875,45.505942603125,-0.3066289119682223,0.9406425916773093,True
AKAM,,118.55000305175781,17235445760.0,Technology,Software - Infrastructure,"Akamai Technologies, Inc.",41.30662,3.5150921,2.87,0.091680005,0.102,119.534,0.4555794806400131,41.30662,0.16129032258064516,0.3225806451612903,0.9032258064516129,0.6854838709677419,28.315021774193546,81.26411249193548,-0.3145161501475767,0.3152875483628228,True
CDNS,,338.4200134277344,93341655040.0,Technology,Software - Application,"Cadence Design Systems, Inc.",67.14683,13.590074,5.04,0.23229,0.23605,38.661,-0.029706371827997957,41.30662,0.5806451612903226,0.7096774193548387,0.41935483870967744,1.1129032258064517,45.9702706451613,231.69016405161295,-0.3153768841715159,0.3152875483628228,True
AEIS,,323.9100036621094,12972738560.0,Industrials,Electrical Equipment & Parts,"Advanced Energy Industries, Inc",60.657303,8.890811,5.34,0.16267,0.10767,94.568,0.9364296506095462,38.811596,0.5555555555555556,0.7777777777777778,0.6666666666666666,1.0555555555555554,40.96779577777777,218.7680294533333,-0.3246024297491479,0.10291152301310547,True
BFC,,154.9499969482422,1717038720.0,Financial Services,Banks - Regional,Bank First Corporation,20.281414,2.0953348,7.64,0.11324,0.37313998,,0.19296686056510093,12.895105,0.41379310344827586,0.7586206896551724,0.5172413793103449,1.0172413793103448,13.117434396551722,100.21719878965516,-0.35322877855150514,0.21317944156180424,True
ARCC,,19.6200008392334,14087609344.0,Financial Services,Asset Management,Ares Capital Corporation,14.426471,1.0141108,1.36,0.06876,0.30908,114.117,-0.07699723426953264,12.895105,0.06896551724137931,0.5172413793103449,0.8275862068965517,0.706896551724138,9.11550525862069,12.39708715172414,-0.36814033529834833,0.21317944156180424,True
BIIB,,206.27999877929688,30478694400.0,Healthcare,Drug Manufacturers - General,Biogen Inc.,36.770054,1.6164877,5.61,0.04575,0.083229996,44.329,0.534941726475072,27.978724,0.15789473684210525,0.42105263157894735,0.42105263157894735,0.8289473684210527,23.192889631578947,130.11211083315789,-0.36924514444869927,0.17375004291534424,True
BELFA,,232.64999389648438,2959937792.0,Technology,Electronic Components,Bel Fuse Inc.,60.272022,3.4788785,3.86,0.1041,0.07211,3.386,0.9526241497273105,41.30662,0.27419354838709675,0.20967741935483872,0.08064516129032258,0.9193548387096774,37.97544096774194,146.58520213548388,-0.3699324909472995,0.3152875483628228,True
BKR,,62.75,62290296832.0,Energy,Oil & Gas Equipment & Services,Baker Hughes Company,19.857594,3.1278038,3.16,0.16463,0.111669995,80.925,0.348252566039722,13.9697265,0.5,0.5,1.0,0.875,12.2235106875,38.6262937725,-0.3844415335059761,0.505771709741626,True
AAON,,90.27999877929688,7394989056.0,Industrials,Building Products & Equipment,"AAON, Inc.",65.42029,7.9102774,1.38,0.13498999,0.07305,47.455,0.07822814103409037,38.811596,0.4444444444444444,0.5555555555555556,0.3333333333333333,1.027777777777778,39.889695888888895,55.04778032666667,-0.3902549726297704,0.10291152301310547,True
AVPT,,12.789999961853027,2711699968.0,Technology,Software - Infrastructure,"AvePoint, Inc.",67.31579,6.1757603,0.19,0.116969995,0.10505,5.015,-0.2035452783096695,41.30662,0.3548387096774194,0.3548387096774194,0.16129032258064516,0.9758064516129034,40.30726629032259,7.658380595161292,-0.40122121829531743,0.3152875483628228,True
APP,,335.6700134277344,112332144640.0,Communication Services,Advertising Agencies,Applovin Corporation,32.1523,53.196518,10.44,2.66444,0.6429,162.888,-0.1727783762179309,15.179246,1.0,0.8,0.8,1.25,18.9740575,198.0891603,-0.40986935866808916,-0.21095661258199194,False
AGYS,,107.58000183105469,3034378752.0,Technology,Software - Application,"Agilysys, Inc.",73.18367,8.942644,1.47,0.13802,0.12986,5.451,-0.03629031327711085,41.30662,0.41935483870967744,0.4838709677419355,0.1935483870967742,1.032258064516129,42.63909161290323,62.67946467096775,-0.4173688082902196,0.3152875483628228,True
COST,,949.1500244140625,420927930368.0,Consumer Defensive,Discount Stores,Costco Wholesale Corporation,47.38642,25.4614,20.03,0.29152,0.0301,60.257,0.014972566824477118,22.888151999999998,0.8333333333333334,0.3333333333333333,0.3333333333333333,1.1666666666666667,26.702844,534.8579653200001,-0.43648743448098926,0.16473142283086928,True
CIGI,,98.73999786376953,5045990912.0,Real Estate,Real Estate Services,Colliers International Group In,48.165855,3.2667239,2.05,0.07839,0.01811,115.956,-0.4024279553783374,26.7354275,0.5,0.5,0.5,1.0,26.7354275,54.807626375,-0.4449298403812256,-0.08279241984590469,False
ACMR,,78.9800033569336,5458267648.0,Technology,Semiconductor Equipment & Materials,"ACM Research, Inc.",60.753853,3.306678,1.3,0.07602,0.09477,16.178,1.7806521307592282,41.30662,0.0967741935483871,0.2903225806451613,0.3225806451612903,0.7903225806451613,32.64555451612903,42.439220870967745,-0.4626586595701627,0.3152875483628228,True
BMRN,,61.459999084472656,11879261184.0,Healthcare,Biotechnology,BioMarin Pharmaceutical Inc.,42.979023,1.91214,1.43,0.044770002,0.08289,23.174,0.030032606594339484,27.978724,0.10526315789473684,0.3684210526315789,0.3157894736842105,0.8157894736842104,22.824748526315787,32.639390392631576,-0.4689327875229722,0.17375004291534424,True
CASY,,832.4199829101562,30803628032.0,Consumer Cyclical,Specialty Retail,"Caseys General Stores, Inc.",44.657726,7.7738137,18.64,0.19153,0.04068,73.514,0.7674365664790608,23.5387595,0.5833333333333334,0.25,0.4166666666666667,1.0,23.5387595,438.76247708000005,-0.47290732312062234,0.06520875060623532,True
ASTE,,44.18000030517578,1017260736.0,Industrials,Farm & Heavy Construction Machinery,"Astec Industries, Inc.",53.878048,1.496866,0.82,0.02859,0.0126,53.026,0.10291152301310547,38.811596,0.1111111111111111,0.1111111111111111,0.4444444444444444,0.7222222222222223,28.030597111111117,22.985089631111116,-0.4797399395124412,0.10291152301310547,True
BELFB,,289.3999938964844,4116051200.0,Technology,Electronic Components,Bel Fuse Inc.,75.16883,4.3274765,3.85,0.1041,0.07211,3.386,1.0239800370756247,41.30662,0.27419354838709675,0.20967741935483872,0.08064516129032258,0.9193548387096774,37.97544096774194,146.20544772580647,-0.4947980276112143,0.3152875483628228,True
ATRO,,76.04000091552734,3752452864.0,Industrials,Aerospace & Defense,Astronics Corporation,76.04,20.223404,1.0,0.21179001,0.05116,234.45,1.394032655721848,38.811596,0.6666666666666666,0.3333333333333333,1.0,0.9166666666666665,35.57729633333333,35.57729633333333,-0.5321239360207786,0.10291152301310547,False
BJRI,,69.88999938964844,1486823296.0,Consumer Cyclical,Restaurants,"BJ's Restaurants, Inc.",35.841026,3.7246854,1.95,0.104399994,0.028570002,109.378,1.0146006508855359,23.5387595,0.16666666666666666,0.16666666666666666,0.6666666666666666,0.7083333333333333,16.673287979166666,32.512911559375,-0.5347988003532511,0.06520875060623532,True
AVO,,12.5600004196167,1110022016.0,Consumer Defensive,Food Distribution,"Mission Produce, Inc.",38.060604,1.5365795,0.33,0.0398,0.0183,35.595,0.00799355922988254,22.888151999999998,0.08333333333333333,0.16666666666666666,0.25,0.7708333333333333,17.642950499999998,5.822173664999999,-0.5364511568083468,0.16473142283086928,True
BL,,30.0,1743758208.0,Technology,Software - Application,"BlackLine, Inc.",54.545452,5.5534987,0.55,0.070300005,0.047480002,202.88,-0.42247562561352114,41.30662,0.06451612903225806,0.16129032258064516,0.9354838709677419,0.6,24.783972000000002,13.631184600000003,-0.5456271799999999,0.3152875483628228,False
CLBK,,10.84000015258789,1127991296.0,Financial Services,Banks - Regional,"Columbia Financial, Inc.",19.709091,2.0186222,0.55,0.05019,0.21759,,0.5823021420343915,12.895105,0.034482758620689655,0.1724137931034483,0.5172413793103449,0.6810344827586208,8.782011163793104,4.830106140086207,-0.5544182590317501,0.21317944156180424,True
ALNT,,111.20999908447266,1890849280.0,Technology,Electronic Components,Allient Inc.,65.41765,6.1924386,1.7,0.08236,0.042519998,64.744,0.9305895582123707,41.30662,0.12903225806451613,0.0967741935483871,0.5806451612903226,0.6935483870967741,28.648139677419355,48.7018374516129,-0.5620732141664702,0.3152875483628228,True
BGC,,10.510000228881836,4967925248.0,Financial Services,Capital Markets,"BGC Group, Inc.",27.657896,4.4933734,0.38,0.15882,0.0629,139.261,0.18172772610861365,12.895105,0.7241379310344828,0.034482758620689655,0.8620689655172413,0.9051724137931034,11.672293318965517,4.435471461206896,-0.5779760832908385,0.21317944156180424,True
BTSG,,60.599998474121094,11990573056.0,Healthcare,Health Information Services,"BrightSpring Health Services, I",56.111107,6.1893573,1.08,0.13036,0.02547,116.007,1.5204726778554254,27.978724,0.3684210526315789,0.15789473684210525,0.631578947368421,0.8157894736842106,22.82474852631579,24.650728408421056,-0.5932222932489344,0.17375004291534424,True
CHEF,,109.13999938964844,4452484608.0,Consumer Defensive,Food Distribution,"The Chefs' Warehouse, Inc.",51.72512,6.866742,2.11,0.15252,0.02094,146.029,0.8268926130688605,22.888151999999998,0.5833333333333334,0.25,0.9166666666666666,0.8750000000000001,20.027133,42.257250629999994,-0.6128160998138328,0.16473142283086928,True
ALHC,,13.380000114440918,2775482368.0,Healthcare,Healthcare Plans,"Alignment Healthcare, Inc.",70.42105,10.453125,0.19,0.20044,0.00889,124.655,-0.09229829905546605,27.978724,0.47368421052631576,0.10526315789473684,0.6842105263157895,0.8421052631578947,23.561030736842103,4.47659584,-0.6654263227420716,0.17375004291534424,True
COO,,73.31999969482422,14299644928.0,Healthcare,Medical Instruments & Supplies,"The Cooper Companies, Inc.",63.206898,1.7344815,1.16,0.02853,0.05573,33.093,0.07299700382137564,27.978724,0.05263157894736842,0.2631578947368421,0.3684210526315789,0.75,20.984043,24.341489879999997,-0.6680102293874082,0.17375004291534424,True
ASTH,,34.130001068115234,1692281984.0,Healthcare,Medical Care Facilities,Astrana Health Inc.,58.84483,2.0874617,0.58,0.05659,0.00857,184.463,0.11264087584305882,27.978724,0.21052631578947367,0.05263157894736842,0.7894736842105263,0.6710526315789473,18.775196368421053,10.88961389368421,-0.6809371944656206,0.17375004291534424,False
CELH,,23.770000457763672,6076571136.0,Consumer Defensive,Beverages - Non-Alcoholic,"Celsius Holdings, Inc.",67.91429,4.8758974,0.35,0.081190005,0.058509998,22.449,-0.5354643990411083,22.888151999999998,0.16666666666666666,0.5833333333333334,0.16666666666666666,0.9375,21.4576425,7.510174874999999,-0.6840481813054803,0.16473142283086928,True
CBRL,,58.220001220703125,1301302016.0,Consumer Cyclical,Restaurants,Cracker Barrel Old Country Stor,51.07018,2.7956781,1.14,0.056110002,0.00786,246.663,-0.03211084862421365,23.5387595,0.08333333333333333,0.08333333333333333,0.8333333333333334,0.6041666666666666,14.221333864583332,16.212320605625,-0.7215334890810707,0.06520875060623532,False
CG,,48.880001068115234,17595549696.0,Financial Services,Asset Management,The Carlyle Group Inc.,34.18182,3.2551947,1.43,0.09364,0.16822,198.209,-0.27243866063792466,12.895105,0.13793103448275862,0.10344827586206896,0.896551724137931,0.6206896551724138,8.003858275862068,11.445517334482757,-0.7658445768335151,0.21317944156180424,False
AFRM,,76.58000183105469,25646532608.0,Financial Services,Credit Services,"Affirm Holdings, Inc.",71.57009,6.777591,1.07,0.114870004,0.09629,240.279,-0.1916119955196497,12.895105,0.4482758620689655,0.06896551724137931,0.9310344827586207,0.7586206896551725,9.782493448275863,10.467267989655173,-0.8633159083392645,0.21317944156180424,False
