ticker,name,sector,country,status,currency,fractional,entry_date,entry_price,shares,entry_value_eur,entry_valuation_gap,entry_quality_multiplier,entry_mom_12_2,entry_sector_momentum,last_check_date,last_price,last_valuation_gap,last_mom_12_2,current_value_eur,unrealized_return_pct,peak_unrealized_return_pct,peak_date,exit_date,exit_price,exit_reason,exit_value_eur,return_pct,holding_days,entry_note_qualite,entry_note_qualite_low_confidence,entry_note_perspective,entry_note_perspective_low_confidence
2404.TW,"United Integrated Services Co., Ltd.",Industrials,Taiwan,open,TWD,False,2026-09-07,1080.0,1.0,29.43100133934381,0.5327504414945263,1.4274781341107872,0.2210448961994704,0.1193737788155853,2026-10-07,1320.0,0.30152981400033974,0.5446007094299281,36.860181777335065,0.22222222222222232,0.2361111111111111,2026-10-07,,,,,,,18.4,False,12.6,False
ABEV3.SA,Ambev S.A.,Consumer Defensive,Brazil,open,BRL,False,2026-09-07,15.739999771118164,12.0,31.730138067051666,0.5111600863940418,1.336046511627907,0.3156527993596751,0.0287882848640419,2026-10-07,16.25,0.3983093104565296,0.28486242802621375,34.83635854378961,0.03240153979021354,0.0648030795804268,2026-10-05,,,,,,,15.5,False,15.1,False
3044.TW,Tripod Technology Corporation,Technology,Taiwan,open,TWD,False,2026-09-07,493.0,2.0,26.869414185734264,0.5083493970001565,1.221187943262411,0.6979320984207729,0.1823536824323966,2026-10-07,582.0,0.3204309214353931,0.5798437678215931,32.503978476377284,0.18052738336713992,0.1926977687626774,2026-10-07,,,,,,,15.2,False,14.8,False
DINO,HF Sinclair Corporation,Energy,United States,open,USD,True,2026-09-07,105.41000366210938,0.3677040811095107,33.333333333333336,0.4298824767292535,1.0583333333333331,1.004672472361337,0.4464022363590552,2026-10-07,114.5999984741211,0.4181700212387056,1.1476903580909705,37.50361053290077,0.0871833269399187,0.1109002410196651,2026-09-18,,,,,,,12.9,False,17.0,False
AMG,"Affiliated Managers Group, Inc.",Financial Services,United States,open,USD,True,2026-09-07,370.2200012207031,0.104693664330739,33.333333333333336,0.3118519443860001,1.1566666666666667,0.5444316689619011,0.1916210237806628,2026-10-07,379.7200012207031,0.21376196857686458,0.5366383590868626,35.38130865715835,0.02566041804515229,0.0343984260968404,2026-10-06,,,,,,,14.8,False,15.1,False
7269.T,Suzuki Motor Corporation,Consumer Cyclical,Japan,closed,JPY,False,2026-09-07,2055.0,2.0,22.898594389459703,0.3677457209712467,1.129979035639413,0.0437389453488024,0.0036748849442611,2026-10-02,1981.5,0.2496671706434308,-0.116463814148041,22.314943808640063,-0.0357664233576642,0.0046228710462286,2026-09-14,2026-10-02,1981.5,momentum_perdu,21.314943808640063,-0.079437226158569,25.0,14.1,False,15.7,False
2503.T,"Kirin Holdings Company, Limited",Consumer Defensive,Japan,open,JPY,False,2026-09-07,2871.5,2.0,31.996746369505374,0.5742189230736916,1.0755813953488371,0.4504489786074388,0.0287882848640419,2026-10-07,2774.5,0.5533612067742146,0.3573410013335401,31.186947113636457,-0.033780254222531725,0.0087062510882813,2026-09-17,,,,,,,12.2,False,17.4,False
NDX1.DE,Nordex SE,Industrials,Germany,open,EUR,True,2026-09-07,40.91999816894531,0.8145976252420855,33.333333333333336,0.2728141084041631,1.1803935860058308,0.7311927981312882,0.1193737788155853,2026-10-07,36.29999923706055,0.47480743204987164,0.5308835013373436,29.569893174799034,-0.112903204756029,0.0244379287572624,2026-09-23,,,,,,,13.0,False,16.4,False
SENEB,Seneca Foods Corporation,Consumer Defensive,United States,closed,USD,True,2026-09-07,208.52999877929688,0.1858710437981079,33.333333333333336,0.7382663731032517,1.1523255813953488,0.8533014178846441,0.0287882848640419,2026-10-01,174.22059631347656,1.0579878432377563,0.6264809336551798,28.82696055519433,-0.1645298166530588,-0.0973960469835775,2026-09-11,2026-10-01,174.22059631347656,stop_loss,27.82696055519433,-0.1945298166530588,24.0,11.1,False,18.2,False
AMN,"AMN Healthcare Services, Inc.",Healthcare,United States,open,USD,True,2026-09-07,33.79999923706055,1.1467363731129143,33.333333333333336,0.3715364378985923,0.8577235772357723,0.770661038149336,0.1038608722753562,2026-10-07,36.72999954223633,0.23305052526662906,0.8217368186374983,37.48646853207951,0.08668640151811413,0.1180473896014735,2026-10-06,,,,,,,12.0,False,17.2,False
9942.TW,NAK Sealing Technologies Corporation,Consumer Cyclical,Taiwan,open,TWD,False,2026-09-07,114.0,10.0,31.06605696930736,0.6850992987612634,1.269392033542977,0.1097823325195554,0.0036748849442611,2026-10-07,113.5,0.6423701322851152,0.14171757938050877,31.69417145248129,-0.004385964912280715,0.0087719298245614,2026-09-30,,,,,,,14.6,False,14.3,False
PATH,"UiPath, Inc.",Technology,United States,closed,USD,True,2026-09-07,15.1899995803833,2.551658301977915,33.333333333333336,0.421481571417571,1.2309397163120568,0.3953662120035093,0.1823536824323966,2026-09-24,12.611000061035156,0.6668583514162472,0.3953662120035093,28.294961589508823,-0.1697827248579204,-0.0217248145373369,2026-09-14,2026-09-24,12.611000061035156,stop_loss,27.294961589508823,-0.1997827248579204,17.0,14.7,False,13.9,False
BVS,Bioventus Inc.,Healthcare,United States,open,USD,True,2026-09-07,14.06999969482422,2.75477536439352,33.333333333333336,0.5357967142358011,1.045731707317073,1.040358669922274,0.1038608722753562,2026-10-07,13.100000381469727,0.47804739705912525,1.0809159874103345,32.11792775105866,-0.06894096193273669,-0.0021321772297001,2026-09-29,,,,,,,11.6,False,16.6,False
YETI,"YETI Holdings, Inc.",Consumer Cyclical,United States,open,USD,True,2026-09-07,40.81999969482422,0.9495269188167248,33.333333333333336,0.3000110715829227,1.2044025157232705,0.2371910445901086,0.0036748849442611,2026-10-07,40.25,0.18527315484354845,0.20682549079573853,34.014428941376025,-0.013963735891367235,0.0760656434456079,2026-09-22,,,,,,,13.6,False,14.2,False
FRSH,Freshworks Inc.,Technology,United States,closed,USD,True,2026-09-07,12.729999542236328,3.0447517619876545,33.333333333333336,0.6121393583134247,1.2216312056737588,0.1826677599754977,0.1823536824323966,2026-10-01,13.079999923706056,0.5823667748821899,0.1540540521963977,35.25340425632992,0.0274941393602157,0.0274941393602157,2026-10-01,2026-10-01,13.079999923706056,momentum_perdu,34.25340425632992,-0.0025058606397842,24.0,14.4,False,13.3,False
MD,"Pediatrix Medical Group, Inc.",Healthcare,United States,open,USD,True,2026-09-07,27.030000686645508,1.11882779206535,26.008048679597763,0.5772300090066689,1.0152439024390243,0.565970121924557,0.1038608722753562,2026-10-07,26.0,0.6062145759756097,0.51620510214094,25.889675787375968,-0.03810583279616386,-0.0007399355255492,2026-09-14,,,,,,,11.3,False,16.4,False
2303.TW,United Microelectronics Corporation,Technology,Taiwan,open,TWD,False,2026-09-24,154.0,6.0,25.5354418939452,0.4313640439241055,1.228942652329749,1.880521224401695,0.1756263651067204,2026-10-07,148.5,0.4663367969072443,2.3867275311140776,24.88062269970117,-0.0357142857142857,0.0487012987012986,2026-10-05,,,,,,,13.4,False,17.2,False
2413.TW,"Universal Microelectronics Co., Ltd.",Technology,Taiwan,open,TWD,False,2026-09-24,51.29999923706055,1.0,1.417714447702806,0.9699506675416874,1.0779569892473118,1.0045343819685346,0.1756263651067204,2026-10-07,57.400001525878906,0.8523736944884399,1.511764890102147,1.6028594623206112,0.11890842845103888,0.1461988325836425,2026-10-06,,,,,,,10.6,False,17.8,False
1590.TW,Airtac International Group,Industrials,Taiwan,open,TWD,False,2026-10-01,1210.0,1.0,33.53379690878747,0.5830441172516336,1.3473837209302326,0.9329979807476804,0.1187963268147138,2026-10-07,1245.0,0.5769625779057859,0.3454710965765997,34.76585326725921,0.02892561983471076,0.02892561983471076,2026-10-07,,,,,,,14.2,False,16.2,False
B3SA3.SA,"B3 S.A. - Brasil, Bolsa, Balcão",Financial Services,Brazil,closed,BRL,False,2026-10-01,18.18000030517578,9.0,27.825585060518552,0.5903092367281328,1.2049586776859502,0.5367315087476598,0.1923755818103405,2026-10-06,22.51000022888184,0.2503283300984793,0.5367315087476598,36.15483344569083,0.2381738091870833,0.335533568705886,2026-10-05,2026-10-06,22.51000022888184,trailing_stop,35.15483344569083,0.2022356609747429,5.0,13.4,False,15.9,False
0300.HK,"Midea Group Co., Ltd.",Consumer Cyclical,China,open,HKD,False,2026-10-02,91.8000030517578,2.0,20.82388209518896,0.3536687635756177,1.165966386554622,0.3050100217323275,0.0049086485502458,2026-10-07,90.5,0.3034317747783093,0.14915268158324002,20.533998353318193,-0.014161252816351722,0.0,2026-10-02,,,,,,,13.3,False,15.0,False
2497.TW,"E-Lead Electronic Co., Ltd.",Consumer Cyclical,Taiwan,open,TWD,False,2026-10-05,44.04999923706055,1.0,1.2310314415350727,0.3376392450059349,1.064736842105263,0.0464486176467411,0.015542905828388,2026-10-07,44.79999923706055,0.2841952555193854,0.04644861764674113,1.2510122087140334,0.01702610699182494,0.01702610699182494,2026-10-07,,,,,,,11.5,False,12.9,False
B3SA3.SA,"B3 S.A. - Brasil, Bolsa, Balcão",Financial Services,Brazil,open,BRL,False,2026-10-06,22.51000022888184,8.0,32.137629729502954,0.2497056088624918,1.204358552631579,0.5367315087476598,0.1786569542674822,2026-10-07,22.68000030517578,0.24033832288396773,0.5367313859481284,32.41389220120456,0.0075522023352012635,0.0155486618352251,2026-10-06,,,,,,,13.4,False,16.0,False
2006.TW,Tung Ho Steel Enterprise Corporation,Basic Materials,Taiwan,open,TWD,False,2026-10-06,86.5999984741211,1.0,2.41723881978851,0.6352043455009744,1.0892226148409894,0.4425805886221119,0.261436947887212,2026-10-07,85.5,0.6562420330439831,0.4425805886221119,2.387534501486476,-0.012702061125899555,0.0,2026-10-06,,,,,,,12.5,False,16.4,False
