ticker,name,sector,country,status,currency,fractional,entry_date,entry_price,shares,entry_value_eur,entry_valuation_gap,entry_quality_multiplier,entry_mom_12_2,entry_sector_momentum,last_check_date,last_price,last_valuation_gap,last_mom_12_2,current_value_eur,unrealized_return_pct,peak_unrealized_return_pct,peak_date,exit_date,exit_price,exit_reason,exit_value_eur,return_pct,holding_days,entry_note_qualite,entry_note_qualite_low_confidence,entry_note_perspective,entry_note_perspective_low_confidence,news_source,news_sentiment,news_reason,customer_concentration,customer_concentration_reason
2404.TW,"United Integrated Services Co., Ltd.",Industrials,Taiwan,open,TWD,False,2026-09-07,1080.0,1.0,29.4430361001129,0.5327504414945263,1.4274781341107872,0.2210448961994704,0.1193737788155853,2026-10-06,1310.0,0.33623686762098304,0.5446007094299281,36.74923622048002,0.21296296296296302,0.2222222222222223,2026-10-05,,,,,,,18.4,False,12.6,False,ollama,positive,"L'action de United Integrated Services Co., Ltd. (2404.TW) a connu une augmentation de son EPS record et un backlog d'ordres approchant les 200 milliards de dollars, indiquant une performance solide et une confiance croissante dans l'entreprise.",diversified,"L'entreprise propose une gamme d'activités et de services qui englobent des projets de construction, de maintenance, de conception, d'installation et de trading, ce qui suggère une base de clients large et diversifiée."
ABEV3.SA,Ambev S.A.,Consumer Defensive,Brazil,open,BRL,False,2026-09-07,15.739999771118164,12.0,31.730138067051666,0.5111600863940418,1.336046511627907,0.3156527993596751,0.0287882848640419,2026-10-06,16.5,0.3771228057526428,0.28486242802621375,35.28845686760585,0.04828464040237068,0.0641677410145278,2026-10-05,,,,,,,15.5,False,15.1,False,ollama,positive,"Les actualites presentes montrent une croissance revenue et des marges expansionnees, ainsi qu'une activation renforcee du World Cup, ce qui suggere un ton general positif pour l'action.",diversified,"L'entreprise propose une large gamme de boissons à travers divers marchés, ce qui suggère une base de clients large et diversifiée."
3044.TW,Tripod Technology Corporation,Technology,Taiwan,open,TWD,False,2026-09-07,493.0,2.0,26.880401476584552,0.5083493970001565,1.221187943262411,0.6979320984207729,0.1823536824323966,2026-10-06,557.0,0.3592642918182669,0.5798437678215931,31.250877213446373,0.12981744421906694,0.1338742393509127,2026-10-05,,,,,,,15.2,False,14.8,False,ollama,negative,Aucune information positive ou neutre n'est disponible dans les actualités fournies.,diversified,"Le texte mentionne plusieurs applications (memoires, TFT LCD, hard disk drives, serveurs, etc.) et plusieurs pays de production, ce qui suggère une base de clients large et diversifiée."
DINO,HF Sinclair Corporation,Energy,United States,open,USD,True,2026-09-07,105.41000366210938,0.1838093109829211,16.666666666666668,0.4298824767292535,1.0583333333333331,1.004672472361337,0.4464022363590552,2026-10-06,115.22000122070312,0.41864534493365,1.1476903580909705,18.859462397575562,0.09306514768787588,0.1126553418787954,2026-09-18,,,,,,,12.9,False,17.0,False,ollama,positive,"Les actualites presentes montrent une action positive sur HF Sinclair Corporation, avec des actions de buyback, des registrations de parts et des analyses positives de la part de Goldman Sachs et de Zacks.com, indiquant une confiance croissante dans la company.",concentrated,"Le texte suggère que HF Sinclair Corporation dépend principalement d'un petit nombre de clients, tels que les 1 700 stations qu'elle approvisionne et les clients gouvernementaux, ce qui indique une concentration du marché."
AMG,"Affiliated Managers Group, Inc.",Financial Services,United States,open,USD,True,2026-09-07,370.2200012207031,0.0523346660903096,16.666666666666668,0.3118519443860001,1.1566666666666667,0.5444316689619011,0.1916210237806628,2026-10-06,380.70001220703125,0.2136140898345369,0.5366383590868626,17.742151136480306,0.02830752242389134,0.02830752242389134,2026-10-06,,,,,,,14.8,False,15.1,False,ollama,positive,"Les actualites recentes sur Affiliated Managers Group, Inc. (AMG) suggererent une performance solide, des repurchases de actions et une croissance du titre, ce qui indique un ton general positif.",concentrated,"Le texte décrit principalement des services et des clients institutionnels et de haut niveau de richesse, ce qui suggère une concentration vers ces secteurs."
7269.T,Suzuki Motor Corporation,Consumer Cyclical,Japan,closed,JPY,False,2026-09-07,2055.0,2.0,22.89578761238873,0.3677457209712467,1.129979035639413,0.0437389453488024,0.0036748849442611,2026-10-02,1984.5,0.2477780290400395,-0.1164637183044261,22.34583346076409,-0.0343065693430656,0.0060827250608272,2026-09-14,2026-10-02,1984.5,momentum_perdu,21.34583346076409,-0.0779827257142449,25.0,14.1,False,15.7,False,ollama,positive,"L'actualité présente plusieurs éléments positifs, tels que la croissance des ventes de Pricol Ltd, la présence de Toyota dans le domaine des véhicules autonomes, la croissance de FIEM Industries Ltd et la stratégie de Suzuki pour réclamer 50% de part de marché en Inde.",diversified,"L'entreprise propose une large gamme de produits et de services, y compris automobiles, motorcycles, outboard motors, vélos électriques, produits pour la construction, services de location, vente de biens immobiliers, etc., ce qui suggère une base de clients large et diversifiée."
2503.T,"Kirin Holdings Company, Limited",Consumer Defensive,Japan,open,JPY,False,2026-09-07,2871.5,2.0,31.99282439366144,0.5742189230736916,1.0755813953488371,0.4504491467880718,0.0287882848640419,2026-10-06,2818.5,0.5400125371940379,0.3573408437307255,31.809896854274513,-0.018457252307156558,0.0095768761971095,2026-09-17,,,,,,,12.2,False,17.4,False,ollama,positive,"Les actualites presentes sont presque toutes positives, avec des mentions de croissance, de diversification, de reussite financiere et de decisions stratégiques, ce qui suggere un ton general positif pour l'action de Kirin Holdings Company, Limited.",diversified,"L'entreprise propose une gamme de produits et de services diversifiés, notamment en matière de boissons, de médicaments, de cosmétiques et de services logistiques, ce qui suggère qu'elle n'est pas dépendante d'un petit nombre de clients."
NDX1.DE,Nordex SE,Industrials,Germany,open,EUR,True,2026-09-07,40.7599983215332,0.4088976288760491,16.666666666666668,0.2778104300801887,1.1803935860058308,0.7311927981312882,0.1193737788155853,2026-10-06,37.15999984741211,0.4313394615956634,0.5308835013373436,15.194635826641157,-0.08832185040153062,0.0279686764300832,2026-09-23,,,,,,,13.0,False,16.4,False,ollama,positive,"L'action de Nordex SE est soutenue par des actualites positives sur les ventes, les bénéfices et les ordres, ainsi que par des prévisions de croissance et de valeur intrinsèque.",concentrated,"L'entreprise seeme se concentrer sur un client principal et une région spécifique (Europe, North America, Latin America) avec une présence importante en Turquie, ce qui suggere une base de clients concentrée."
SENEB,Seneca Foods Corporation,Consumer Defensive,United States,closed,USD,True,2026-09-07,208.52999877929688,0.0929139224920147,16.666666666666668,0.7382663731032517,1.1523255813953488,0.8533014178846441,0.0287882848640419,2026-10-01,174.22059631347656,1.0579878432377563,0.6264809336551798,14.40851115412177,-0.1645298166530588,-0.0973960469835775,2026-09-11,2026-10-01,174.22059631347656,stop_loss,13.40851115412177,-0.2245298166530588,24.0,11.1,False,18.2,False,ollama,positive,"Les actualites recentes sur Seneca Foods Corporation (SENEA) suggere un ton general positif, avec des articles qui soulignent son croissance, son acquisition de Green Giant Frozen et son rendement financier solide, ainsi que des analyses positives de la part d'analystes et de particuliers.",concentrated,10-K SEC (2026-06-11) : ten customers represented approximately 56% and 53% of net sales [https://www.sec.gov/Archives/edgar/data/88948/000143774926020290/senea20260331_10k.htm]
AMN,"AMN Healthcare Services, Inc.",Healthcare,United States,open,USD,True,2026-09-07,33.79999923706055,1.1464698568747371,33.333333333333336,0.3715364378985923,0.8577235772357723,0.770661038149336,0.1038608722753562,2026-10-06,36.84000015258789,0.21714215223958977,0.8217368186374983,37.611113411573264,0.08994085751913539,0.08994085751913539,2026-10-06,,,,,,,12.0,False,17.2,False,ollama,positive,"L'actualité présente plusieurs articles positifs sur l'action d'AMN Healthcare Services, Inc., indiquant une croissance solide et une augmentation du prix du titre de 59.3% en six mois.",diversified,"L'entreprise propose une gamme de services diversifiés à une variété de clients, notamment des hôpitaux, des cliniques, des écoles et des groupes de santé, ce qui suggère une concentration sur une base de clients large et diversifiée."
JAZZ,Jazz Pharmaceuticals plc,Healthcare,Ireland,open,USD,True,2026-09-07,246.8099975585937,0.1570061207851981,33.333333333333336,0.3596764804011807,1.1097560975609757,0.9019725862778568,0.1038608722753562,2026-10-06,236.0399932861328,0.33217976709685426,0.6820692044399483,33.001684128340564,-0.04363682338234309,0.000688781534893,2026-09-14,,,,,,,12.1,False,17.0,False,ollama,positive,"L'action de Jazz Pharmaceuticals plc (JAZZ) a connu plusieurs actualités positives, notamment la publication de résultats de recherche favorables pour son produit Ziihera, une augmentation de son prix cible et une révision de son prix cible par Morgan Stanley.",diversified,"L'entreprise est mentionnée comme fournisseur pour plusieurs groupes et sociétés, et a des collaborations avec plusieurs entreprises, ce qui suggère une base de clients large et diversifiée."
9942.TW,NAK Sealing Technologies Corporation,Consumer Cyclical,Taiwan,open,TWD,False,2026-09-07,114.0,10.0,31.07876032789695,0.6850992987612634,1.269392033542977,0.1097823325195554,0.0036748849442611,2026-10-06,113.0,0.6496372567642528,0.14171757938050877,31.69972284667361,-0.00877192982456143,0.0087719298245614,2026-09-30,,,,,,,14.6,False,14.3,False,ollama,positive,L'actualité mentionne une publication de résultats financiers positifs pour la deuxième trimestre et les six premiers mois de l'année 2026.,diversified,"l'entreprise sert des marchés diversifiés tels que le sector automobile, industriel, agricole, hydraulique, pneumatique, de construction et de minier, avec des clients B2B et un public général"
PATH,"UiPath, Inc.",Technology,United States,closed,USD,True,2026-09-07,15.1899995803833,1.2755326319337927,16.666666666666668,0.421481571417571,1.2309397163120568,0.3953662120035093,0.1823536824323966,2026-09-24,12.654999732971191,0.6610629170287559,0.3953662120035093,14.190313964284528,-0.166886103847288,-0.0210730638229131,2026-09-14,2026-09-24,12.654999732971191,stop_loss,13.190313964284528,-0.226886103847288,17.0,14.7,False,13.9,False,ollama,negative,"L'actualité présente une baisse significative du cours de l'action (17%) après le rapport des résultats financiers, ainsi que des préoccupations quant à la concurrence et à la croissance du groupe.",concentrated,"10-K SEC (2026-03-25) : customers with ARR of $1 million or more, which accounted for approximately 89% and 52% of our revenue [https://www.sec.gov/Archives/edgar/data/1734722/000173472226000012/path-20260131.htm]"
BVS,Bioventus Inc.,Healthcare,United States,open,USD,True,2026-09-07,14.06999969482422,2.754135119273232,33.333333333333336,0.5357967142358011,1.045731707317073,1.040358669922274,0.1038608722753562,2026-10-06,13.520000457763672,0.46897750906926317,1.0809159874103345,33.15857631716534,-0.03909020959416731,-0.0007106805561054,2026-09-29,,,,,,,11.6,False,16.6,False,ollama,positive,"Les actualites recentes sur Bioventus Inc. (BVS) suggèrent un ton general positif, avec des performances solides en termes de ventes et de bénéfices, ainsi que des recommandations de divers analystes et des articles qui soulignent les opportunités de croissance et la valeur potentielle de l'action.",diversified,"Le texte mentionne une gamme de produits pour différents types de clients, notamment des patients, des médecins, des établissements de santé, des distributeurs et des détaillants, ce qui suggère une base de clients large et diversifiée."
YETI,"YETI Holdings, Inc.",Consumer Cyclical,United States,open,USD,True,2026-09-07,40.81999969482422,0.4746531182923115,16.666666666666668,0.3000110715829227,1.2044025157232705,0.2371910445901086,0.0036748849442611,2026-10-06,40.52000045776367,0.17737522071799638,0.20682549079573853,17.12693723189153,-0.0073493199241396745,0.0791278678683056,2026-09-22,,,,,,,13.6,False,14.2,False,ollama,neutral,"Bien que certains analystes ont exprimé des réserves sur les prévisions de croissance, d'autres ont souligné la résilience de l'entreprise et les opportunités de croissance à long terme, ce qui laisse un ton neutre dans l'ensemble.",concentrated,"L'entreprise semble se concentrer sur une base de clients directe (site web, magasin, vente directe) et sur un petit nombre de partenaires B2B, avec une forte présence de marques et de produits dans des segments spécifiques du marché."
FRSH,Freshworks Inc.,Technology,United States,closed,USD,True,2026-09-07,12.729999542236328,3.044044122634081,33.333333333333336,0.6121393583134247,1.2216312056737588,0.1826677599754977,0.1823536824323966,2026-10-01,13.085000038146973,0.5817621119139935,0.1540540521963977,35.25071635200762,0.027886921341419,0.027886921341419,2026-10-01,2026-10-01,13.085000038146973,momentum_perdu,34.25071635200762,-0.0021130786585809,24.0,14.4,False,13.3,False,ollama,negative,"Bien que certaines actualités mentionnent des gains ou des opportunités pour l'action, d'autres soulignent des défis, des declines en valeur et des ventes de parts de l'action, ce qui suggère un ton général négatif.",diversified,"Le texte décrit une gamme de produits pour des utilisateurs diversifiés, notamment pour les entreprises, les entreprises de services, les entreprises de marketing et les équipes de maintenance."
1802.T,Obayashi Corporation,Industrials,Japan,open,JPY,False,2026-09-07,3018.0,1.0,16.812527254060633,0.5853271838402747,1.094387755102041,0.2470165680430029,0.1193737788155853,2026-10-06,2946.0,0.6659623564958801,0.1838630309731919,16.624437845075878,-0.02385685884691846,0.0367793240556659,2026-09-17,,,,,,,12.8,False,14.6,False,ollama,positive,"L'acquisition de Multiplex par Obayashi est un développement positif, tandis que les résultats financiers de 2026 Q4 et l'entrée dans la concession de route de Jakarta sont neutres, mais les actualites positives sur la croissance et les investissements sont dominantes.",diversified,"L'entreprise engage en construction, développe et gère des propriétés, produit de l'énergie renouvelable, fournit des services techniques et participate à des PPP, ce qui suggère une base de clients large et diversifiée."
FHI,"Federated Hermes, Inc.",Financial Services,United States,open,USD,True,2026-09-07,62.400001525878906,0.6210044766041892,33.333333333333336,0.5745578606380668,1.24,0.2584817680613112,0.1916210237806628,2026-10-06,56.5,0.6494867633876107,0.19385681157841939,31.24475365011564,-0.09455130419238889,-0.0225961508482871,2026-09-11,,,,,,,14.1,False,13.2,False,ollama,positive,"Les actualites presentes sont presque toutes positives, avec des mentions de croissance de l'AUM, de nouvelles opportunites de tokenisation, de performances solides et de recommandations positives des brokerages.",diversified,"FHI fournit ses services à une large gamme de clients, y compris individuels, institutions financières, organisations caritatives, gouvernements et professionnels du conseil investment, ce qui suggère une base de clients large et diversifiée."
B3SA3.SA,"B3 S.A. - Brasil, Bolsa, Balcão",Financial Services,Brazil,open,BRL,False,2026-09-07,17.3700008392334,5.0,14.59001834149236,0.6291180462889885,1.20625,0.2682496115739479,0.1916210237806628,2026-10-06,23.299999237060547,0.2092297877175584,0.5367315087476598,20.76315702253183,0.3413930979458064,0.3978122920872047,2026-10-05,,,,,,,13.6,False,13.6,False,ollama,positive,"L'action B3 S.A. présente une tendance positive avec des actualités positives sur la croissance des revenus, de nouvelles offres de produits et une augmentation de la valeur des actions.",concentrated,"l'entreprise semble dépendre d'un très petit nombre de clients, notamment le client principal et les contrats gouvernementaux."
1878.T,"Daito Trust Construction Co.,Ltd.",Real Estate,Japan,closed,JPY,False,2026-09-07,3255.0,1.0,18.13279529886261,0.3712711765108334,1.138121546961326,0.0495361118530111,0.037658011358747,2026-09-29,3171.0,0.3907194386258932,0.0261941448382125,17.722608880822836,-0.0258064516129031,0.0420890937019968,2026-09-17,2026-09-29,3171.0,momentum_perdu,16.722608880822836,-0.0809551467543922,22.0,12.3,False,11.8,False,ollama,positive,"L'entreprise développe de nouveaux projets et des activités dans de nouveaux marchés, ce qui suggère une expansion et une croissance potentielle.",concentrated,"L'entreprise semble se concentrer sur une petite base de clients, avec des activités spécialisées et un engagement dans des secteurs tels que les logements et les services de gestion."
9939.TW,"Taiwan Hon Chuan Enterprise Co., Ltd.",Consumer Cyclical,Taiwan,open,TWD,False,2026-09-07,129.0,2.0,7.033614179471415,0.5295371990931692,1.0655136268343814,0.0840890081749621,0.0036748849442611,2026-10-06,126.5,0.5643711095577595,0.046958299861243,7.097371575405684,-0.019379844961240345,0.003875968992248,2026-09-13,,,,,,,11.8,False,14.7,False,ollama,negative,"Aucune actualité positive ou neutre a été trouvée, les seules informations disponibles sont des données historiques et des informations sur une autre entreprise.",diversified,"L'entreprise offre une gamme de produits à des clients dans différents pays et industries, ce qui suggère une base de clients large et diversifiée."
2006.TW,Tung Ho Steel Enterprise Corporation,Basic Materials,Taiwan,open,TWD,False,2026-09-11,82.19999694824219,1.0,2.236856277641191,0.7003234338704398,1.0926573426573427,0.4120969916689139,0.2669720960973309,2026-10-06,85.80000305175781,0.6556554096319673,0.4425805886221119,2.4069347937915686,0.0437956963159305,0.0729927034398547,2026-09-24,,,,,,,12.7,False,16.0,False,ollama,neutral,L'actualité présente une équilibre entre des informations positives (financement et stabilisation des prix) et des informations neutres ou négatives (article sur l'urban mining et un article scientifique sur l'utilisation du slag de fer),concentrated,"le texte ne mentionne qu'un seul grand groupe comme client principal et ne précise pas si le secteur public est un seul client ou plusieurs, mais il ne mentionne pas non plus de diversification de clients"
2303.TW,United Microelectronics Corporation,Technology,Taiwan,open,TWD,False,2026-09-24,154.0,3.0,12.7677209469726,0.4313640439241055,1.228942652329749,1.880521224401695,0.1756263651067204,2026-10-06,152.5,0.3639185657444619,2.3867275311140776,12.834179825091306,-0.009740259740259716,0.0487012987012986,2026-10-05,,,,,,,13.4,False,17.2,False,ollama,positive,"L'actualité présente une majorité de titres positifs, avec des mentions de croissance, d'expansion de la marge bénéficiaire et d'investissements dans de nouvelles technologies, ce qui suggère un ton général positif pour l'action.",concentrated,"L'entreprise semble dépendre d'un petit nombre de clients, notamment pour la fabrication de circuits intégrés, ce qui suggère une concentration de la base de clients."
PATH,"UiPath, Inc.",Technology,United States,closed,USD,True,2026-09-29,12.1899995803833,1.555096644868284,16.666666666666668,0.6933457169083503,1.2270683453237408,0.3953662120035093,0.1701535994237102,2026-10-01,13.089900016784668,0.648170254950508,-0.2055485085609709,18.01511294803941,0.0738228439194967,0.0738228439194967,2026-10-01,2026-10-01,13.089900016784668,momentum_perdu,17.01511294803941,0.0138228439194967,2.0,15.3,False,15.2,False,ollama,negative,"Les actualites recentes sur UiPath, Inc. (PATH) indiquent une baisse des prix, des downgrade des analystes et des préoccupations sur son potentiel AI, ce qui suggère un ton general negatif pour l'action.",concentrated,"10-K SEC (2026-03-25) : customers with ARR of $1 million or more, which accounted for approximately 89% and 52% of our revenue [https://www.sec.gov/Archives/edgar/data/1734722/000173472226000012/path-20260131.htm]"
ADEA,Adeia Inc.,Technology,United States,open,USD,True,2026-10-01,25.489999771118164,0.7388148948440303,16.666666666666668,0.3275672672574121,1.154424778761062,0.4826629726478728,0.1768172085560135,2026-10-06,26.06999969482422,0.32590650578011715,0.5176400083900159,17.151835178023926,0.022754018395999775,0.0372695477234121,2026-10-02,,,,,,,13.3,False,14.0,False,ollama,positive,"Les actualites presentes montrent une augmentation des revenues et des projections de revenus pour Adeia Inc., ainsi qu'une nouvelle direction strategique avec la nomination d'un nouveau CEO, ce qui suggere une perspective positive pour l'action.",concentrated,10-K SEC (2026-02-26) : five customers represented 55.7% of aggregate revenue [https://www.sec.gov/Archives/edgar/data/1803696/000119312526076549/adea-20251231.htm]
1878.T,"Daito Trust Construction Co.,Ltd.",Real Estate,Japan,open,JPY,False,2026-10-01,3295.0,1.0,18.47014547494902,0.3257089801457846,1.1385869565217392,0.0495361017589142,0.039770100466962,2026-10-06,3119.0,0.3712404056516776,0.15345202256823298,17.600686231769064,-0.0534142640364188,0.0,2026-10-01,,,,,,,12.3,False,11.6,False,ollama,neutral,"L'action de Daito Trust Construction Co.,Ltd. a connu des fluctuations, avec une baisse de 1,70% après l'emprunt de nouveaux prêts, mais a également maintenu son rendement avec des figures récentes qui ont modifié son avenir.",concentrated,"L'entreprise semble se concentrer sur une petite base de clients, avec des activités spécialisées et un engagement dans des secteurs tels que les logements et les services de gestion."
4503.T,Astellas Pharma Inc.,Healthcare,Japan,open,JPY,False,2026-10-01,2359.0,1.0,13.223390948529511,0.716249669391853,1.178714859437751,0.5042053402989521,0.102550082294041,2026-10-06,2225.5,0.764288764875724,0.48523568593584976,12.558617251940381,-0.05659177617634592,0.0,2026-10-01,,,,,,,13.5,False,15.8,False,ollama,positive,"Les actualites presentes sont principalement positives, avec des annonces de dividendes, des resultats de trial de nouveaux medicaments et des discussions sur la valeur de l'action, ce qui suggere un ton general positif pour l'action d'Astellas Pharma Inc.",concentrated,"La description de l'activité d'Astellas Pharma Inc. ne mentionne aucun client principal ou contrat gouvernemental unique, ce qui suggère une concentration sur une base de clients large et diversifiée."
1590.TW,Airtac International Group,Industrials,Taiwan,open,TWD,False,2026-10-01,1210.0,1.0,33.731985574954166,0.5830441172516336,1.3473837209302326,0.9329979807476804,0.1196522426379347,2026-10-06,1180.0,0.6323405668485169,0.3454710965765997,33.10236545050873,-0.024793388429752095,0.0,2026-10-01,,,,,,,14.2,False,16.2,False,ollama,positive,"Les actualites presentes montrent un ton general positif, avec des mentions de croissance robuste et de croissance, mais sans mention de risques ou de défis significatifs.",diversified,"Airtac International Group offre une large gamme de produits pour différents secteurs, tels que l'automobile, la mécanique, l'électronique, etc., ce qui suggère qu'elle a une base de clients large et diversifiée."
OFG,OFG Bancorp,Financial Services,United States,open,USD,True,2026-10-01,49.9900016784668,0.7482046765231196,33.333333333333336,0.4375872370788147,1.0925619834710742,0.3693618937379699,0.1885281387471373,2026-10-06,50.970001220703125,0.3974526642985816,0.3254279845590875,33.960102194204126,0.019603910968829963,0.0309061435701216,2026-10-02,,,,,,,13.2,False,12.9,False,ollama,positive,"L'actualité présente plusieurs éléments positifs, tels que l'augmentation de l'estime de revenus de Zacks, l'inclusion de l'action dans la liste des dividendes les plus solides, ainsi que des annonces de dividendes réguliers et de nouvelles achats par Bank of America Corp.",diversified,"L'entreprise offre une gamme de services financiers diversifiés à un large public, notamment des individus, des entreprises et des institutions, ce qui suggère une base de clients large et diversifiée."
2357.TW,ASUSTeK Computer Inc.,Technology,Taiwan,open,TWD,False,2026-10-01,953.0,1.0,26.567423349530014,0.3130081024103293,0.9986725663716812,0.5838539104342888,0.1752065965886835,2026-10-06,995.0,0.29995578837571935,0.466772506399711,27.912587816318798,0.044071353620146914,0.044071353620146914,2026-10-06,,,,,,,8.9,False,14.2,False,ollama,positive,"L'actualité présente plusieurs éléments positifs pour ASUSTeK Computer Inc., tels que la capacité de Google à dépasser Apple dans le marché des laptops, la nouvelle expansion de la plateforme Core Ultra d'Intel, et la capacité de l'entreprise à rester compétitive dans le secteur de la technologie.",diversified,"Le texte mentionne une longue liste de produits et de services pour différents clients, tels que le grand public, les étudiants, les professionnels, les entreprises, les gouvernements, les médicaux, les consommateurs finis et les professionnels de l'informatique, ce qui suggère une base de clients l"
0300.HK,"Midea Group Co., Ltd.",Consumer Cyclical,China,open,HKD,False,2026-10-01,91.8000030517578,3.0,31.29673696726303,0.3536687635756177,1.165966386554622,0.3050100217323275,0.0070048447012773,2026-10-06,90.6500015258789,0.2933160753832218,0.14915268158324002,30.87176590223134,-0.012527249320792633,2.220446049250313e-16,2026-10-01,,,,,,,13.3,False,15.0,False,ollama,positive,"L'actualité présente plusieurs éléments positifs, tels que la prévision d'une augmentation des ventes d'appareils climatisants en Europe, une partenariat stratégique avec Electrolux et une politique de reprise de parts pour Midea Group, ce qui suggère une tendance positive pour l'action.",diversified,"L'entreprise présente une gamme de produits pour différents marchés, y compris le grand public, les entreprises et les gouvernements, ce qui suggère une base de clients large et diversifiée."
1893.T,"Penta-Ocean Construction Co., Ltd.",Industrials,Japan,closed,JPY,False,2026-10-01,1474.0,1.0,8.298474808347024,0.5043290239451366,0.9498546511627908,0.2706593787630298,0.1196522426379347,2026-10-02,1469.0,0.509689668939082,0.0792273934633451,8.270604523522918,-0.0033921302578019,0.0569877883310718,2026-10-01,2026-10-02,1469.0,momentum_perdu,7.270604523522918,-0.1238962015594524,1.0,8.9,False,15.7,False,ollama,neutral,"L'actualité présente des informations positives (contrat d'installation d'offshore wind turbine, acquisition de parts par un trust) et négatives (investigation sur les pratiques financières, remplacement de Mizuho dans des contrats de prêt) qui équilibrent les émotions et ne permettent pas de déterm",diversified,"L'entreprise fournit ses services à de nombreux secteurs et types d'entreprises, indiquant une base de clients large et diversifiée."
PATH,"UiPath, Inc.",Technology,United States,closed,USD,True,2026-10-02,12.84000015258789,1.4594412184075582,16.666666666666668,0.6807481321959967,1.227433628318584,0.3953662120035093,0.1752065965886835,2026-10-02,13.31999969482422,0.6201806883106846,-0.1904161140897566,17.262503171441633,0.0373831414744636,0.0373831414744636,2026-10-02,2026-10-02,13.31999969482422,momentum_perdu,16.262503171441633,-0.0226168585255363,0.0,15.4,False,15.2,False,ollama,neutral,"Les actualites presentent des informations contradictoires sur le rendement de l'action, avec des articles qui mentionnent des partenariats avec l'intelligence artificielle et une valeur potentielle, mais aussi des articles qui parlent de croissance ralentie et de chute du prix.",concentrated,"10-K SEC (2026-03-25) : customers with ARR of $1 million or more, which accounted for approximately 89% and 52% of our revenue [https://www.sec.gov/Archives/edgar/data/1734722/000173472226000012/path-20260131.htm]"
SBIN.NS,State Bank of India,Financial Services,India,closed,INR,False,2026-10-02,959.5,1.0,8.83175949534562,0.2687126450651813,1.0078512396694217,0.2368692004752608,0.1849326100581969,2026-10-02,954.0999755859376,0.2635039111655561,0.0424707178187784,8.803536344531294,-0.0056279566587414,0.0,2026-10-02,2026-10-02,954.0999755859376,momentum_perdu,7.803536344531293,-0.118855677649899,0.0,8.0,False,12.8,False,ollama,,"Les actualites presentent des informations contradictoires, avec une sous-performance des actions de SBI, une augmentation des prêts, une valorisation attendue pour l'IPO de la bourse nationale et une investissement dans les ETFs de SBI.",diversified,"Le texte décrit une gamme large de produits et services bancaires, y compris des produits pour les particuliers, les entreprises, les associations et les institutions financières, ainsi que des services internationaux."
MD,"Pediatrix Medical Group, Inc.",Healthcare,United States,open,USD,True,2026-10-02,25.76000022888184,0.7286012940945719,16.666666666666668,0.5969301896825938,1.0090361445783134,0.51620510214094,0.0983053609643431,2026-10-06,26.100000381469727,0.5761272586393522,0.51620510214094,16.934188045757786,0.013198763570144711,0.0267857347797688,2026-10-05,,,,,,,11.3,False,16.4,False,ollama,neutral,"Les actualites presentes sont des annonces de resultats, de ventes, de changement de dirigeant et d'analyse, sans mention de gain ou de perte significative, ce qui suggere un ton neutre.",concentrated,"Le texte ne fournit aucune information sur la base de clients de Pediatrix Medical Group, Inc., mais indique qu'elle fournit des services à des clients spécifiques, tels que des hôpitaux et des femmes enceintes, ce qui suggère une concentration dans un marché très spécifique."
ITUB4.SA,Itaú Unibanco Holding S.A.,Financial Services,Brazil,open,BRL,False,2026-10-02,43.56999969482422,1.0,7.39075881269549,0.45344373450016,1.1725700164744646,0.2496498375817193,0.188379337568358,2026-10-06,49.47999954223633,0.2615577757706393,0.24965010675849952,8.818549644724062,0.1356437890476776,0.1565297163780881,2026-10-05,,,,,,,14.3,False,12.9,False,ollama,positive,"L'action de Itaú Unibanco Holding S.A. a connu une augmentation de 6,5% et est considérée comme une opportunité avec un retour sur investissement (ROI) élevé, malgré une baisse de 11,98% par rapport à son 52e semaine.",diversified,"l'entreprise sert un large public, des clients B2B, des microentreprises, des petites et moyennes entreprises, ainsi que des clients institutionnels de haut niveau"
