ticker,name,sector,country,status,currency,fractional,entry_date,entry_price,shares,entry_value_eur,entry_valuation_gap,entry_quality_multiplier,entry_mom_12_2,entry_sector_momentum,last_check_date,last_price,last_valuation_gap,last_mom_12_2,current_value_eur,unrealized_return_pct,peak_unrealized_return_pct,peak_date,exit_date,exit_price,exit_reason,exit_value_eur,return_pct,holding_days,reinforcement_count,entry_note_qualite,entry_note_qualite_low_confidence,entry_note_perspective,entry_note_perspective_low_confidence
2303.TW,United Microelectronics Corporation,Technology,Taiwan,closed,TWD,False,2026-09-11,140.5,8.0,30.60335385502219,0.5579763949021352,1.2331560283687943,1.880521224401695,0.1816076893352006,2026-09-24,154.0,0.4013776542245497,1.880521224401695,33.97495904108053,0.096085409252669,0.1814946619217081,2026-09-22,2026-09-24,154.0,trailing_stop,32.97495904108053,0.0634092520988709,13.0,0,13.6,False,17.8,False
ABEV3.SA,Ambev S.A.,Consumer Defensive,Brazil,open,BRL,False,2026-09-11,15.739999771118164,12.0,31.877404596555056,0.5111600863940418,1.336046511627907,0.3156529091903717,0.0287883243168445,2026-10-06,16.25,0.3983093104565296,0.28486242802621375,34.78726113696076,0.03240153979021354,0.0641677410145278,2026-10-05,,,,,,,0,15.5,False,14.8,False
DINO,HF Sinclair Corporation,Energy,United States,open,USD,True,2026-09-11,107.72000122070312,0.3591923850635363,33.333333333333336,0.4192315086601654,1.0533333333333337,1.0046726232339842,0.4472449067977305,2026-10-06,114.5999984741211,0.4195819019730378,1.1476903580909705,36.569607310525335,0.06386926453260822,0.0870775821307285,2026-09-18,,,,,,,0,12.8,False,17.1,False
4503.T,Astellas Pharma Inc.,Healthcare,Japan,open,JPY,False,2026-09-11,2240.5,2.0,25.032960464593327,0.7048247721552858,1.1791497975708505,0.5042053470821488,0.1051716622566714,2026-10-06,2243.5,0.7653059401453957,0.48523568593584976,25.194701316531383,0.0013389868332960297,0.0723052889979916,2026-09-25,,,,,,,0,13.6,False,16.2,False
2503.T,"Kirin Holdings Company, Limited",Consumer Defensive,Japan,open,JPY,False,2026-09-11,2775.0,2.0,31.00489412597477,0.6286270609689923,1.0755813953488371,0.4504491467880718,0.0287883243168445,2026-10-06,2812.0,0.5361828682183292,0.3573410013335401,31.579006062886673,0.01333333333333342,0.0437837837837837,2026-09-17,,,,,,,0,11.9,False,17.7,False
1590.TW,Airtac International Group,Industrials,Taiwan,open,TWD,False,2026-09-11,1285.0,1.0,34.98693034137323,0.4391488270186596,1.3470802919708027,0.9329979807476804,0.1194109799406772,2026-10-06,1195.0,0.6219992436763826,0.3454710965765997,33.380820892508524,-0.07003891050583655,0.0,2026-09-11,,,,,,,0,14.1,False,15.4,False
AMN,"AMN Healthcare Services, Inc.",Healthcare,United States,open,USD,True,2026-09-11,33.04999923706055,1.1707172481300383,33.333333333333336,0.3596623451013359,0.8582995951417003,0.770661038149336,0.1051716622566714,2026-10-06,36.72999954223633,0.23849986811674628,0.8217368186374983,38.20159568300306,0.11134645658476217,0.1434191161236579,2026-10-06,,,,,,,0,12.0,False,17.2,False
FRSH,Freshworks Inc.,Technology,United States,closed,USD,True,2026-09-11,11.869999885559082,3.2596633976874703,33.333333333333336,0.6820447111713379,1.2220744680851063,0.1826677599754977,0.1816076893352006,2026-10-01,13.095000267028809,0.5811276669703607,0.1522522092165488,37.7850235040948,0.103201381068255,0.103201381068255,2026-10-01,2026-10-01,13.095000267028809,momentum_perdu,36.7850235040948,0.073201381068255,20.0,0,14.8,False,14.0,False
NDX1.DE,Nordex SE,Industrials,Germany,open,EUR,True,2026-09-11,37.971734870074414,1.776983422161372,67.47514337482913,0.2897915754934086,1.1806569343065694,0.7311927981312882,0.1194109799406772,2026-10-06,36.29999923706055,0.4751364647011429,0.5308835013373436,64.50449686872705,-0.0440257902024741,0.0591206728053925,2026-09-23,,,,,,,2,13.2,False,15.6,False
PATH,"UiPath, Inc.",Technology,United States,closed,USD,True,2026-09-11,13.86791463299315,1.103275582103178,13.181475137466222,0.617743216306843,1.2313829787234043,0.3953662120035093,0.1816076893352006,2026-10-01,13.05500030517578,0.6583870904696496,-0.1904161140897566,12.74976916504696,-0.0586183539004029,0.0710165583853241,2026-09-14,2026-10-01,13.05500030517578,momentum_perdu,11.74976916504696,-0.1344823971559002,20.0,1,14.9,False,13.8,False
2303.TW,United Microelectronics Corporation,Technology,Taiwan,open,TWD,False,2026-09-24,154.5,7.0,29.824608930948536,0.3921124710021362,1.2289803220035778,1.880521224401695,0.1760461336247574,2026-10-06,147.5,0.4544977978205633,2.3867275311140776,28.841587925954016,-0.04530744336569581,0.0453074433656957,2026-10-02,,,,,,,0,13.4,False,17.2,False
9942.TW,NAK Sealing Technologies Corporation,Consumer Cyclical,Taiwan,open,TWD,False,2026-09-24,113.5,1.0,3.129998255813831,0.6873464502109707,1.2710970464135023,0.1097823325195554,0.0049086485502458,2026-10-06,113.5,0.6445761191983126,0.14171757938050877,3.170479641254994,0.0,0.0132158590308371,2026-09-30,,,,,,,0,14.4,False,14.2,False
B3SA3.SA,"B3 S.A. - Brasil, Bolsa, Balcão",Financial Services,Brazil,closed,BRL,False,2026-10-01,18.38999938964844,10.0,31.40261381858757,0.5721491771944007,1.2049586776859502,0.5367313859481284,0.1908664657509851,2026-10-06,22.76000022888184,0.2365944953277765,0.5367315087476598,40.62979822819984,0.2376291997972131,0.320282843528124,2026-10-05,2026-10-06,22.76000022888184,trailing_stop,39.62979822819984,0.2057847168577678,5.0,0,13.4,False,15.8,False
0300.HK,"Midea Group Co., Ltd.",Consumer Cyclical,China,open,HKD,False,2026-10-01,91.8000030517578,1.0,10.359139614610434,0.3536687635756177,1.165966386554622,0.3050100217323275,0.0070048447012773,2026-10-06,90.80000305175781,0.29912523846719585,0.14915268158324002,10.28206672224694,-0.010893245825233544,2.220446049250313e-16,2026-10-01,,,,,,,0,13.3,False,15.0,False
2006.TW,Tung Ho Steel Enterprise Corporation,Basic Materials,Taiwan,open,TWD,False,2026-10-01,85.4000015258789,2.0,4.733531086246221,0.5841247672383267,1.0926573426573427,0.4120969916689139,0.274162292148658,2026-10-06,86.5999984741211,0.6403607586844575,0.4425805886221119,4.838123913566775,0.014051486262310453,0.0281030618617919,2026-10-01,,,,,,,0,12.4,False,15.4,False
2497.TW,"E-Lead Electronic Co., Ltd.",Consumer Cyclical,Taiwan,open,TWD,False,2026-10-05,44.04999923706055,1.0,1.2310314415350727,0.3376392450059349,1.064736842105263,0.0464486176467411,0.015542905828388,2026-10-06,43.79999923706055,0.31351478241181496,0.04644861764674113,1.2234978490580153,-0.005675368997274943,0.0045403125176717,2026-10-06,,,,,,,0,11.5,False,12.9,False
B3SA3.SA,"B3 S.A. - Brasil, Bolsa, Balcão",Financial Services,Brazil,open,BRL,False,2026-10-06,22.770000457763672,1.0,4.064765004180348,0.2354357916553351,1.204358552631579,0.5367313859481284,0.1786569542674822,2026-10-06,22.68000030517578,0.24033832288396773,0.5367313859481284,4.046026118987178,-0.003952575791767443,0.0039525757917675,2026-10-06,,,,,,,0,13.4,False,16.0,False
