ticker,name,sector,country,status,currency,fractional,entry_date,entry_price,shares,entry_value_eur,entry_valuation_gap,entry_quality_multiplier,entry_mom_12_2,entry_sector_momentum,last_check_date,last_price,last_valuation_gap,last_mom_12_2,current_value_eur,unrealized_return_pct,peak_unrealized_return_pct,peak_date,exit_date,exit_price,exit_reason,exit_value_eur,return_pct,holding_days,reinforcement_count,entry_note_qualite,entry_note_qualite_low_confidence,entry_note_perspective,entry_note_perspective_low_confidence,news_source,news_sentiment,news_reason,customer_concentration,customer_concentration_reason
2303.TW,United Microelectronics Corporation,Technology,Taiwan,closed,TWD,False,2026-09-11,140.5,4.0,15.297512544849017,0.5579763949021352,1.2331560283687943,1.880521224401695,0.1816076893352006,2026-09-24,153.5,0.4059424022839131,1.880521224401695,16.930458821863752,0.092526690391459,0.1921708185053381,2026-09-22,2026-09-24,153.5,trailing_stop,15.930458821863752,0.0271565854761523,13.0,0,13.6,False,17.8,False,ollama,positive,"Les actualites presentes sont presque toutes positives, avec des mentions de croissance, de jumps de revenue et de valorisation, ce qui suggere un ton general positif pour l'action.",concentrated,"L'entreprise semble dépendre d'un petit nombre de clients, notamment pour la fabrication de circuits intégrés, ce qui suggère une concentration de la base de clients."
ABEV3.SA,Ambev S.A.,Consumer Defensive,Brazil,open,BRL,False,2026-09-11,15.739999771118164,12.0,31.877404596555056,0.5111600863940418,1.336046511627907,0.3156527993596751,0.0287883243168445,2026-10-03,15.84000015258789,0.44093394251472606,0.28486242802621375,32.38049755407937,0.0063532644805510685,0.0101651746975053,2026-09-14,,,,,,,0,15.5,False,14.8,False,ollama,positive,"Les actualites presentes montrent une croissance revenue et des marges accrues, ainsi qu'une expansion digitale, ce qui suggere un ton general positif pour l'action d'Ambev S.A.",diversified,"L'entreprise propose une large gamme de boissons à travers divers marchés, ce qui suggère une base de clients large et diversifiée."
DINO,HF Sinclair Corporation,Energy,United States,open,USD,True,2026-09-11,107.72000122070312,0.1795961925317681,16.666666666666668,0.4192315086601654,1.0533333333333337,1.004672472361337,0.4472449067977305,2026-10-03,113.36000061035156,0.4419439752403018,1.1476903580909705,18.084921993585425,0.052357958835266505,0.0906052917343882,2026-09-18,,,,,,,0,12.8,False,17.1,False,ollama,positive,"Les actualites presentes sont presque toutes positives, avec des articles sur les benefices des actions de HF Sinclair en raison des prix eleves des hydrocarbures et des investissements dans les refineries, ainsi que des plans de spin-off et de reprise de capital.",concentrated,"Le texte suggère que HF Sinclair Corporation dépend principalement d'un petit nombre de clients, tels que les 1 700 stations qu'elle approvisionne et les clients gouvernementaux, ce qui indique une concentration du marché."
4503.T,Astellas Pharma Inc.,Healthcare,Japan,open,JPY,False,2026-09-11,2240.5,1.0,12.517458691767953,0.7048247721552858,1.1791497975708505,0.5042053470821488,0.1051716622566714,2026-10-03,2245.0,0.7583846956768081,0.48523568593584976,12.665726375176305,0.0020084802499442667,0.0727516179424234,2026-09-25,,,,,,,0,13.6,False,16.2,False,ollama,positive,"L'action d'Astellas Pharma Inc. semble être positive suite aux annonces de Trump sur les prix des médicaments, ce qui pourrait avoir un impact positif sur la valeur de l'action.",concentrated,"La description de l'activité d'Astellas Pharma Inc. ne mentionne aucun client principal ou contrat gouvernemental unique, ce qui suggère une concentration sur une base de clients large et diversifiée."
2503.T,"Kirin Holdings Company, Limited",Consumer Defensive,Japan,open,JPY,False,2026-09-11,2775.0,2.0,31.007317893020367,0.6286270609689923,1.0755813953488371,0.4504489786074388,0.0287883243168445,2026-10-03,2805.0,0.5028925757181939,0.3573410013335401,31.65021156558533,0.0108108108108107,0.0446846846846846,2026-09-17,,,,,,,0,11.9,False,17.7,False,ollama,positive,"Les actualites presentes sont presque toutes positives, avec des mentions de croissance, de diversification, de renforcement de la position de Kirin Holdings sur le marché et de son engagement en faveur de la transformation digitale.",diversified,"L'entreprise propose une gamme de produits et de services diversifiés, notamment en matière de boissons, de médicaments, de cosmétiques et de services logistiques, ce qui suggère qu'elle n'est pas dépendante d'un petit nombre de clients."
1590.TW,Airtac International Group,Industrials,Taiwan,open,TWD,False,2026-09-11,1285.0,1.0,34.977408576745525,0.4391488270186596,1.3470802919708027,0.9329979807476804,0.1194109799406772,2026-10-03,1180.0,0.6266263600497708,0.3454710965765997,32.939729745702834,-0.08171206225680938,0.0038910505836575,2026-09-16,,,,,,,0,14.1,False,15.4,False,ollama,positive,"Les actualites presentes sont presque toutes positives, avec des croissances de revenue et de profit, des augmentations de revenue et des ambitions de croissance, ce qui suggere un ton general positif pour l'action Airtac International Group.",diversified,"Airtac International Group offre une large gamme de produits pour différents secteurs, tels que l'automobile, la mécanique, l'électronique, etc., ce qui suggère qu'elle a une base de clients large et diversifiée."
AMN,"AMN Healthcare Services, Inc.",Healthcare,United States,open,USD,True,2026-09-11,33.04999923706055,1.1707172481300383,33.333333333333336,0.3596623451013359,0.8582995951417003,0.770661038149336,0.1051716622566714,2026-10-03,36.630001068115234,0.2295127612136747,0.8217368186374983,38.0933022943258,0.10832078407554868,0.1125567717572504,2026-10-02,,,,,,,0,12.0,False,17.2,False,ollama,positive,"Les actualites presentes montrent un ton positif, avec des articles qui soulignent le potentiel de croissance de l'action, son rendement recent et son integration dans les analyses de valeur.",diversified,"L'entreprise propose une gamme de services diversifiés à une variété de clients, notamment des hôpitaux, des cliniques, des écoles et des groupes de santé, ce qui suggère une concentration sur une base de clients large et diversifiée."
FRSH,Freshworks Inc.,Technology,United States,closed,USD,True,2026-09-11,11.869999885559082,3.2596633976874703,33.333333333333336,0.6820447111713379,1.2220744680851063,0.1826677599754977,0.1816076893352006,2026-10-01,13.06999969482422,0.5841520814558805,0.1540540521963977,37.70436308450682,0.1010951828841248,0.1010951828841248,2026-10-01,2026-10-01,13.06999969482422,momentum_perdu,36.70436308450682,0.0710951828841248,20.0,0,14.8,False,14.0,False,ollama,,"Les actualites presentent des informations contradictoires sur la performance de l'action de Freshworks Inc. (FRSH), avec des articles qui indiquent que la stock est ",diversified,"Le texte décrit une gamme de produits pour des utilisateurs diversifiés, notamment pour les entreprises, les entreprises de services, les entreprises de marketing et les équipes de maintenance."
NDX1.DE,Nordex SE,Industrials,Germany,open,EUR,True,2026-09-11,39.41999816894531,0.4227972460890803,16.666666666666668,0.2950267704457854,1.1806569343065694,0.7311927981312882,0.1194109799406772,2026-10-03,38.380001068115234,0.38134331638961205,0.5308835013373436,16.226958756495083,-0.02638247461029508,0.0629123153761919,2026-09-23,,,,,,,0,13.2,False,15.6,False,ollama,positive,"Les actualites recentes sur Nordex SE presentent un ton general positif, avec des orders de turbines, des gains de partage, des resultats financiers solides et des commentaires positifs des analystes et des medias.",concentrated,"L'entreprise seeme se concentrer sur un client principal et une région spécifique (Europe, North America, Latin America) avec une présence importante en Turquie, ce qui suggere une base de clients concentrée."
PATH,"UiPath, Inc.",Technology,United States,closed,USD,True,2026-09-11,13.841593369244835,1.4286351054129751,17.043304203681146,0.617743216306843,1.2313829787234043,0.3953662120035093,0.1816076893352006,2026-10-01,13.06999969482422,0.6564838927084635,-0.2055485085609709,16.52495063385316,-0.0557445702844479,0.0724585524681429,2026-09-14,2026-10-01,13.06999969482422,momentum_perdu,15.52495063385316,-0.1144186388834236,20.0,1,14.9,False,13.8,False,ollama,negative,"L'actualité présente plusieurs éléments négatifs, tels que la chute de 25% de la valeur de l'action, la rétraction de 8% après les résultats de Q2, la chute de 24% après les résultats de Q2, ainsi que la réduction de la cible de prix de 70% par Citi, ce qui suggère une révision de la perspective pos",concentrated,"10-K SEC (2026-03-25) : customers with ARR of $1 million or more, which accounted for approximately 89% and 52% of our revenue [https://www.sec.gov/Archives/edgar/data/1734722/000173472226000012/path-20260131.htm]"
2006.TW,Tung Ho Steel Enterprise Corporation,Basic Materials,Taiwan,open,TWD,False,2026-09-11,82.5,7.0,15.71941902962688,0.6941403766687857,1.0926573426573427,0.4120969916689139,0.2669720960973309,2026-10-03,86.5999984741211,0.5621739021134398,0.4425805886221119,16.92208798305999,0.049696951201467776,0.067878769383286,2026-09-24,,,,,,,0,12.7,False,16.0,False,ollama,neutral,L'actualité présente une équilibre entre des informations positives (financement et stabilisation des prix) et des informations neutres ou négatives (article sur l'urban mining et un article scientifique sur l'utilisation du slag de fer),concentrated,"le texte ne mentionne qu'un seul grand groupe comme client principal et ne précise pas si le secteur public est un seul client ou plusieurs, mais il ne mentionne pas non plus de diversification de clients"
9942.TW,NAK Sealing Technologies Corporation,Consumer Cyclical,Taiwan,open,TWD,False,2026-09-11,113.5,10.0,30.89444259502426,0.6852037354297695,1.269392033542977,0.1097823325195554,0.0036748849442611,2026-10-03,113.5,0.6795033527882599,0.14171757938050877,31.683553611332812,0.0,0.0132158590308371,2026-09-30,,,,,,,0,14.5,False,14.2,False,ollama,positive,"L'actualité mentionne une analyse de marché pour l'industrie des seals d'huile et de gaz, ce qui suggère une tendance positive pour l'action.",diversified,"l'entreprise sert des marchés diversifiés tels que le sector automobile, industriel, agricole, hydraulique, pneumatique, de construction et de minier, avec des clients B2B et un public général"
B3SA3.SA,"B3 S.A. - Brasil, Bolsa, Balcão",Financial Services,Brazil,open,BRL,False,2026-09-11,17.65999984741211,3.0,8.941470274733433,0.5926721012768035,1.2049248747913188,0.2682495170027918,0.1925669936840393,2026-10-03,19.0,0.47731279208769006,0.5367315087476598,9.71006072602521,0.07587769899014196,0.07587769899014196,2026-10-03,,,,,,,0,13.8,False,14.0,False,ollama,positive,"Les actualites presentes sont presque toutes positives, avec des croissances de revenue, des nouveaux produits et une performance solide, mais il y a aussi une mention d'un downgrade de rating et d'une antitrust warning, ce qui pourrait avoir un impact sur l'action.",concentrated,"l'entreprise semble dépendre d'un très petit nombre de clients, notamment le client principal et les contrats gouvernementaux."
2606.TW,U-Ming Marine Transport Corporation,Industrials,Taiwan,open,TWD,False,2026-09-14,76.19999694824219,1.0,2.075389415285117,0.2541420143032415,1.0890510948905108,0.3906952772992631,0.1194109799406772,2026-10-03,75.9000015258789,0.21747967220251962,0.37881507848051177,2.1187504558990544,-0.003936947957715153,0.0472441764789162,2026-09-21,,,,,,,0,13.0,False,14.1,False,ollama,positive,"L'actualité présente plusieurs titres positifs, tels que le « U-Ming Wins » et le « U-Ming 2026 Annual Shareholders' Meeting », qui suggèrent une performance positive et une croissance de l'entreprise.",concentrated,"La description mentionne une relation exclusivement basée sur la fourniture de commodités aux secteurs public et privé, suggérant un client principal ou un contrat gouvernemental unique."
2303.TW,United Microelectronics Corporation,Technology,Taiwan,open,TWD,False,2026-09-24,154.0,3.0,12.73920517215155,0.3966323166872079,1.2289803220035778,1.880521224401695,0.1760461336247574,2026-10-03,161.5,0.32723812775777184,2.3867275311140776,13.524829713383918,0.04870129870129869,0.04870129870129869,2026-10-03,,,,,,,0,13.4,False,17.2,False,ollama,positive,"L'actualité présente une majorité de titres positifs, avec des mentions de croissance, d'expansion de la marge bénéficiaire et d'investissements dans de nouvelles technologies, ce qui suggère un ton général positif pour l'action.",concentrated,"L'entreprise semble dépendre d'un petit nombre de clients, notamment pour la fabrication de circuits intégrés, ce qui suggère une concentration de la base de clients."
2413.TW,"Universal Microelectronics Co., Ltd.",Technology,Taiwan,open,TWD,False,2026-09-24,51.5,2.0,2.840125828423398,0.9410576028075444,1.0782647584973164,1.0045343819685346,0.1760461336247574,2026-10-03,52.29999923706055,0.9382806911626556,1.511764890102147,2.919911594185151,0.015533965768165903,0.0271844956481341,2026-10-02,,,,,,,0,10.6,False,17.8,False,ollama,positive,"Les actualites presentes sont presque toutes positives, avec des mentions de croissance, de repurchase de actions et de valuation justifiee, ce qui suggere un ton general positif pour l'action de M3.",diversified,"Le texte indique que l'entreprise vend des produits électroniques à des clients dans plusieurs régions du monde, ce qui suggère une base de clients large et diversifiée."
0300.HK,"Midea Group Co., Ltd.",Consumer Cyclical,China,open,HKD,False,2026-10-01,91.8000030517578,3.0,31.06991568733692,0.3536687635756177,1.165966386554622,0.3050100217323275,0.0070048447012773,2026-10-03,91.1500015258789,0.3554797255134021,0.14915268158324002,30.97039466329499,-0.00708062640817575,2.220446049250313e-16,2026-10-01,,,,,,,0,13.3,False,15.0,False,ollama,positive,"L'actualité présente plusieurs éléments positifs, tels que la prévision d'une augmentation des ventes d'appareils climatisants en Europe, une partenariat stratégique avec Electrolux et une politique de reprise de parts pour Midea Group, ce qui suggère une tendance positive pour l'action.",diversified,"L'entreprise présente une gamme de produits pour différents marchés, y compris le grand public, les entreprises et les gouvernements, ce qui suggère une base de clients large et diversifiée."
7269.T,Suzuki Motor Corporation,Consumer Cyclical,Japan,closed,JPY,False,2026-10-01,1991.0,1.0,11.161377760487396,0.2413655555498057,1.1281512605042014,0.0437389425730536,0.0070048447012773,2026-10-02,1985.0,0.2454459171058884,-0.116463814148041,11.181524113486027,-0.0030135610246107,0.0,2026-10-01,2026-10-02,1985.0,momentum_perdu,10.181524113486027,-0.0926082348596025,1.0,0,11.7,False,15.7,False,ollama,neutral,"L'actualité présente une diversité de sujets, allant de la faiblesse du prix de l'action à la révision de la stratégie de développement de Suzuki, sans que aucun sujet ne soit particulièrement négatif ou positif.",diversified,"L'entreprise propose une large gamme de produits et de services, y compris automobiles, motorcycles, outboard motors, vélos électriques, produits pour la construction, services de location, vente de biens immobiliers, etc., ce qui suggère une base de clients large et diversifiée."
SBIN.NS,State Bank of India,Financial Services,India,closed,INR,False,2026-10-01,978.5,1.0,8.992359639551056,0.2500941181982035,1.0078512396694217,0.2368692004752608,0.1908664657509851,2026-10-02,954.0999755859376,0.2635039111655561,0.0424707178187784,8.803536344531294,-0.0249361516750766,0.0,2026-10-01,2026-10-02,954.0999755859376,momentum_perdu,7.803536344531293,-0.136141668367459,1.0,0,8.0,False,12.8,False,ollama,,"Les actualites presentent des informations positives (recrutement, croissance des prts, acquisition de dettes) mais aussi des informations négatives (dégradation de la performance boursière, augmentation des réserves de pertes de prts)",diversified,"Le texte décrit une gamme large de produits et services bancaires, y compris des produits pour les particuliers, les entreprises, les associations et les institutions financières, ainsi que des services internationaux."
9939.TW,"Taiwan Hon Chuan Enterprise Co., Ltd.",Consumer Cyclical,Taiwan,open,TWD,False,2026-10-02,126.0,3.0,10.528368138740529,0.543281268565051,1.066701680672269,0.0840890081749621,0.0049086485502458,2026-10-03,124.5,0.5618750187887263,0.046958299861243,10.426261915271194,-0.011904761904761862,0.0,2026-10-02,,,,,,,0,10.4,False,14.8,False,ollama,negative,"Aucune information positive ou neutre n'est disponible dans les actualités fournies, les articles semblent aborder des informations générales sur les entreprises sans émettre un ton spécifique à l'égard de Taiwan Hon Chuan Enterprise Co., Ltd.",diversified,"L'entreprise offre une gamme de produits à des clients dans différents pays et industries, ce qui suggère une base de clients large et diversifiée."
ITUB4.SA,Itaú Unibanco Holding S.A.,Financial Services,Brazil,open,BRL,False,2026-10-02,43.56999969482422,1.0,7.39075881269549,0.45344373450016,1.1725700164744646,0.2496498375817193,0.188379337568358,2026-10-03,44.83000183105469,0.41259291728934344,0.24964983758171932,7.636877896971269,0.028919030182599448,0.028919030182599448,2026-10-03,,,,,,,0,14.3,False,12.9,False,ollama,positive,"L'action de Itaú Unibanco Holding S.A. a connu une augmentation de 6,5% et est considérée comme une opportunité avec un retour sur investissement (ROI) élevé, malgré une baisse de 11,98% par rapport à son 52e semaine.",diversified,"l'entreprise sert un large public, des clients B2B, des microentreprises, des petites et moyennes entreprises, ainsi que des clients institutionnels de haut niveau"
