ticker,name,sector,country,status,currency,fractional,entry_date,entry_price,shares,entry_value_eur,entry_valuation_gap,entry_quality_multiplier,entry_mom_12_2,entry_sector_momentum,last_check_date,last_price,last_valuation_gap,last_mom_12_2,current_value_eur,unrealized_return_pct,peak_unrealized_return_pct,peak_date,exit_date,exit_price,exit_reason,exit_value_eur,return_pct,holding_days,reinforcement_count
2303.TW,United Microelectronics Corporation,Technology,Taiwan,closed,TWD,False,2026-09-11,140.5,8.0,30.60335385502219,0.5579763949021352,1.2331560283687943,1.880521224401695,0.1816076893352006,2026-09-24,154.0,0.4013776542245497,1.880521224401695,33.97495904108053,0.096085409252669,0.1814946619217081,2026-09-22,2026-09-24,154.0,trailing_stop,32.97495904108053,0.0634092520988709,13.0,0
1590.TW,Airtac International Group,Industrials,Taiwan,open,TWD,False,2026-09-11,1285.0,1.0,34.98693034137323,0.4391488270186596,1.3470802919708027,0.9329979807476804,0.1194109799406772,2026-10-02,1165.0,0.6450372722280251,0.3454710965765997,32.459391982450114,-0.0933852140077821,0.0,2026-09-11,,,,,,,0
ABEV3.SA,Ambev S.A.,Consumer Defensive,Brazil,open,BRL,False,2026-09-11,15.739999771118164,12.0,31.877404596555056,0.5111600863940418,1.336046511627907,0.3156529091903717,0.0287883243168445,2026-10-02,15.420000076293945,0.4863584222631341,0.27733410597854435,31.475811999233986,-0.02033034939501055,0.0101651746975053,2026-09-14,,,,,,,0
9942.TW,NAK Sealing Technologies Corporation,Consumer Cyclical,Taiwan,open,TWD,False,2026-09-11,113.5,10.0,30.9028528696176,0.6852037354297695,1.269392033542977,0.1097823325195554,0.0036748849442611,2026-10-02,114.0,0.6511818140644192,0.14171757938050877,31.762838506431876,0.004405286343612369,0.0132158590308371,2026-09-30,,,,,,,0
4503.T,Astellas Pharma Inc.,Healthcare,Japan,open,JPY,False,2026-09-11,2240.5,2.0,25.033519553072622,0.7048247721552858,1.1791497975708505,0.5042053470821488,0.1051716622566714,2026-10-02,2267.5,0.739756696810681,0.48523568593584976,25.532035382660407,0.012050881499665156,0.0720821245257754,2026-09-25,,,,,,,0
2404.TW,"United Integrated Services Co., Ltd.",Industrials,Taiwan,open,TWD,False,2026-09-11,1005.0,1.0,27.36331906076272,0.6494291928850642,1.4273722627737229,0.2210448961994704,0.1194109799406772,2026-10-02,1305.0,0.34255079025618773,0.5446007094299281,36.360091448152275,0.29850746268656714,0.29850746268656714,2026-10-02,,,,,,,0
3044.TW,Tripod Technology Corporation,Technology,Taiwan,open,TWD,False,2026-09-11,508.0,2.0,27.66281807535813,0.4647752263027724,1.2225177304964538,0.6979320984207729,0.1816076893352006,2026-10-02,535.0,0.3278303899153574,0.5798437678215931,29.812488773580796,0.053149606299212504,0.0688976377952756,2026-09-24,,,,,,,0
BVS,Bioventus Inc.,Healthcare,United States,open,USD,True,2026-09-11,13.0600004196167,2.9626495340225247,33.333333333333336,0.5443398658903456,1.0455465587044537,1.040358669922274,0.1051716622566714,2026-10-02,13.630000114440918,0.4874737663751427,1.040358669922274,35.93497643822641,0.04364469192267828,0.075038247377414,2026-09-29,,,,,,,0
PATH,"UiPath, Inc.",Technology,United States,closed,USD,True,2026-09-11,13.84190756474913,2.853247162437245,34.038689598802506,0.617743216306843,1.2313829787234043,0.3953662120035093,0.1816076893352006,2026-10-01,13.050000190734863,0.6590225023561243,-0.1904161140897566,32.960314066032765,-0.0572108555348974,0.0710165583853241,2026-09-14,2026-10-01,13.050000190734863,momentum_perdu,31.960314066032765,-0.0865891897712183,20.0,1
2503.T,"Kirin Holdings Company, Limited",Consumer Defensive,Japan,open,JPY,False,2026-09-11,2775.0,1.0,15.502793296089385,0.6286270609689923,1.0755813953488371,0.4504491467880718,0.0287883243168445,2026-10-02,2818.0,0.545765284531335,0.3573408437307255,15.865330916943115,0.01549549549549556,0.0439639639639639,2026-09-17,,,,,,,0
B3SA3.SA,"B3 S.A. - Brasil, Bolsa, Balcão",Financial Services,Brazil,open,BRL,False,2026-09-11,17.65999984741211,3.0,8.941470274733433,0.5926721012768035,1.2049248747913188,0.2682495170027918,0.1925669936840393,2026-10-02,18.510000228881836,0.5164204593508921,0.5367313859481284,9.445805519251484,0.04813139234507324,0.049830185488036,2026-10-01,,,,,,,0
2413.TW,"Universal Microelectronics Co., Ltd.",Technology,Taiwan,open,TWD,False,2026-09-24,51.59999847412109,23.0,32.728474186360295,0.937295920555572,1.0782647584973164,1.0045343819685346,0.1760461336247574,2026-10-02,51.79999923706055,0.9517852039750037,1.511764890102147,33.194951964211505,0.003875983892514423,0.003875983892514423,2026-10-02,,,,,,,0
2303.TW,United Microelectronics Corporation,Technology,Taiwan,open,TWD,False,2026-10-01,154.5,7.0,29.97256310483773,0.4313851315491022,1.23141592920354,1.880521224401695,0.1768172085560135,2026-10-02,158.0,0.36139028748403734,2.3867275311140776,30.815525779047064,0.02265372168284796,0.02265372168284796,2026-10-02,,,,,,,0
