ticker,name,sector,country,status,currency,fractional,entry_date,entry_price,shares,entry_value_eur,entry_valuation_gap,entry_quality_multiplier,entry_mom_12_2,entry_sector_momentum,last_check_date,last_price,last_valuation_gap,last_mom_12_2,current_value_eur,unrealized_return_pct,peak_unrealized_return_pct,peak_date,exit_date,exit_price,exit_reason,exit_value_eur,return_pct,holding_days
2006.TW,Tung Ho Steel Enterprise Corporation,Basic Materials,,open,TWD,False,2026-08-26,83.46882877102146,77.0,174.80153250405976,0.7297083401686801,1.104982206405694,0.2462550898512692,0.201509339152061,2026-10-07,86.30000305175781,0.6803130115269813,0.4425805886221119,186.0590846029676,0.033918941027710536,0.073212380168925,2026-09-18,,,,,,
9942.TW,NAK Sealing Technologies Corporation,Consumer Cyclical,,open,TWD,False,2026-08-26,114.5,5.0,15.415477205905312,0.4808865395741168,1.272921108742004,0.1102171891543526,0.0039840788824669,2026-10-07,113.5,0.6542154109168439,0.14171757938050877,15.889682138469185,-0.008733624454148492,0.0043668122270741,2026-09-30,,,,,,
LAUR,"Laureate Education, Inc.",Consumer Defensive,,open,USD,True,2026-08-26,38.36000061035156,0.5069782577010278,16.666666666666668,0.3034515060564902,1.295138888888889,0.3941048766907418,0.0349880216070413,2026-10-07,38.25,0.25582721110838813,0.31450220271495266,17.249112098297747,-0.0028675862513379835,0.0260688212744748,2026-10-05,,,,,,
DINO,HF Sinclair Corporation,Energy,,open,USD,True,2026-08-26,93.23999786376952,0.6257299459592724,50.0,0.4813344065872511,1.0674342105263157,0.8449667341356946,0.397234231027996,2026-10-07,114.5999984741211,0.43858571532598223,1.1476903580909705,63.784847594293765,0.22908624088087293,0.2560060413285066,2026-09-18,,,,,,
ITUB4.SA,Itaú Unibanco Holding S.A.,Financial Services,,closed,BRL,False,2026-08-26,39.43999862670898,3.0,19.70390785875665,0.689360634455501,1.1869747899159662,0.2403299515018704,0.1982298860467404,2026-09-02,39.880001068115234,0.6677759116933051,0.1258682121312839,20.0318135221361,0.0111562489028151,,,2026-09-02,39.880001068115234,momentum_perdu,20.0318135221361,0.0111562489028151,7.0
4503.T,Astellas Pharma Inc.,Healthcare,,open,JPY,False,2026-08-26,2420.5,1.0,13.049572698790591,0.7197947825511646,1.184156378600823,0.4134120217072097,0.0581510151203463,2026-10-07,2253.0,0.7631537267866708,0.48523568593584976,12.658441668333426,-0.06920057839289406,-0.007436480066102,2026-09-25,,,,,,
PINFRA.MX,"Promotora y Operadora de Infraestructura, S. A. B. de C. V.",Industrials,,closed,MXN,False,2026-08-26,262.42999267578125,1.0,13.292588262276976,0.6582011936237555,1.3453079178885627,0.1727196576222214,0.11807037191963,2026-09-02,260.6700134277344,0.6436028508951508,0.044985992943646,13.23506423113466,-0.0067064714292059,,,2026-09-02,260.6700134277344,momentum_perdu,13.23506423113466,-0.0067064714292059,7.0
1878.T,"Daito Trust Construction Co.,Ltd.",Real Estate,,closed,JPY,False,2026-08-26,3357.0,2.0,36.19699694264823,0.5414520994426977,1.1428571428571428,0.1209037785781472,0.0631033720780011,2026-09-02,3319.0,0.568022046974562,0.0495361118530111,35.883990475433954,-0.0113196306225796,,,2026-09-02,3319.0,momentum_perdu,35.883990475433954,-0.0113196306225796,7.0
2303.TW,United Microelectronics Corporation,Technology,,closed,TWD,False,2026-08-26,123.5,5.0,16.62717410418608,0.7452298979887186,1.2313636363636364,2.0387858431394714,0.1202504603191972,2026-09-24,154.0,0.3993407521246901,1.880521224401695,21.232008620252586,0.2469635627530364,0.3562753036437247,2026-09-22,2026-09-24,154.0,trailing_stop,20.232008620252586,0.18682105184084,29.0
AMZN,"Amazon.com, Inc.",Consumer Cyclical,,open,USD,True,2026-08-26,261.0599975585937,0.0744950833399186,16.666666666666668,0.3782794971210035,1.2803837953091683,0.1859388059924263,0.0039840788824669,2026-10-07,256.2900085449219,0.5805852366781343,0.020186686803453036,16.982642071508913,-0.018271619774305803,-0.0095379999144299,2026-09-21,,,,,,
2503.T,"Kirin Holdings Company, Limited",Consumer Defensive,,open,JPY,False,2026-08-26,3079.0,3.0,49.79917497158797,0.4699737815456333,1.0879629629629628,0.4234964770619183,0.0349880216070413,2026-10-07,2750.5,0.5886104467663287,0.3573408437307255,46.36091053096017,-0.10669048392335179,-0.0597596622279961,2026-09-17,,,,,,
THG,"The Hanover Insurance Group, Inc.",Financial Services,,open,USD,True,2026-08-26,227.1199951171875,0.0856273630369353,16.666666666666668,0.3088757246547169,1.165126050420168,0.3686384437048191,0.1982298860467404,2026-10-07,220.0399932861328,0.28704035237892733,0.27800444114067835,16.759465482168796,-0.031172956953444797,0.0269681231581555,2026-09-16,,,,,,
4507.T,"Shionogi & Co., Ltd.",Healthcare,,open,JPY,False,2026-08-26,2924.0,1.0,15.764077905913526,0.65819587032878,1.1841563786008231,0.1676521237984809,0.0581510151203463,2026-10-07,2761.5,0.8386845308393853,0.1395969334624627,15.515440154062473,-0.055574555403556825,0.0200068399452804,2026-09-17,,,,,,
NDX1.DE,Nordex SE,Industrials,,open,EUR,True,2026-08-26,38.540000915527344,0.4324511227489839,16.666666666666668,0.3870245093072322,1.1788856304985338,0.8392344176230255,0.11807037191963,2026-10-07,36.29999923706055,0.4729233621805262,0.5308835013373436,15.697975425854093,-0.058121474448754484,0.0877010164277449,2026-09-23,,,,,,
2548.TW,"Huaku Development Co., Ltd.",Real Estate,,closed,TWD,False,2026-08-26,94.50000108991348,14.0,35.88909277612707,0.3820094342847921,1.112637362637363,0.094155056108129,0.0631033720780011,2026-10-02,91.5,0.2173482971536662,-0.0105769958190428,35.691400111174765,-0.0317460429133654,0.0285110954718821,2026-09-18,2026-10-02,91.5,momentum_perdu,34.691400111174765,-0.0596096617080201,37.0
3044.TW,Tripod Technology Corporation,Technology,,open,TWD,False,2026-08-26,481.0,1.0,12.95169351273442,0.5648177639139342,1.1554545454545455,0.1794810315144657,0.1202504603191972,2026-10-07,581.0,0.19995549203983742,0.5798437678215931,16.267674577005454,0.2079002079002079,0.2245322245322245,2026-10-07,,,,,,
GRBK,"Green Brick Partners, Inc.",Consumer Cyclical,,closed,USD,True,2026-08-26,73.55000305175781,0.2644144863075108,16.666666666666668,0.5121848638256734,1.2158848614072495,0.0127435146865853,0.0039840788824669,2026-09-02,71.45999908447266,0.4362905317253773,-0.0222041616043338,16.278093017167382,-0.0284160962687438,,,2026-09-02,71.45999908447266,momentum_perdu,16.278093017167382,-0.0284160962687438,7.0
UFCS,"United Fire Group, Inc.",Financial Services,,open,USD,True,2026-08-26,53.5099983215332,0.3634402333184219,16.666666666666668,0.2856692695654783,1.06890756302521,0.6859505291309069,0.1982298860467404,2026-10-07,54.869998931884766,0.22803016035482648,0.7617316917267003,17.73837879794317,0.025415822332483184,0.0469071615578879,2026-09-14,,,,,,
TGTX,"TG Therapeutics, Inc.",Healthcare,,open,USD,True,2026-08-26,55.41999816894531,0.3509145961275751,16.666666666666668,0.3274505365484237,1.2530864197530864,0.7739515484022721,0.0581510151203463,2026-10-07,52.189998626708984,0.24034062876887186,0.6037953058382639,16.29051030163941,-0.058282202254677506,0.0494406670695661,2026-09-22,,,,,,
1802.T,Obayashi Corporation,Industrials,,open,JPY,False,2026-08-26,2973.0,1.0,16.02825021008239,0.5889230598037953,1.093841642228739,0.3588511609179976,0.11807037191963,2026-10-07,2943.5,0.6377358287998653,0.1838630309731919,16.538004017194602,-0.009922637066935747,0.053481331987891,2026-09-17,,,,,,
2357.TW,ASUSTeK Computer Inc.,Technology,,open,TWD,False,2026-08-26,971.0,1.0,26.145726405125,0.3740797936622377,1.0004545454545457,0.363452694416251,0.1202504603191972,2026-10-07,987.0,0.2698120907794743,0.466772506399711,27.63544717298517,0.016477857878475888,0.035015447991761,2026-10-07,,,,,,
YUMC,"Yum China Holdings, Inc.",Consumer Cyclical,,closed,USD,True,2026-08-26,48.56999969482422,0.4004053200955405,16.666666666666668,0.5427509982877106,1.1092750533049045,0.0905195901301403,0.0039840788824669,2026-09-18,41.2400016784668,0.7130035702514177,0.0585679849156757,14.40239155034572,-0.150916163525085,-0.1179740493769642,2026-09-14,2026-09-18,41.2400016784668,stop_loss,13.40239155034572,-0.210916163525085,23.0
2606.TW,U-Ming Marine Transport Corporation,Industrials,,open,TWD,False,2026-08-26,73.8000005086263,3.0,5.996816727173719,0.3044138893783112,1.089809384164223,0.1602440114761554,0.11807037191963,2026-10-07,74.5,0.24122215203472797,0.37881507848051177,6.257874815767159,0.009485087893622568,0.0813008469075848,2026-09-21,,,,,,
1878.T,"Daito Trust Construction Co.,Ltd.",Real Estate,Japan,open,JPY,False,2026-10-02,3124.0,1.0,17.586822703472002,0.3991640975962311,1.1385869565217392,0.1534520225682329,0.0372567077720261,2026-10-07,3142.0,0.3489980784894351,0.15345202256823298,17.653272845940357,0.005761843790012877,0.0076824583866836,2026-10-07,,,,,,
