ticker,name,sector,status,entry_date,entry_price,entry_valuation_gap,entry_quality_multiplier,entry_mom_12_2,entry_sector_momentum,last_check_date,last_price,last_valuation_gap,last_mom_12_2,last_sector_momentum,unrealized_return_pct,peak_unrealized_return_pct,peak_date,exit_date,exit_price,exit_reason,return_pct,holding_days
CROX,"Crocs, Inc.",Consumer Cyclical,closed,2026-08-07,134.17999267578125,0.9402435110487244,1.225,0.4680045755370454,0.005405633712494,2026-09-11,108.83000183105467,0.9971260034655254,0.4408137984009959,0.0036748849442611,-0.1889252662725931,0.0,2026-08-18,2026-09-11,108.83000183105467,stop_loss,-0.1889252662725931,35.0
APA,APA Corporation,Energy,open,2026-08-07,36.52999877929688,0.9368689052501056,1.277777777777778,0.66329085344353,0.3610042754255618,2026-10-06,44.22999954223633,0.8759893104387113,0.8769465448860592,0.4009694361063322,0.21078568355450833,0.2981111347811009,2026-09-15,,,,,
DAL,"Delta Air Lines, Inc.",Industrials,closed,2026-08-07,91.9800033569336,0.79430797013076,0.99,0.4308287323649311,0.1660142263463686,2026-08-18,87.58999633789062,-0.2926432608983018,0.4308287323649311,0.1211541989688258,-0.047727841474492,0.0,2026-08-18,2026-08-18,87.58999633789062,valorisation_atteinte,-0.047727841474492,11.0
DINO,HF Sinclair Corporation,Energy,closed,2026-08-07,82.91999816894531,0.6916728122749849,1.0925925925925926,0.8449667909529324,0.3610042754255618,2026-09-25,103.4749984741211,0.6575932272943856,1.004672472361337,0.4464022994694445,0.2478895412334187,0.4118427674865597,2026-09-18,2026-09-25,103.4749984741211,trailing_stop,0.2478895412334187,49.0
CENX,Century Aluminum Company,Basic Materials,closed,2026-08-07,45.95000076293945,0.6126019991150704,1.1551724137931034,1.0049261357244692,0.1923937749172761,2026-09-18,39.0099983215332,0.4752224922701049,0.5589236889057276,0.2686829933944956,-0.1510337829418198,0.0696409294843882,2026-09-08,2026-09-18,39.0099983215332,stop_loss,-0.1510337829418198,42.0
EME,"EMCOR Group, Inc.",Industrials,closed,2026-08-07,808.4299926757812,0.4278277822529963,1.3033333333333337,0.2887290913454343,0.1660142263463686,2026-08-18,862.5399780273438,-0.1044015224260003,0.2887290913454343,0.1211541989688258,0.0669321844090253,0.0669321844090253,2026-08-18,2026-08-18,862.5399780273438,valorisation_atteinte,0.0669321844090253,11.0
BRC,Brady Corporation,Industrials,closed,2026-08-07,98.23999786376952,0.422198582500108,1.1333333333333333,0.2220000532071604,0.1660142263463686,2026-09-22,83.16500091552734,0.1959394847802724,0.1758278569722193,0.1192019565331717,-0.1534507051715008,0.0,2026-08-18,2026-09-22,83.16500091552734,stop_loss,-0.1534507051715008,46.0
BVS,Bioventus Inc.,Healthcare,open,2026-08-07,13.979999542236328,0.3538561946674339,1.0568181818181817,0.779729717103472,0.0810871460795968,2026-10-06,13.270000457763672,0.5133861038620606,1.0809159874103345,0.0719261765891339,-0.050786774515092725,0.0636624014638833,2026-08-19,,,,,
AMG,"Affiliated Managers Group, Inc.",Financial Services,open,2026-08-07,372.1799926757813,0.3515063051466369,1.3037383177570094,0.6313882557917667,0.2118003217724988,2026-10-06,376.0150146484375,0.3849705013218687,0.5366383590868626,0.1786569542674822,0.01030421314451746,0.0321081531576075,2026-10-06,,,,,
CARG,"CarGurus, Inc.",Consumer Cyclical,closed,2026-08-07,36.380001068115234,0.3429379613044028,1.3333333333333333,0.0473989386321023,0.005405633712494,2026-09-02,34.77000045776367,0.3539502530978073,-0.0421702850961118,-0.016357976628326,-0.0442551006894451,0.0339472395297415,2026-08-24,2026-09-02,34.77000045776367,momentum_perdu,-0.0442551006894451,26.0
DCI,"Donaldson Company, Inc.",Industrials,closed,2026-08-07,98.33999633789062,0.3355167519911366,1.2499999999999998,0.1943119415965799,0.1660142263463686,2026-08-17,95.9499969482422,0.274352126123127,0.1943119415965799,,-0.0243034317536126,0.0,2026-08-17,2026-08-17,95.9499969482422,momentum_perdu,-0.0243034317536126,10.0
AZZ,AZZ Inc.,Industrials,open,2026-08-07,150.85000610351562,0.2834016171283049,1.0533333333333332,0.2906276180405664,0.1660142263463686,2026-10-06,141.1699981689453,0.005741189487618481,0.35231108158993063,0.1104166745753626,-0.06416975500768451,0.0158435485114158,2026-08-18,,,,,
EQNR,Equinor ASA,Energy,closed,2026-08-07,39.459999084472656,0.3721307126196953,1.0277777777777777,0.7359743141776183,0.3729420158817098,2026-09-21,42.88999938964844,0.101330830052436,0.8425591881269678,0.4457866218151853,0.086923476552372,0.1596553315567503,2026-09-15,2026-09-21,42.88999938964844,trailing_stop,0.086923476552372,45.0
BBY,"Best Buy Co., Inc.",Consumer Cyclical,closed,2026-08-07,80.0199966430664,0.2678664682902143,0.9962121212121212,0.2367141731747746,0.0130481424351726,2026-09-29,87.68000030517578,0.1371871677726561,0.1047610637543394,0.0049086485502458,0.095726118263629,0.2033866809376967,2026-09-23,2026-09-29,87.68000030517578,trailing_stop,0.095726118263629,53.0
JAZZ,Jazz Pharmaceuticals plc,Healthcare,open,2026-08-07,256.4700012207031,0.5956450078396411,1.0616883116883118,0.979334642742478,0.1236673403006223,2026-10-06,230.72999572753906,0.3038086715802817,0.6820692044399483,0.0719261765891339,-0.1003626364512461,0.0279370238656335,2026-08-25,,,,,
LAUR,"Laureate Education, Inc.",Consumer Defensive,open,2026-08-07,38.20500183105469,0.5899963766337637,1.2908163265306123,0.3941048766907418,0.0346823071594328,2026-10-06,38.130001068115234,0.26130809456162485,0.31450220271495266,0.02762505337354,-0.0019631137114222152,0.030231611672324,2026-10-05,,,,,
GOOGL,Alphabet Inc.,Communication Services,open,2026-08-07,356.05499267578125,0.5822189461839258,1.325,0.6774502088930534,0.2083965524997745,2026-10-06,347.5350036621094,0.1877781617670924,0.2268388034385571,-0.0129436590709673,-0.02392885702751557,0.0171462586170987,2026-09-22,,,,,
KALU,Kaiser Aluminum Corporation,Basic Materials,closed,2026-08-07,175.74000549316406,0.4450443561590622,0.9675925925925928,1.0986091544529415,0.1987610105963367,2026-08-18,185.5,-0.3317654738384744,1.0986091544529415,0.1946002911748154,0.0555365551483129,0.0555365551483129,2026-08-18,2026-08-18,185.5,valorisation_atteinte,0.0555365551483129,11.0
GEV,GE Vernova Inc.,Industrials,open,2026-08-07,1000.2999877929688,0.4415798843278287,1.4248251748251748,0.6192288396567436,0.1564884909293464,2026-10-06,1048.155029296875,0.3112447974060941,0.6273904553378642,0.1104166745753626,0.047840689880934706,0.0786764102443633,2026-08-18,,,,,
EQNR.OL,EQUINOR,Energy,open,2026-08-07,372.0,0.6346045578754334,1.0593220338983054,0.6212870875092995,0.3894873080102938,2026-10-06,410.0,0.15827446946052115,0.7329002102979616,0.4009694361063322,0.10215053763440851,0.14247311827957,2026-09-10,,,,,
GEO,Geo Group Inc (The) REIT,Industrials,open,2026-08-07,30.280000686645508,0.958638526819456,1.0485537190082643,0.4893924653106711,0.1683403040196102,2026-10-06,32.119998931884766,0.5019938717063996,0.7955215407331344,0.1104166745753626,0.06076612296943429,0.0870211416489155,2026-08-26,,,,,
MD,"Pediatrix Medical Group, Inc.",Healthcare,open,2026-08-07,27.15999984741211,0.9509617221168304,0.9999999999999998,0.5403835932100602,0.0822857179061186,2026-10-06,26.040000915527344,0.5656117615837024,0.51620510214094,0.0719261765891339,-0.04123707430696033,0.010589085611723,2026-09-10,,,,,
MPC,Marathon Petroleum Corporation,Energy,open,2026-08-07,300.1099853515625,0.5925289122090576,1.1,0.785528681121175,0.4120803430130179,2026-10-06,433.1099853515625,0.07890105156707228,1.0626173612884289,0.4009694361063322,0.44317085899090536,0.4514678863258545,2026-10-05,,,,,
EOAN.DE,E.ON SE                       N,Utilities,closed,2026-08-07,19.02499961853028,0.5860177234987227,1.0772727272727272,0.2648161069617512,0.1519405147035919,2026-10-02,16.729999542236328,0.2762090164699959,0.0762646373944144,0.0835546497106398,-0.120630755443413,0.0,2026-08-18,2026-10-02,16.729999542236328,momentum_perdu,-0.120630755443413,56.0
NDX1.DE,Nordex SE                     I,Industrials,open,2026-08-07,38.84000015258789,0.3313704699123181,1.1818181818181817,0.8392344176230255,0.1683403040196102,2026-10-06,36.29999923706055,0.47658735064366176,0.5308835013373436,0.1104166745753626,-0.06539652177004707,0.0792996396564691,2026-09-23,,,,,
NBIX,"Neurocrine Biosciences, Inc.",Healthcare,closed,2026-08-07,163.66000366210938,0.2971079644923271,1.2241379310344829,0.1948423764972686,0.0822857179061186,2026-08-18,154.49000549316406,-0.0085747023054257,0.1948423764972686,0.0420606792207298,-0.056030783109828,0.0,2026-08-18,2026-08-18,154.49000549316406,valorisation_atteinte,-0.056030783109828,11.0
UCG.MI,UNICREDIT,Financial Services,open,2026-08-07,84.38999938964844,0.2576452380582861,1.1123853211009174,0.2955460399184408,0.17832108935714,2026-10-06,81.11000061035156,0.2342516701056454,0.3573367647327028,0.1786569542674822,-0.038867150172052334,0.0208555770702654,2026-08-27,,,,,
ROP.SW,ROCHE PS,Healthcare,closed,2026-08-07,367.2999877929688,0.2511933888237176,1.1831896551724137,0.4000086633863002,0.0822857179061186,2026-08-21,375.6000061035156,-0.0050632984894962,0.4000086633863002,0.0568965571105629,0.0225973824840559,0.0225973824840559,2026-08-21,2026-08-21,375.6000061035156,valorisation_atteinte,0.0225973824840559,14.0
0175.HK,GEELY AUTO,Consumer Cyclical,closed,2026-08-07,18.420000076293945,0.988713078798764,1.04,0.0390638027832077,0.0117778894736894,2026-09-02,17.059999465942383,0.1983395739028357,-0.0759153025835501,0.002606337303682,-0.0738328232746234,0.0304017081228511,2026-08-25,2026-09-02,17.059999465942383,momentum_perdu,-0.0738328232746234,26.0
PRG,"PROG Holdings, Inc.",Industrials,closed,2026-08-07,43.52000045776367,0.7498248158132428,0.9160649819494584,0.2664567461805167,0.1784040083716394,2026-09-11,36.91999816894531,0.2123787534122081,0.1986133784980013,0.1194109799406772,-0.1516544627618671,0.0,2026-08-18,2026-09-11,36.91999816894531,stop_loss,-0.1516544627618671,35.0
REX,REX American Resources Corporat,Basic Materials,open,2026-08-07,43.60499954223633,0.5755225045780543,1.1590909090909092,0.3757392081012782,0.2088100237618151,2026-10-06,44.77000045776367,1.0046852652559686,0.35654081857237174,0.2594607654328495,0.02671714087277799,0.0349730889092607,2026-08-18,,,,,
OFG,OFG Bancorp,Financial Services,open,2026-08-07,52.43000030517578,0.4177740980059197,1.081896551724138,0.2084856920592062,0.17832108935714,2026-10-06,50.939998626708984,0.38836041728745374,0.3254279845590875,0.1786569542674822,-0.028418876021248263,0.020789627050227,2026-08-18,,,,,
PSX,Phillips 66,Energy,closed,2026-08-07,205.6199951171875,0.3450982961670208,1.076470588235294,0.6229796052692385,0.4040050886606561,2026-08-22,242.8699951171875,-0.867453759098459,0.6229797021377541,0.3904633802257711,0.1811594245918077,0.1966248851991672,2026-08-20,2026-08-22,242.8699951171875,valorisation_atteinte,0.1811594245918077,15.0
TMP,Tompkins Financial Corporation,Financial Services,open,2026-08-07,98.5,0.9774116989539808,1.187641723356009,0.4604081281913785,0.1826231084051639,2026-10-06,98.55750274658203,0.9001578011327638,0.5670766434940633,0.1786569542674822,0.0005837842292593098,0.0207614027304092,2026-08-18,,,,,
UMC,United Microelectronics Corpora,Technology,open,2026-08-07,18.55500030517578,0.8953178663419659,1.1960093896713615,1.942979121551556,0.0029919892189578,2026-10-06,23.19499969482422,0.4478408570556003,2.232277581166372,0.1743306688713222,0.25006733027938255,0.4190244942416679,2026-10-02,,,,,
LOGN.SW,LOGITECH N,Technology,closed,2026-08-07,84.66000366210938,0.8911618358050184,1.2593896713615025,0.0078686411981867,0.0029919892189578,2026-08-14,83.77999877929688,0.8576295637070839,0.0078686411981867,,-0.010394576479405,0.0,2026-08-14,2026-08-14,83.77999877929688,momentum_perdu,-0.010394576479405,7.0
LOGI,Logitech International S.A. - R,Technology,closed,2026-08-07,104.62999725341795,0.8910746674008763,1.2593896713615025,0.004005179885153,0.0029919892189578,2026-08-14,103.30999755859376,0.9419721673598472,0.004005179885153,,-0.0126158819599996,0.0,2026-08-14,2026-08-14,103.30999755859376,momentum_perdu,-0.0126158819599996,7.0
TOL,"Toll Brothers, Inc.",Consumer Cyclical,closed,2026-08-07,154.61500549316406,0.8285430680512655,1.1211453744493394,0.0573648288854593,0.0149677441735367,2026-10-01,133.875,0.3303340898091047,0.0039817175012191,0.0070048447012773,-0.1341396679255755,0.0,2026-08-18,2026-10-01,133.875,momentum_perdu,-0.1341396679255755,55.0
RAMP,"LiveRamp Holdings, Inc.",Technology,open,2026-08-07,37.78499984741211,0.787037303273636,0.9800469483568076,0.3563753162034935,0.0029919892189578,2026-10-06,37.67499923706055,0.6519764063673124,0.3723482168383303,0.1743306688713222,-0.0029112243164159946,0.0058224486328319,2026-09-17,,,,,
VMI,"Valmont Industries, Inc.",Industrials,closed,2026-08-07,495.8200988769531,0.7311379545817653,1.2342767295597483,0.3209882556474692,0.1763356085149801,2026-08-18,506.7900085449219,-0.0505908090850496,0.3209883662006791,0.1211541989688258,0.0221247781056392,0.0221247781056392,2026-08-18,2026-08-18,506.7900085449219,valorisation_atteinte,0.0221247781056392,11.0
URBN,"Urban Outfitters, Inc.",Consumer Cyclical,open,2026-08-07,76.52999877929688,0.4313980015115908,1.1002202643171806,0.1058437429981427,0.0149677441735367,2026-10-06,80.5250015258789,0.3070740407064523,0.18216988905554454,0.0023004373945769,0.052201787668952226,0.0838886485214744,2026-08-27,,,,,
FSLR,"First Solar, Inc.",Technology,closed,2026-08-07,244.13999938964844,0.4286991634230372,1.2359154929577465,0.0811516785684021,0.0029919892189578,2026-08-17,225.5599975585937,0.4239537904455284,0.0811516785684021,,-0.0761038825161989,0.0,2026-08-17,2026-08-17,225.5599975585937,momentum_perdu,-0.0761038825161989,10.0
THG,Hanover Insurance Group Inc,Financial Services,open,2026-08-07,229.85499572753903,0.4107764096081949,1.15702947845805,0.3686384437048191,0.1826231084051639,2026-10-06,220.6999969482422,0.2951045329143338,0.27800444114067835,0.1786569542674822,-0.039829453131176695,0.0147484259757697,2026-09-16,,,,,
UFCS,"United Fire Group, Inc",Financial Services,open,2026-08-07,54.709999084472656,0.3960173348013334,1.0566893424036283,0.6859505291309069,0.1826231084051639,2026-10-06,55.06999969482422,0.22305307822209253,0.7617316917267003,0.1786569542674822,0.006580161147429653,0.0342716145380479,2026-09-03,,,,,
PATH,"UiPath, Inc.",Technology,closed,2026-08-07,14.867600440979004,0.3313236638844019,1.1443661971830985,0.1474820467806417,0.0029919892189578,2026-09-11,13.869999885559082,0.5034239423896221,0.3953662120035093,0.1816076893352006,-0.0670989618923489,0.2567595921155929,2026-09-03,2026-09-11,13.869999885559082,trailing_stop,-0.0670989618923489,35.0
2899.HK,ZIJIN MINING,Basic Materials,closed,2026-08-14,34.79999923706055,0.8808977982918784,1.19327731092437,0.3483115520240842,0.1923937749172761,2026-09-02,35.79999923706055,0.5018362365972031,0.1558137030265827,0.201509339152061,0.028735632813895,0.1166667086868002,2026-08-26,2026-09-02,35.79999923706055,momentum_perdu,0.028735632813895,19.0
AMN,AMN Healthcare Services Inc,Healthcare,open,2026-08-14,34.4900016784668,0.6466843574119063,0.837962962962963,0.6183830585591807,0.0785235986222415,2026-10-06,37.310001373291016,0.17412176039827143,0.8217368186374983,0.0719261765891339,0.08176281697848786,0.0956798804425933,2026-10-06,,,,,
DAKT,"Daktronics, Inc.",Technology,closed,2026-08-14,20.450000762939453,0.2788343556123238,0.9703196347031964,0.1394812693421363,0.004005179885153,2026-09-02,19.36000061035156,0.199317722117063,-0.066443565228451,0.1250654211554328,-0.0533007389693229,0.0,2026-08-18,2026-09-02,19.36000061035156,momentum_perdu,-0.0533007389693229,19.0
GL,Globe Life Inc.,Financial Services,open,2026-08-14,180.6750030517578,0.2914744891908492,1.1468609865470851,0.31280694885719,0.182653082384354,2026-10-06,167.1898956298828,0.7439661304778167,0.26735172470908997,0.1786569542674822,-0.07463737204427734,0.0,2026-08-18,,,,,
MU,"Micron Technology, Inc.",Technology,open,2026-08-14,963.969970703125,0.8742340898009693,1.3990825688073394,5.926737469822874,0.0059369105416698,2026-10-06,1066.760009765625,1.5823523322289028,3.764498527711379,0.1743306688713222,0.10663199289032255,0.1384068466863082,2026-10-01,,,,,
TGTX,"TG Therapeutics, Inc.",Healthcare,closed,2026-08-14,48.7599983215332,0.7669939340801946,1.256024096385542,0.7739515484022721,0.0868818755686953,2026-09-14,53.43999862670898,0.3356424687276218,0.5031141657317799,0.1051716622566714,0.0959803212935923,0.1940115509600466,2026-09-03,2026-09-14,53.43999862670898,trailing_stop,0.0959803212935923,31.0
TILE,"Interface, Inc.",Consumer Cyclical,open,2026-08-14,37.76499938964844,0.4978060615345461,1.1932773109243695,0.2859359230831295,0.0160694687565193,2026-10-06,34.97999954223633,0.30344179083930944,0.3867101625961251,0.0023004373945769,-0.07374552872826179,0.0463392037146352,2026-08-24,,,,,
WDC,Western Digital Corporation,Technology,closed,2026-08-14,498.7449951171875,0.930798779853094,1.4191513761467889,5.800056828006914,0.0086287378714824,2026-09-14,422.5299987792969,0.5707402145559863,2.758501339608502,0.18034629265009,-0.1528135561941485,0.0747175711300753,2026-08-18,2026-09-14,422.5299987792969,stop_loss,-0.1528135561941485,31.0
DPM.TO,DPM METALS INC,Basic Materials,closed,2026-08-15,62.31999969482422,0.9677261486836224,1.400709219858156,0.9464605140716382,0.2249417625101952,2026-09-11,59.869998931884766,0.4568504145501257,1.041033044188,0.2669720960973309,-0.0393132345143918,0.1505134354838098,2026-08-24,2026-09-11,59.869998931884766,trailing_stop,-0.0393132345143918,27.0
GPRE,"Green Plains, Inc.",Basic Materials,open,2026-08-15,15.550000190734863,0.8681895617945443,0.8563829787234043,0.5166517463700073,0.2249417625101952,2026-10-06,15.359999656677246,0.9042573029870604,0.4649806236195262,0.2594607654328495,-0.012218683712352907,0.0501607539166422,2026-08-21,,,,,
LUN.TO,LUNDIN MINING CORP.,Basic Materials,open,2026-08-15,35.31999969482422,0.6279411083377422,1.2925531914893618,1.1939679383288624,0.2249417625101952,2026-10-06,34.959999084472656,0.49888163625088544,0.5091325845312207,0.2594607654328495,-0.010192542850002262,0.1126840197232379,2026-08-28,,,,,
VOLV-B.ST,AB Volvo (publ),Industrials,open,2026-08-15,340.20001220703125,0.3961810343357343,0.9951790633608816,0.3032595731161775,0.1784040083716394,2026-10-06,315.0,0.21797827698959282,0.28138178392804214,0.1104166745753626,-0.0740741072980785,0.0385066875834367,2026-08-26,,,,,
RSG.AX,Resolute Mining Limited,Basic Materials,closed,2026-08-15,1.125,0.6624231332299744,1.1889534883720931,0.4418605188432003,0.2628679160481649,2026-09-11,1.3700000047683716,0.6452655305046648,0.3300971289541317,0.2669720960973309,0.2177777820163302,0.3217777676052518,2026-09-04,2026-09-11,1.3700000047683716,trailing_stop,0.2177777820163302,27.0
PRU.AX,Perseus Mining Limited,Basic Materials,closed,2026-08-15,5.5,0.6034517302695557,1.212209302325581,0.3095343899669185,0.2628679160481649,2026-08-26,6.715000152587891,-0.0372836125011729,0.3095343899669185,0.1969317363942986,0.2209091186523437,0.2209091186523437,2026-08-26,2026-08-26,6.715000152587891,valorisation_atteinte,0.2209091186523437,11.0
ALV,"Autoliv, Inc.",Consumer Cyclical,closed,2026-08-15,121.41000366210938,0.4658985435361416,1.079887218045113,0.0149112218020983,0.0122931325796879,2026-08-17,122.11000061035156,0.4289342110722467,0.0149112218020983,,0.0057655623682404,0.0057655623682404,2026-08-17,2026-08-17,122.11000061035156,momentum_perdu,0.0057655623682404,2.0
QBE.AX,QBE Insurance Group Limited,Financial Services,closed,2026-08-15,23.09000015258789,0.323379625428849,1.0983033932135728,0.1851394076314811,0.1783209799692833,2026-08-17,22.670000076293945,0.3943795542855406,0.1851394076314811,,-0.0181896956915729,0.0,2026-08-17,2026-08-17,22.670000076293945,momentum_perdu,-0.0181896956915729,2.0
AU,AngloGold Ashanti PLC,Basic Materials,closed,2026-08-17,95.06999969482422,0.9802504957792813,1.3480392156862746,0.4557025148058966,0.2560912322454897,2026-09-11,103.87999725341795,0.3511922906109017,0.6711184399239336,0.2669720960973309,0.0926685346257909,0.2978857661273981,2026-08-26,2026-09-11,103.87999725341795,trailing_stop,0.0926685346257909,25.0
5706.T,"Mitsui Kinzoku Company, Limited",Industrials,closed,2026-08-17,31590.0,0.7681869024591168,1.328159645232816,1.9801865663291047,0.1995152756575826,2026-09-11,23285.0,0.2772822514363271,1.5625125197299004,0.1194109799406772,-0.2628996517885407,0.0,2026-08-18,2026-09-11,23285.0,stop_loss,-0.2628996517885407,25.0
2503.T,"Kirin Holdings Company, Limited",Consumer Defensive,open,2026-08-17,3000.0,0.7444735536800002,1.0787037037037035,0.4234964770619183,0.0448281797472682,2026-10-06,2812.0,0.5406422579258698,0.3573408437307255,0.02762505337354,-0.06266666666666665,0.036,2026-08-26,,,,,
1942.T,"Kandenko Co.,Ltd.",Industrials,open,2026-08-17,5740.0,0.6716359044076075,1.166851441241685,0.3816958415452844,0.1995152756575826,2026-10-06,5517.0,0.1778997744747488,0.21905421331043162,0.1104166745753626,-0.03885017421602788,0.0074912891986063,2026-09-09,,,,,
7013.T,IHI Corporation,Industrials,closed,2026-08-17,3011.0,0.6439573539939878,1.2350332594235032,0.2882321279182254,0.1995152756575826,2026-09-02,2600.0,0.968717123893676,-0.0254765068759281,0.121234421411134,-0.1364995018266356,0.0,2026-08-18,2026-09-02,2600.0,momentum_perdu,-0.1364995018266356,16.0
BPOP,"Popular, Inc.",Financial Services,open,2026-08-17,177.02999877929688,0.2678619212341933,1.080048076923077,0.4272687949107099,0.1797596703886581,2026-10-06,158.55999755859375,0.29892802726072776,0.4264849394695025,0.1786569542674822,-0.10433260660940102,0.0,2026-08-18,,,,,
4503.T,Astellas Pharma Inc.,Healthcare,open,2026-08-17,2283.0,0.9955764346004627,1.1762672811059909,0.4134120217072097,0.071526421672442,2026-10-06,2243.5,0.7542856952571226,0.48523568593584976,0.0719261765891339,-0.017301795882610604,0.0753394656154182,2026-08-26,,,,,
1893.T,"Penta-Ocean Construction Co., Ltd.",Industrials,closed,2026-08-17,1464.5,0.9437124745430135,0.9489700374531832,0.458842768537411,0.1797900448942118,2026-10-02,1474.5,0.5026576568493346,0.0792273934633451,0.120087455077752,0.0068282690337999,0.0966200068282689,2026-09-17,2026-10-02,1474.5,momentum_perdu,0.0068282690337999,46.0
2303.TW,United Microelectronics Corporation,Technology,closed,2026-08-17,121.5,0.8280104946840958,1.198961937716263,2.0387858431394714,0.0604148798914887,2026-10-06,148.5,0.4477735559976932,2.3867275311140776,0.1713331726641536,0.2222222222222223,0.3744855967078189,2026-09-22,2026-10-06,148.5,trailing_stop,0.2222222222222223,50.0
2006.TW,Tung Ho Steel Enterprise Corporation,Basic Materials,open,2026-08-17,80.0,0.7029635573619686,1.0799595141700404,0.2462550898512692,0.2125169305574155,2026-10-06,86.5999984741211,0.6212980399730086,0.4425805886221119,0.2594607654328495,0.08249998092651367,0.1062499999999999,2026-09-18,,,,,
SBIN.NS,State Bank of India,Financial Services,closed,2026-08-17,1063.800048828125,0.2836816289673622,1.019652650822669,0.303325807410711,0.1900499889098987,2026-10-02,954.0999755859376,0.2782988814572946,0.0424707178187784,0.1904518602787389,-0.1031209515012077,0.0,2026-08-18,2026-10-02,954.0999755859376,momentum_perdu,-0.1031209515012077,46.0
PRI,"Primerica, Inc.",Financial Services,closed,2026-08-17,313.6449890136719,0.2578461050601679,1.106946983546618,0.203324840179504,0.1900499889098987,2026-09-02,292.6499938964844,0.5636008946968805,0.0539059094982088,0.1927808528325127,-0.0669387232463398,0.0,2026-08-18,2026-09-02,292.6499938964844,momentum_perdu,-0.0669387232463398,16.0
AFL,AFLAC Incorporated,Financial Services,closed,2026-08-17,121.0999984741211,0.2564512617989014,1.142595978062157,0.2118003217724988,0.1900499889098987,2026-09-02,116.88999938964844,0.4927644515606209,0.0588362326697893,0.1927808528325127,-0.0347646501859562,0.0127167707261073,2026-08-18,2026-09-02,116.88999938964844,momentum_perdu,-0.0347646501859562,16.0
8020.T,Kanematsu Corporation,Industrials,open,2026-08-17,2177.5,0.9429717188095796,0.960016835016835,0.390079418730193,0.1497010641606065,2026-10-06,2271.0,0.18851460674995524,0.47982564528138094,0.1104166745753626,0.042939150401837045,0.0842709529276692,2026-09-28,,,,,
2606.TW,U-Ming Marine Transport Corporation,Industrials,closed,2026-08-17,68.30000305175781,0.8838384576211817,1.0934343434343434,0.1602440114761554,0.1497010641606065,2026-09-15,74.80000305175781,0.2770730432507635,0.3906952772992631,0.1193737788155853,0.0951683705647026,0.1669105913193802,2026-09-10,2026-09-15,74.80000305175781,trailing_stop,0.0951683705647026,29.0
3034.TW,Novatek Microelectronics Corp.,Technology,open,2026-08-17,509.0,0.6350400425592564,1.286483253588517,0.24597701755751,0.0876338273243617,2026-10-06,537.0,0.8168787445791346,0.45088176896799936,0.1743306688713222,0.05500982318271119,0.1100196463654223,2026-09-22,,,,,
2423.TW,"Good Will Instrument Co., Ltd.",Technology,open,2026-08-17,74.5999984741211,0.5632656328072851,1.2410287081339717,0.3088526528346056,0.0876338273243617,2026-10-06,70.5,1.1878982469947243,0.3057158750265281,0.1743306688713222,-0.054959766192802184,0.022788265581888,2026-08-21,,,,,
2357.TW,ASUSTeK Computer Inc.,Technology,open,2026-08-17,938.0,0.5409637803755571,0.9814593301435408,0.363452694416251,0.0876338273243617,2026-10-06,1000.0,0.2717304462022372,0.466772506399711,0.1743306688713222,0.06609808102345416,0.0927505330490405,2026-09-07,,,,,
2727.TW,Wowprime Corp.,Consumer Cyclical,open,2026-08-17,232.5,0.4216020038165562,1.1024096385542168,0.1475455764343318,0.0256561873143303,2026-10-06,234.0,0.7516797539874882,0.1763222876719277,0.0023004373945769,0.006451612903225712,0.021505376344086,2026-08-25,,,,,
2347.TW,Synnex Technology International Corporation,Technology,closed,2026-08-17,88.80000305175781,0.3950344981668932,0.8116028708133972,0.4949592452464555,0.0876338273243617,2026-09-23,94.4000015258789,-0.0022256657242876,0.4451664054177722,0.1768172085560135,0.063063043712477,0.063063043712477,2026-09-23,2026-09-23,94.4000015258789,valorisation_atteinte,0.063063043712477,37.0
2850.TW,"Shinkong Insurance Co., Ltd.",Financial Services,open,2026-08-17,163.0,0.3664838450526537,1.2617391304347825,0.5677512612718429,0.2000253700952936,2026-10-06,159.5,0.14689495288973697,0.5237373613463885,0.1786569542674822,-0.021472392638036797,0.0337423312883435,2026-08-23,,,,,
3044.TW,Tripod Technology Corporation,Technology,open,2026-08-17,483.0,0.2776011651014891,1.1339712918660287,0.1794810315144657,0.0876338273243617,2026-10-06,579.0,0.18171269450727623,0.5798437678215931,0.1743306688713222,0.1987577639751552,0.2111801242236024,2026-10-06,,,,,
2330.TW,Taiwan Semiconductor Manufacturing Company Limited,Technology,open,2026-08-17,2400.0,0.2621239270561082,1.3346291866028708,1.1183829457888428,0.0876338273243617,2026-10-06,2585.0,0.16906680388494566,0.673608539652949,0.1743306688713222,0.07708333333333339,0.07708333333333339,2026-10-06,,,,,
1878.T,"Daito Trust Construction Co.,Ltd.",Real Estate,closed,2026-08-17,3231.0,0.9658928785780608,1.1542857142857144,0.1209037785781472,0.0599697870637996,2026-09-02,3319.0,0.5837022674443078,0.0495361118530111,0.0689150430922371,0.0272361497988238,0.0433302383163107,2026-08-26,2026-09-02,3319.0,momentum_perdu,0.0272361497988238,16.0
8110.TW,"Walton Advanced Engineering, Inc.",Technology,open,2026-08-17,46.04999923706055,0.9462085690820106,1.2331406551059731,1.7590610778816842,0.1047488107156509,2026-10-06,48.79999923706055,5.443019861303819,1.1027384786997523,0.1743306688713222,0.059717699143561065,0.1313789215482022,2026-09-21,,,,,
2432.T,"DeNA Co., Ltd.",Industrials,closed,2026-08-17,2510.0,0.9368819383777378,1.2698473282442748,0.1339592965939207,0.1211541989688258,2026-10-02,2522.5,0.2478829352907268,-0.0472999715966652,0.120087455077752,0.0049800796812748,0.0460159362549801,2026-09-04,2026-10-02,2522.5,momentum_perdu,0.0049800796812748,46.0
9942.TW,NAK Sealing Technologies Corporation,Consumer Cyclical,open,2026-08-17,114.5,0.5935059671656124,1.219162995594714,0.1102171891543526,0.0096818781625459,2026-10-06,113.5,0.5773825874449345,0.14171757938050877,0.0023004373945769,-0.008733624454148492,0.0131004366812226,2026-09-01,,,,,
ALV,"Autoliv, Inc.",Consumer Cyclical,closed,2026-08-17,121.41000366210938,0.4036775192187289,1.0919603524229071,0.0149112218020983,0.0096818781625459,2026-09-03,121.16999816894533,0.2940644073215515,0.0036748849442611,0.0049086485502458,-0.0019768181033253,0.0346758830202271,2026-08-21,2026-09-03,121.16999816894533,momentum_perdu,-0.0019768181033253,17.0
2548.TW,"Huaku Development Co., Ltd.",Real Estate,closed,2026-08-18,93.1999969482422,0.6608111663051868,1.13,0.094155056108129,0.0599697870637996,2026-10-02,91.5,0.2363449421857921,-0.0105769958190428,0.0372567077720261,-0.0182403112007212,0.0461373733107068,2026-09-18,2026-10-02,91.5,momentum_perdu,-0.0182403112007212,45.0
1802.T,Obayashi Corporation,Industrials,open,2026-08-18,3034.0,0.6142020202348195,1.0965648854961831,0.3588511609179976,0.1211541989688258,2026-10-06,2935.0,0.6541348706180237,0.1838630309731919,0.1104166745753626,-0.03263019116677657,0.032300593276203,2026-09-17,,,,,
AIR.PA,AIRBUS SE,Industrials,closed,2026-08-18,215.4499969482422,0.5423666803975973,1.1366412213740458,0.1500962421890554,0.1211541989688258,2026-09-02,194.97999572753903,0.5488840350121287,0.0176524382035156,0.121234421411134,-0.0950104502699095,0.0,2026-08-18,2026-09-02,194.97999572753903,momentum_perdu,-0.0950104502699095,15.0
GRBK,"Green Brick Partners, Inc.",Consumer Cyclical,closed,2026-08-18,70.58499908447266,0.5398955650146147,1.2191629955947136,0.0127435146865853,0.0096818781625459,2026-09-02,71.45999908447266,0.4401628992863409,-0.0222041616043338,7.06193079669e-05,0.0123964016625237,0.0476729887003677,2026-08-28,2026-09-02,71.45999908447266,momentum_perdu,0.0123964016625237,15.0
ASM.AS,ASM International N.V.,Technology,closed,2026-08-18,907.0,0.4720468427247537,1.3416988416988418,0.958410890950627,0.1037212481822953,2026-09-14,758.2000122070312,0.5452010151795195,0.5879911089679231,0.18034629265009,-0.1640573184045961,0.0,2026-08-18,2026-09-14,758.2000122070312,stop_loss,-0.1640573184045961,27.0
2379.TW,Realtek Semiconductor Corp.,Technology,open,2026-08-18,717.0,0.4661283285441004,1.2210424710424712,0.3424181281303959,0.1037212481822953,2026-10-06,755.0,0.16313037383978113,0.5281332241994272,0.1743306688713222,0.05299860529986056,0.096234309623431,2026-09-23,,,,,
DCI,"Donaldson Company, Inc.",Industrials,closed,2026-08-18,95.61499786376952,0.4446708606290925,1.2541984732824427,0.1943118261209571,0.1211541989688258,2026-10-01,87.27999877929688,0.513666558010073,0.04130053731742,0.1187963268147138,-0.0871725071452513,0.0013073262855489,2026-08-26,2026-10-01,87.27999877929688,momentum_perdu,-0.0871725071452513,44.0
CPA,"Copa Holdings, S.A.",Industrials,closed,2026-08-18,136.3699951171875,0.4011904948772231,1.1801526717557251,0.2489090087893293,0.1211541989688258,2026-09-02,125.48999786376952,0.5713065097663657,0.1043581760252176,0.1193023652192934,-0.0797829261786539,0.0,2026-08-18,2026-09-02,125.48999786376952,momentum_perdu,-0.0797829261786539,15.0
7269.T,Suzuki Motor Corporation,Consumer Cyclical,closed,2026-08-18,2092.5,0.3967350680308841,1.1288546255506609,0.0823486997795401,0.0096818781625459,2026-10-02,1983.5,0.2471648534510759,-0.116463814148041,0.0049086485502458,-0.0520908004778972,0.0685782556750298,2026-08-31,2026-10-02,1983.5,momentum_perdu,-0.0520908004778972,45.0
YUMC,"Yum China Holdings, Inc.",Consumer Cyclical,closed,2026-08-18,47.5099983215332,0.3945011011817221,1.1134361233480177,0.0905195901301403,0.0096818781625459,2026-09-25,40.34000015258789,0.7956721029074991,0.0585679849156757,0.0049086485502458,-0.1509155635077262,0.0454641112128417,2026-08-21,2026-09-25,40.34000015258789,stop_loss,-0.1509155635077262,38.0
AMZN,"Amazon.com, Inc.",Consumer Cyclical,open,2026-08-18,265.1300048828125,0.3543661867962289,1.2780837004405283,0.1859388059924263,0.0096818781625459,2026-10-06,255.4774932861328,0.5527823697366294,0.020186686803453036,0.0023004373945769,-0.03640671149591723,0.0049032088749945,2026-08-31,,,,,
AMAT,"Applied Materials, Inc.",Technology,closed,2026-08-21,496.2099914550781,0.3638710311035587,1.3000963391136802,2.172012332959361,0.1047488107156509,2026-09-15,418.8800048828125,0.437654261978754,1.2512716730733993,0.1811757737811057,-0.1558412525017974,0.0,2026-08-21,2026-09-15,418.8800048828125,stop_loss,-0.1558412525017974,25.0
LIVN,LivaNova PLC,Healthcare,open,2026-08-22,78.20999908447266,0.2647321267189175,1.0858369098712446,0.4216782137336277,0.0581510151203463,2026-10-06,75.54000091552734,0.18366856834013068,0.45354357680881563,0.0719261765891339,-0.03413883391126904,0.060222466942948,2026-09-03,,,,,
4507.T,"Shionogi & Co., Ltd.",Healthcare,open,2026-08-24,2922.0,0.6553331860953489,1.1821120689655171,0.1676521237984809,0.0610633098893066,2026-10-06,2763.0,0.7566398782841297,0.1395969334624627,0.0719261765891339,-0.054414784394250515,0.0301163586584531,2026-09-03,,,,,
YETI,"YETI Holdings, Inc.",Consumer Cyclical,open,2026-08-24,44.0,0.258968912864181,1.2031590413943356,0.391922606345265,0.0047997122700615,2026-10-06,40.404998779296875,0.17950726433241115,0.20682549079573853,0.0023004373945769,-0.08170457319779834,0.0027272484519265,2026-08-24,,,,,
ITUB4.SA,Itaú Unibanco Holding S.A.,Financial Services,closed,2026-08-26,39.43999862670898,0.689360634455501,1.1869747899159662,0.2403299515018704,0.1982298860467404,2026-09-02,40.84000015258789,0.6350669686706307,0.1258683345416338,0.1927808528325127,0.0354969973282612,0.0354969973282612,2026-09-02,2026-09-02,40.84000015258789,momentum_perdu,0.0354969973282612,7.0
PINFRA.MX,"Promotora y Operadora de Infraestructura, S. A. B. de C. V.",Industrials,closed,2026-08-26,262.42999267578125,0.6582011936237555,1.3453079178885627,0.1727196576222214,0.11807037191963,2026-09-02,260.6700134277344,0.6436028508951508,0.044985992943646,0.1193023652192934,-0.0067064714292059,0.0069733534310791,2026-08-26,2026-09-02,260.6700134277344,momentum_perdu,-0.0067064714292059,7.0
PRY.MI,PRYSMIAN,Industrials,open,2026-08-26,122.5500030517578,0.2682149820695687,1.0764296187683289,0.620662334985111,0.11807037191963,2026-10-06,130.39999389648438,0.05552547679388731,0.390828585971267,0.1104166745753626,0.06405541125454906,0.0681353785132101,2026-10-02,,,,,
B3SA3.SA,"B3 S.A. - Brasil, Bolsa, Balcão",Financial Services,open,2026-08-28,15.75,0.7313295805094131,1.1895348837209303,0.2772300243720711,0.1867449689627094,2026-10-06,22.579999923706055,0.23049729600883495,0.5367313859481284,0.1786569542674822,0.4336507888067336,0.5415873451838418,2026-10-05,,,,,
1590.TW,Airtac International Group,Industrials,closed,2026-08-31,1385.0,0.3834787900940559,1.3482532751091705,0.7603846949160102,0.1187306500252649,2026-10-02,1170.0,0.6394335089592433,0.3454710965765997,0.120087455077752,-0.1552346570397111,0.0288808664259927,2026-09-01,2026-10-02,1170.0,stop_loss,-0.1552346570397111,32.0
SAF.PA,Safran SA,Industrials,closed,2026-09-02,329.5,0.2623547492395104,1.2623546511627908,0.135576498491323,0.1193023652192934,2026-10-02,329.29998779296875,0.1696889770016683,0.0982699091645682,0.1207981646203966,-0.0006070173202769,0.0297419963367793,2026-09-30,2026-10-02,329.29998779296875,momentum_perdu,-0.0006070173202769,30.0
7735.T,"SCREEN Holdings Co., Ltd.",Technology,open,2026-09-02,13345.0,0.7472318918058933,1.206834532374101,1.2548400575943304,0.1202504603191972,2026-10-06,16230.0,0.6774637461649351,1.0066791096649914,0.1743306688713222,0.2161858373922818,0.2161858373922818,2026-10-06,,,,,
LCII,LCI Industries,Consumer Cyclical,closed,2026-09-02,102.3000030517578,0.2801720655777426,0.98109243697479,0.0001412386159338,7.06193079669e-05,2026-09-17,86.43000030517578,0.4876568933038419,0.1250230723223908,0.0070048447012773,-0.1551319870298804,0.0076246212710497,2026-09-02,2026-09-17,86.43000030517578,stop_loss,-0.1551319870298804,15.0
FHI,"Federated Hermes, Inc.",Financial Services,open,2026-09-02,61.40999984741211,0.5469914958481046,1.2408026755852843,0.2584818629808345,0.1982033016349589,2026-10-06,55.672000885009766,0.6751028918257223,0.19385681157841939,0.1786569542674822,-0.09343753422341283,0.0225533028004325,2026-09-04,,,,,
FRSH,Freshworks Inc.,Technology,closed,2026-09-02,13.199999809265137,0.5276449240273184,1.2248653500897666,0.1826677599754977,0.1288394822629623,2026-10-01,13.050000190734863,0.5902031525365634,0.1540540521963977,0.1768172085560135,-0.0113636076286143,0.0193181907670887,2026-09-03,2026-10-01,13.050000190734863,momentum_perdu,-0.0113636076286143,29.0
SNA,Snap-on Incorporated,Industrials,closed,2026-09-02,380.75,0.4190225709129591,1.257278020378457,0.1449986631165989,0.1071248332926382,2026-10-01,364.760009765625,0.4202801565435328,0.112186978702623,0.1196522426379347,-0.0419960347586999,0.0107944460973408,2026-09-04,2026-10-01,364.760009765625,momentum_perdu,-0.0419960347586999,29.0
CPA,"Copa Holdings, S.A.",Industrials,closed,2026-09-02,128.36500549316406,0.596870531501801,1.1801310043668125,0.1191360087488682,0.1056621498978518,2026-09-03,128.8800048828125,0.590489500171,0.1043582496105373,0.1073171010499267,0.004011992113192,0.004011992113192,2026-09-03,2026-09-03,128.8800048828125,momentum_perdu,0.004011992113192,1.0
1878.T,"Daito Trust Construction Co.,Ltd.",Real Estate,closed,2026-09-03,3319.0,0.3474488931003316,1.14010989010989,0.0495361118530111,0.0491933607738215,2026-09-27,3300.0,0.3386896161899975,0.0261941448382125,0.0386856486345109,-0.0057246158481469,0.0219945766797227,2026-09-17,2026-09-27,3300.0,momentum_perdu,-0.0057246158481469,24.0
6920.T,Lasertec Corporation,Technology,closed,2026-09-03,32290.0,0.3157767817566959,1.2395462633451957,0.6706390021917359,0.1328187364283944,2026-09-11,34570.0,0.2411208301244414,0.6706390021917359,0.1816076893352006,0.0706100960049551,0.1638278104676369,2026-09-09,2026-09-11,34570.0,trailing_stop,0.0706100960049551,8.0
2404.TW,"United Integrated Services Co., Ltd.",Industrials,open,2026-09-03,1035.0,0.5914879436596419,1.4275836972343523,0.2210448961994704,0.1074074769527559,2026-10-06,1335.0,0.26285181330874363,0.5446007094299281,0.1104166745753626,0.28985507246376807,0.28985507246376807,2026-10-06,,,,,
9939.TW,"Taiwan Hon Chuan Enterprise Co., Ltd.",Consumer Cyclical,open,2026-09-03,131.5,0.5232793397608859,1.065899581589958,0.0840890081749621,0.0049086485502458,2026-10-06,126.5,0.5503139647341524,0.046958299861243,0.0023004373945769,-0.03802281368821292,0.0038022813688212,2026-09-03,,,,,
ABEV3.SA,Ambev S.A.,Consumer Defensive,open,2026-09-03,15.8100004196167,0.5552868874622661,1.3368055555555554,0.3156527993596751,0.0337873246098773,2026-10-06,16.329999923706055,0.3922495823002614,0.28486253052581456,0.02762505337354,0.03289054334522046,0.0594560123614524,2026-10-05,,,,,
SENEB,Seneca Foods Corporation,Consumer Defensive,closed,2026-09-03,208.52999877929688,0.7444600737375486,1.1523255813953488,0.8533014178846441,0.0287882848640419,2026-10-01,174.22059631347656,1.0579878432377563,0.6264809336551798,0.026812733382789,-0.1645298166530588,0.0,2026-09-03,2026-10-01,174.22059631347656,stop_loss,-0.1645298166530588,28.0
GOOG,Alphabet Inc.,Communication Services,open,2026-09-09,327.625,0.4750593752305256,1.3737623762376237,0.3798702918026142,0.0018975127083582,2026-10-06,344.0899963378906,0.24382013370265887,0.21222578163457584,-0.0129436590709673,0.050255616445297635,0.092468564449399,2026-09-22,,,,,
5706.T,"Mitsui Kinzoku Company, Limited",Industrials,closed,2026-09-11,23130.0,0.3238257300199949,1.3204379562043795,1.5625125197299004,0.1194109799406772,2026-09-28,23080.0,-0.8657044955215376,1.5625125111448486,0.1187963268147138,-0.0021616947686986,0.0157803718115001,2026-09-24,2026-09-28,23080.0,valorisation_atteinte,-0.0021616947686986,17.0
9766.T,Konami Group Corporation,Communication Services,closed,2026-09-11,20525.0,0.283201896935406,1.2425742574257426,0.0427199001296747,0.0018975127083582,2026-10-02,22260.0,0.15443116374575,-0.1582798481357636,0.0059510622336763,0.084531059683313,0.084531059683313,2026-10-02,2026-10-02,22260.0,momentum_perdu,0.084531059683313,21.0
PATH,"UiPath, Inc.",Technology,closed,2026-09-11,13.869999885559082,0.617743216306843,1.2313829787234043,0.3953662120035093,0.1816076893352006,2026-10-01,13.019000053405762,0.662972876823759,-0.2055485085609709,0.1768172085560135,-0.0613554318078509,0.0691492269290401,2026-09-14,2026-10-01,13.019000053405762,momentum_perdu,-0.0613554318078509,20.0
ASM.AS,ASM International NV,Technology,open,2026-09-14,757.0,0.5528286817129953,1.346187943262411,0.5879911089679231,0.18034629265009,2026-10-06,947.4000244140625,0.43997994079149905,0.5862230850807617,0.1743306688713222,0.2515191868085369,0.2671070174465406,2026-10-06,,,,,
TGTX,"TG Therapeutics, Inc.",Healthcare,open,2026-09-14,53.25,0.3371936990101252,1.2530120481927711,0.5031141657317799,0.1051716622566714,2026-10-06,52.099998474121094,0.2844459252763323,0.6037953058382639,0.0719261765891339,-0.02159627278645837,0.0926065937454152,2026-09-22,,,,,
2606.TW,U-Ming Marine Transport Corporation,Industrials,open,2026-09-15,74.30000305175781,0.2863665978525764,1.0891812865497077,0.3906952772992631,0.1193737788155853,2026-10-06,75.30000305175781,0.22732738487616677,0.37881507848051177,0.1104166745753626,0.013458949649078678,0.0740242230699326,2026-09-21,,,,,
AMAT,"Applied Materials, Inc.",Technology,open,2026-09-15,419.010009765625,0.436123420612712,1.2991150442477877,1.2512718417833768,0.1811757737811057,2026-10-06,531.364990234375,0.31362707442829874,1.205956645064434,0.1743306688713222,0.2681439055157566,0.3036202159922856,2026-10-02,,,,,
LCII,LCI Industries,Consumer Cyclical,closed,2026-09-17,86.5,0.4840657771861487,0.9795168067226888,0.1250230723223908,0.0070048447012773,2026-10-01,82.83000183105469,0.933842457505036,-0.1592537725486149,0.0070048447012773,-0.0424277244964775,0.0221965106236452,2026-09-22,2026-10-01,82.83000183105469,momentum_perdu,-0.0424277244964775,14.0
2413.TW,"Universal Microelectronics Co., Ltd.",Technology,open,2026-09-21,58.400001525878906,0.7088581190037035,1.0808170515097693,1.0045343819685346,0.1795168115190744,2026-10-06,56.0,0.8724682278162272,1.511764890102147,0.1743306688713222,-0.0410959154652657,0.005136973103119,2026-10-06,,,,,
WDC,Western Digital Corporation,Technology,closed,2026-09-23,472.6000061035156,0.415514661551505,1.407142857142857,2.758501578893756,0.1764316710903854,2026-10-02,400.7000122070313,0.7446530317290319,2.0311420988209545,0.1637772362988327,-0.1521370989587668,0.0023063824033295,2026-09-24,2026-10-02,400.7000122070313,stop_loss,-0.1521370989587668,9.0
0300.HK,"Midea Group Co., Ltd.",Consumer Cyclical,open,2026-09-24,96.5999984741211,0.2540284443253506,1.1666666666666667,0.3050100217323275,0.0049086485502458,2026-10-06,90.80000305175781,0.29791787078636944,0.14915268158324002,0.0023004373945769,-0.060041361428355366,0.0005176299435574,2026-09-25,,,,,
DINO,HF Sinclair Corporation,Energy,open,2026-09-25,103.60790252685548,0.6035582244046072,1.0583333333333331,1.004672472361337,0.4464022994694445,2026-10-06,114.94000244140625,0.4221012258837058,1.1476905220452598,0.4009694361063322,0.1093748607796925,0.1169032322675207,2026-10-05,,,,,
YUMC,"Yum China Holdings, Inc.",Consumer Cyclical,closed,2026-09-25,40.43999862670898,0.7818348696963928,1.1075949367088609,0.0585679849156757,0.0049086485502458,2026-10-01,41.119998931884766,0.848864737318453,-0.0349771817854831,0.0070048447012773,0.0168150427365909,0.0218843265648869,2026-09-30,2026-10-01,41.119998931884766,momentum_perdu,0.0168150427365909,6.0
1878.T,"Daito Trust Construction Co.,Ltd.",Real Estate,open,2026-09-27,3300.0,0.3370767371343468,1.1387362637362637,0.0495361118530111,0.0386856486345109,2026-10-06,3113.0,0.36174358495527414,0.15345202256823298,-0.0016216194667618,-0.05666666666666664,0.0,2026-09-27,,,,,
PRG,"PROG Holdings, Inc.",Industrials,closed,2026-09-28,31.959999084472656,0.6236639127935848,0.9546783625730992,0.198613306632331,0.1187963268147138,2026-10-01,30.479999542236328,0.7025032134422042,0.0872061385253872,0.1196522426379347,-0.0463078718595886,0.0,2026-09-28,2026-10-01,30.479999542236328,momentum_perdu,-0.0463078718595886,3.0
ADEA,Adeia Inc.,Technology,open,2026-10-01,25.299999237060547,0.3375371683397343,1.154424778761062,0.4826631402970087,0.1768172085560135,2026-10-06,25.155000686645508,0.3791355112151833,0.5176398367859414,0.1743306688713222,-0.005731168173421897,0.0438735432341668,2026-10-02,,,,,
PRG,"PROG Holdings, Inc.",Industrials,closed,2026-10-01,30.82999992370605,0.6836399588409932,0.9549418604651162,0.1441683791413177,0.1196522426379347,2026-10-01,31.059999465942383,0.6711725916007321,0.0872061385253872,0.1196522426379347,0.0074602511451671,0.0074602511451671,2026-10-01,2026-10-01,31.059999465942383,momentum_perdu,0.0074602511451671,0.0
SNA,Snap-on Incorporated,Industrials,closed,2026-10-01,365.5050048828125,0.4008830070292943,1.255450581395349,0.125532565200179,0.1196522426379347,2026-10-01,365.614990234375,0.4148993377233096,0.1121870825942497,0.1196522426379347,0.0003009133940525,0.0003009133940525,2026-10-01,2026-10-01,365.614990234375,momentum_perdu,0.0003009133940525,0.0
PRG,"PROG Holdings, Inc.",Industrials,closed,2026-10-01,31.065000534057617,0.6709035541689203,0.9549418604651162,0.1441683791413177,0.1192019565331717,2026-10-01,31.14999961853028,0.6663441553218663,0.0872060656108106,0.1192019565331717,0.0027361687755154,0.0027361687755154,2026-10-01,2026-10-01,31.14999961853028,momentum_perdu,0.0027361687755154,0.0
SNA,Snap-on Incorporated,Industrials,closed,2026-10-01,368.1050109863281,0.3909882643339204,1.255450581395349,0.1255326703384438,0.1192019565331717,2026-10-01,367.7200012207031,0.4067997547782189,0.112186978702623,0.1192019565331717,-0.0010459237286484,0.0,2026-10-01,2026-10-01,367.7200012207031,momentum_perdu,-0.0010459237286484,0.0
PRG,"PROG Holdings, Inc.",Industrials,closed,2026-10-01,31.14999961853028,0.6663441553218663,0.9549418604651162,0.1441683791413177,0.1192019565331717,2026-10-02,31.14999961853028,0.6663441553218663,0.0872061385253872,0.1193175581451768,-2.220446049250313e-16,0.0,2026-10-01,2026-10-02,31.14999961853028,momentum_perdu,-2.220446049250313e-16,1.0
SNA,Snap-on Incorporated,Industrials,closed,2026-10-01,367.7200012207031,0.3924446552396652,1.255450581395349,0.125532565200179,0.1192019565331717,2026-10-02,367.7200012207031,0.4067997547782189,0.112186978702623,0.1193175581451768,0.0,0.0,2026-10-01,2026-10-02,367.7200012207031,momentum_perdu,0.0,1.0
5706.T,"Mitsui Kinzoku Company, Limited",Industrials,open,2026-10-01,2272.0,0.3413309653395879,1.3186773255813953,1.6746548988240568,0.1192019565331717,2026-10-06,2750.5,0.10412240212955326,0.5551012702196854,0.1104166745753626,0.21060739436619724,0.2136883802816902,2026-10-06,,,,,
BRC,Brady Corporation,Industrials,closed,2026-10-01,84.13999938964844,0.3143819204947167,1.2191133720930232,0.1265793961680652,0.1192019565331717,2026-10-02,84.13999938964844,0.3454547791352536,0.1094376299773605,0.1193175581451768,0.0,0.0,2026-10-01,2026-10-02,84.13999938964844,momentum_perdu,0.0,1.0
YUMC,"Yum China Holdings, Inc.",Consumer Cyclical,closed,2026-10-02,41.09999847412109,0.8490094429164114,1.1071428571428572,0.0585679849156757,0.0049086485502458,2026-10-02,40.959999084472656,0.8553292719996259,-0.0323875400828667,0.0127819286286476,-0.0034063113101228,2.220446049250313e-16,2026-10-02,2026-10-02,40.959999084472656,momentum_perdu,-0.0034063113101228,0.0
PATH,"UiPath, Inc.",Technology,closed,2026-10-02,12.84000015258789,0.6807481321959967,1.227433628318584,0.3953662120035093,0.1752065965886835,2026-10-02,13.31999969482422,0.6201806883106846,-0.1904161140897566,0.1633986284418214,0.0373831414744636,0.0373831414744636,2026-10-02,2026-10-02,13.31999969482422,momentum_perdu,0.0373831414744636,0.0
LCII,LCI Industries,Consumer Cyclical,closed,2026-10-02,83.66999816894531,0.9528974353925764,0.9795168067226888,0.1250230723223908,0.0049086485502458,2026-10-02,82.11000061035156,0.9507998186023592,-0.1580463513901632,0.0127819286286476,-0.0186446467399679,0.0,2026-10-02,2026-10-02,82.11000061035156,momentum_perdu,-0.0186446467399679,0.0
DCI,"Donaldson Company, Inc.",Industrials,closed,2026-10-02,87.04000091552734,0.4430250580176453,1.191497093023256,0.1249302533146732,0.1192019134963858,2026-10-02,87.76000213623047,0.4311861817871607,0.0465912392427119,0.1193175581451768,0.0082720727611422,0.0082720727611422,2026-10-02,2026-10-02,87.76000213623047,momentum_perdu,0.0082720727611422,0.0
1590.TW,Airtac International Group,Industrials,open,2026-10-02,1165.0,0.6454078158034235,1.3473837209302326,0.3454710965765997,0.1207981646203966,2026-10-06,1195.0,0.622364597950837,0.3454710965765997,0.1104166745753626,0.025751072961373467,0.025751072961373467,2026-10-06,,,,,
ITUB4.SA,Itaú Unibanco Holding S.A.,Financial Services,open,2026-10-02,43.58000183105469,0.4531101516267093,1.1725700164744646,0.2496499721700951,0.188379337568358,2026-10-06,50.279998779296875,0.2448336618193605,0.24965024134693325,0.1786569542674822,0.15374017133399565,0.1587883863743711,2026-10-06,,,,,
2497.TW,"E-Lead Electronic Co., Ltd.",Consumer Cyclical,open,2026-10-05,44.04999923706055,0.3376392450059349,1.064736842105263,0.0464486176467411,0.015542905828388,2026-10-06,43.79999923706055,0.3214037600839581,0.04644861764674113,0.0023004373945769,-0.005675368997274943,0.0045403125176717,2026-10-06,,,,,
SNA,Snap-on Incorporated,Industrials,open,2026-10-05,364.6900024414063,0.430146062031689,1.2558055152394776,0.112186978702623,0.1113133905390162,2026-10-06,370.6199951171875,0.407263444296875,0.11218697870262306,0.1104166745753626,0.016260365340653893,0.018149963155311,2026-10-06,,,,,
GIC,Global Industrial Company,Industrials,open,2026-10-05,43.380001068115234,0.4830801378907652,1.186502177068215,0.528739050049873,0.1107632851365028,2026-10-06,44.07500076293945,0.45969408626531316,0.5287389437657586,0.1104166745753626,0.01602120050050093,0.01602120050050093,2026-10-06,,,,,
8035.T,Tokyo Electron Limited,Technology,open,2026-10-05,12765.0,4.374165563403771,1.1998663101604277,0.8060828796627209,0.1713331726641536,2026-10-06,12805.0,4.433790685931631,0.8060828796627209,0.1743306688713222,0.0031335683509596812,0.0054837446141793,2026-10-06,,,,,
BRC,Brady Corporation,Industrials,closed,2026-10-05,86.24500274658203,0.3039574901865931,1.2195210449927432,0.1094375175009716,0.1090061249592495,2026-10-06,85.41000366210938,0.3167054501890829,0.1094376299773605,0.1100700640142224,-0.0096817097557081,0.0009855537337324,2026-10-05,2026-10-06,85.41000366210938,momentum_perdu,-0.0096817097557081,1.0
2303.TW,United Microelectronics Corporation,Technology,open,2026-10-06,148.0,0.4912855288767042,1.230837789661319,2.3867275311140776,0.1713331726641536,2026-10-06,147.5,0.4566961101688871,2.3867275311140776,0.1743306688713222,-0.0033783783783783994,0.0,2026-10-06,,,,,
BRC,Brady Corporation,Industrials,closed,2026-10-06,85.41000366210938,0.3188496185485123,1.2191133720930232,0.1094376299773605,0.107266155122697,2026-10-06,85.41000366210938,0.3188496185485123,0.1094376299773605,0.1095380944867359,0.0,0.0,2026-10-06,2026-10-06,85.41000366210938,momentum_perdu,0.0,0.0
BRC,Brady Corporation,Industrials,closed,2026-10-06,85.41000366210938,0.3188496185485123,1.2191133720930232,0.1094376299773605,0.1082068009560027,2026-10-06,85.12999725341797,0.3301582905036573,0.1094376299773605,0.1104166745753626,-0.0032783795420398,0.0094836380267373,2026-10-06,2026-10-06,85.12999725341797,momentum_perdu,-0.0032783795420398,0.0
