ticker,name,sector,status,entry_date,entry_price,entry_valuation_gap,entry_quality_multiplier,entry_mom_12_2,entry_sector_momentum,last_check_date,last_price,last_valuation_gap,last_mom_12_2,last_sector_momentum,unrealized_return_pct,peak_unrealized_return_pct,peak_date,exit_date,exit_price,exit_reason,return_pct,holding_days,news_source,news_sentiment,news_reason,customer_concentration,customer_concentration_reason
2006.TW,Tung Ho Steel Enterprise Corporation,Basic Materials,open,2026-09-02,80.69999694824219,0.7385224075216617,1.0971731448763251,0.2462550898512692,0.201509339152061,2026-10-06,86.5999984741211,0.6471401436433175,0.4425805886221119,0.261436947887212,0.073110306678982,0.0929368064884836,2026-09-18,,,,,,ollama,positive,"L'action de Tung Ho Steel Enterprise Corporation est affectée par des actualites positives, telles que la securedure de 25 millions de dollars de finance et la reconnaissance de Taiwan comme leader dans l'urban mining.",concentrated,"le texte ne mentionne qu'un seul grand groupe comme client principal et ne précise pas si le secteur public est un seul client ou plusieurs, mais il ne mentionne pas non plus de diversification de clients"
4503.T,Astellas Pharma Inc.,Healthcare,open,2026-09-02,2355.5,0.7306376595635848,1.180161943319838,0.4134120217072097,0.0639756046582669,2026-10-06,2243.5,0.7600941967085839,0.48523568593584976,0.0719261765891339,-0.04754829123328386,0.0288686053916364,2026-09-03,,,,,,ollama,positive,"L'actualité présente des développements positifs pour Astellas Pharma Inc., tels que l'expansion de son accord avec Trump sur les prix des médicaments et la croissance des actions de santé, ce qui suggère un ton positif pour l'action.",concentrated,"La description de l'activité d'Astellas Pharma Inc. ne mentionne aucun client principal ou contrat gouvernemental unique, ce qui suggère une concentration sur une base de clients large et diversifiée."
4507.T,"Shionogi & Co., Ltd.",Healthcare,open,2026-09-02,2882.0,0.7152599944041615,1.1811740890688258,0.1676521237984809,0.0639756046582669,2026-10-06,2763.0,0.7552460232218101,0.1395969334624627,0.0719261765891339,-0.04129077029840389,0.0444136016655101,2026-09-03,,,,,,ollama,positive,"Les actualites presentes montrent un ton general positif, avec des informations sur des resultats de quarts, des approvals de medicaments et des acquisitions, qui suggererent une perspective optimiste pour l'action de Shionogi & Co., Ltd.",diversified,"L'entreprise fournit des produits et des services à un large public (pharmaceuticals, diagnostic reagents, medical devices), ainsi que des services B2B à de nombreux clients, tels que les contrats gouvernementaux, les services d'analyse et les solutions éducatives, ce qui suggère une base de clients"
MU,"Micron Technology, Inc.",Technology,open,2026-09-02,935.3900146484376,0.7001970297048259,1.4199640287769784,5.926737025056628,0.1250654211554328,2026-10-06,1063.469970703125,1.7005518937056623,3.764498527711379,0.1713331726641536,0.13692679422371823,0.1731897897807759,2026-10-02,,,,,,ollama,positive,"Les actualites presentes sont presque toutes positives, avec des articles sur des ",diversified,"L'entreprise vend ses produits à de nombreux clients différents, notamment dans des marchés tels que le data center, les PC, les graphiques, la networking, l'automobile, l'industrie et le consommateur embedded, ce qui suggère une base de clients large et diversifiée."
2303.TW,United Microelectronics Corporation,Technology,closed,2026-09-02,126.0,0.6342630322480409,1.2342625899280577,2.0387858431394714,0.1250654211554328,2026-09-24,154.0,0.4026351679588229,1.880521224401695,0.1760461336247574,0.2222222222222223,0.3214285714285714,2026-09-22,2026-09-24,154.0,trailing_stop,0.2222222222222223,22.0,ollama,positive,"Les actualites presentes sont presque toutes positives, avec des mentions de performances solides, de croissance et de valeurs attractives, ce qui suggere un ton general positif pour l'action de UMC.",concentrated,"L'entreprise semble dépendre d'un petit nombre de clients, notamment pour la fabrication de circuits intégrés, ce qui suggère une concentration de la base de clients."
YUMC,"Yum China Holdings, Inc.",Consumer Cyclical,closed,2026-09-02,44.90499877929688,0.6294094998399291,1.1108193277310925,0.0905195900521054,0.002606337303682,2026-10-01,41.119998931884766,0.8542470866437795,-0.0349771817854831,0.0070048447012773,-0.0842890535642807,0.0109119628501739,2026-09-02,2026-10-01,41.119998931884766,momentum_perdu,-0.0842890535642807,29.0,ollama,positive,"Les actualites presentes sont presque toutes positives, avec des annonces de ventes de Pizza Hut et des prévisions de croissance pour Yum China Holdings, Inc. [verification 'sues' : resolu favorablement (3/3 votes) -- Aucune indication de risque actif ou non résolu, le titre ne décrit pas d'événement négatif ou d'incertitude lié à YUMC.]",concentrated,"La description mentionne une forte présence de marques sous franchise, notamment KFC et Pizza Hut, ce qui suggère une dépendance importante à un petit nombre de clients principaux."
9942.TW,NAK Sealing Technologies Corporation,Consumer Cyclical,open,2026-09-02,115.5,0.6289802894073993,1.273109243697479,0.1102171891543526,0.002606337303682,2026-10-06,113.5,0.6471795487394958,0.14171757938050877,0.0023004373945769,-0.017316017316017285,0.0,2026-09-02,,,,,,ollama,negative,"Aucune information positive n'est disponible dans les actualites fournies, les reports d'earnings sont souvent associés à une baisse des prix.",diversified,"l'entreprise sert des marchés diversifiés tels que le sector automobile, industriel, agricole, hydraulique, pneumatique, de construction et de minier, avec des clients B2B et un public général"
1802.T,Obayashi Corporation,Industrials,open,2026-09-02,2970.0,0.6080742113881794,1.0919331395348837,0.3588511609179976,0.121234421411134,2026-10-06,2935.0,0.6777606004384111,0.1838630309731919,0.1090061249592495,-0.011784511784511786,0.0548821548821549,2026-09-17,,,,,,ollama,positive,"L'actualité présente plusieurs éléments positifs, tels que la vente de Multiplex à Obayashi pour 650 millions de dollars, une forte performance de 78,64% des actions au cours d'un an, et des projets de développement de nouveaux marchés, ce qui suggère une croissance et une expansion de l'entreprise.",diversified,"L'entreprise engage en construction, développe et gère des propriétés, produit de l'énergie renouvelable, fournit des services techniques et participate à des PPP, ce qui suggère une base de clients large et diversifiée."
MD,"Pediatrix Medical Group, Inc.",Healthcare,open,2026-09-02,26.799999237060547,0.6048799676042786,1.0161943319838058,0.5403835932100602,0.0639756046582669,2026-10-06,26.19499969482422,0.5815518734328844,0.51620510214094,0.0719261765891339,-0.022574610427589126,0.0231343603314744,2026-09-10,,,,,,ollama,positive,"Bien que les actualites mentionnent des points de vue critiques sur Pediatrix Medical Group, le ton general est dominé par des commentaires positifs sur son croissance et ses performances financieres.",concentrated,"Le texte ne fournit aucune information sur la base de clients de Pediatrix Medical Group, Inc., mais indique qu'elle fournit des services à des clients spécifiques, tels que des hôpitaux et des femmes enceintes, ce qui suggère une concentration dans un marché très spécifique."
BVS,Bioventus Inc.,Healthcare,open,2026-09-02,13.789999961853027,0.5566785468368782,1.0465587044534417,0.779729717103472,0.0639756046582669,2026-10-06,13.46500015258789,0.47699027178827924,1.0809159874103345,0.0719261765891339,-0.023567788989425464,0.0485859375016208,2026-09-03,,,,,,ollama,positive,"Les actualites recentes sur Bioventus Inc. (BVS) suggèrent une tendance positive, avec des performances solides en termes de ventes et de bénéfices, ainsi qu'une révision de la stratégie et une évaluation comme une action sous-évaluée.",diversified,"Le texte mentionne une gamme de produits pour différents types de clients, notamment des patients, des médecins, des établissements de santé, des distributeurs et des détaillants, ce qui suggère une base de clients large et diversifiée."
3044.TW,Tripod Technology Corporation,Technology,open,2026-09-02,495.5,0.5068359280161745,1.223021582733813,0.1794810315144657,0.1250654211554328,2026-10-06,579.0,0.3095803583827239,0.5798437678215931,0.1713331726641536,0.16851664984863768,0.184661957618567,2026-10-06,,,,,,ollama,positive,"Aucune information négative ou neutre est présente dans les actualités fournies, les articles semblent présenter des informations positives sur Tripod Technology Corporation.",diversified,"Le texte mentionne plusieurs applications (memoires, TFT LCD, hard disk drives, serveurs, etc.) et plusieurs pays de production, ce qui suggère une base de clients large et diversifiée."
GEO,"The GEO Group, Inc.",Industrials,open,2026-09-02,32.599998474121094,0.4895177367478509,1.0759447674418603,0.4893924653106711,0.121234421411134,2026-10-06,32.290000915527344,0.5250812860242524,0.7955215407331344,0.1090061249592495,-0.009509128009310697,0.0,2026-09-02,,,,,,ollama,positive,"Les actualites presentes sont presque toutes positives, avec des mentions de croissance, de revenue accroite et de resultats superieurs aux attentes, ce qui suggere un ton general positif pour l'action de The GEO Group, Inc.",concentrated,"Dependence d'un grand nombre de clients gouvernementaux et d'opérations de services pour des infrastructures sécurisées, ce qui suggère une concentration des activités sur un petit nombre de clients principaux."
2503.T,"Kirin Holdings Company, Limited",Consumer Defensive,open,2026-09-02,3054.0,0.4886432284224697,1.0787037037037035,0.4234966445907073,0.0378584660683999,2026-10-06,2812.0,0.5480531506684316,0.3573410013335401,0.0259034170646191,-0.07924034053700069,0.0,2026-09-02,,,,,,ollama,positive,"Les actualites presentes sont presque toutes positives, avec des mentions de croissance, de diversification, de reussite financiere et de futurs investissements, ce qui suggere un ton general positif pour l'action de Kirin Holdings Company, Limited.",diversified,"L'entreprise propose une gamme de produits et de services diversifiés, notamment en matière de boissons, de médicaments, de cosmétiques et de services logistiques, ce qui suggère qu'elle n'est pas dépendante d'un petit nombre de clients."
DINO,HF Sinclair Corporation,Energy,closed,2026-09-02,97.0,0.4511116727417525,1.0616666666666663,0.8449667341356946,0.3902882307196006,2026-09-14,106.36499786376952,0.4542276913674499,1.004672472361337,0.4472449067977305,0.0965463697295827,0.1502061824208682,2026-09-11,2026-09-14,106.36499786376952,trailing_stop,0.0965463697295827,12.0,ollama,positive,"L'actualité présente plusieurs articles positifs sur HF Sinclair Corporation, tels que le plan de spin-off de lubrifiants, la hausse du stock et les commentaires positifs d'investisseurs et d'insidres.",concentrated,"Le texte suggère que HF Sinclair Corporation dépend principalement d'un petit nombre de clients, tels que les 1 700 stations qu'elle approvisionne et les clients gouvernementaux, ce qui indique une concentration du marché."
1893.T,"Penta-Ocean Construction Co., Ltd.",Industrials,closed,2026-09-02,1444.5,0.4433910853960892,0.9465843023255812,0.458842768537411,0.121234421411134,2026-10-02,1475.0,0.4983718418851002,0.0792273934633451,0.120087455077752,0.0211145725164416,0.1104188300449982,2026-09-17,2026-10-02,1475.0,momentum_perdu,0.0211145725164416,30.0,ollama,neutral,"L'actualité présente une diversité d'informations, allant de l'acquisition de Penta-Ocean par DEME à la révision de sa valeur par un analyste, sans que aucune information n'indique une tendance clairement positive ou négative pour l'action.",diversified,"L'entreprise fournit ses services à de nombreux secteurs et types d'entreprises, indiquant une base de clients large et diversifiée."
ASM.AS,ASM International NV,Technology,open,2026-09-02,827.4000244140625,0.4395360387028078,1.3475719424460433,0.958410890950627,0.1250654211554328,2026-10-06,952.5999755859375,0.43359187622203854,0.5862230850807617,0.1713331726641536,0.15131731626493172,0.1588106834683251,2026-10-06,,,,,,ollama,positive,"L'action ASM International NV a connu une augmentation de ses parts après avoir annoncé un buyback de 150 millions d'euros et une progression de son buyback, ainsi que des actualites positives sur le secteur des semiconducteurs.",diversified,"le texte ne précise pas les clients, mais il mentionne que la société vend ses produits à des fabricants de semi-conducteurs, ce qui suggère une base de clients large et diversifiée."
GL,Globe Life Inc.,Financial Services,open,2026-09-02,175.77999877929688,0.4359933141024097,1.0185185185185186,0.3128068045612147,0.1818403811520965,2026-10-06,166.60000610351562,0.554474287438427,0.26735157646110363,0.1786569542674822,-0.05222433006901617,0.0042098389936455,2026-09-04,,,,,,ollama,positive,"Les actualites presentes sont presque toutes positives, avec des mentions de croissance, de dividendes et de croissance des revenus, ce qui suggere un ton general positif pour l'action de Globe Life Inc.",diversified,"L'entreprise vend ses produits à travers plusieurs canaux (direct-to-consumer, agences indépendantes, etc.) et offre une gamme variée de produits, ce qui suggère une base de clients large et diversifiée."
URBN,"Urban Outfitters, Inc.",Consumer Cyclical,open,2026-09-02,79.90499877929688,0.4169950381647826,1.1628151260504205,0.1058437429981427,0.002606337303682,2026-10-06,80.1449966430664,0.3879874805072514,0.18216988905554454,0.0023004373945769,0.00300354004675496,0.0214630372753288,2026-10-05,,,,,,ollama,positive,"Les actualites presentes montrent une croissance et une performance solide de l'action d'Urban Outfitters, avec des revenues records, une croissance de la subscription rental service Nuuly et des achats de parts par des investisseurs.",diversified,"La description de l'entreprise mentionne plusieurs marques et segments d'activité, tels que Urban Outfitters, Anthropologie, Terrain et Free People, qui visent différents publics et offrent une gamme de produits, ce qui suggère une diversification des clients et des marchés."
OFG,OFG Bancorp,Financial Services,open,2026-09-02,52.09000015258789,0.4007410077899367,1.078703703703704,0.2084856920592062,0.1818403811520965,2026-10-06,51.33000183105469,0.36390307421168067,0.32542811837509156,0.1786569542674822,-0.014590100197867772,0.0220772033501668,2026-09-04,,,,,,ollama,positive,"L'action d'OFG Bancorp a été mentionnée dans plusieurs articles positifs, tels que le classement dans le Zacks Rank #1 (Strong Buy) et la mention de son rendement élevé et de ses dividendes.",diversified,"L'entreprise offre une gamme de services financiers diversifiés à un large public, notamment des individus, des entreprises et des institutions, ce qui suggère une base de clients large et diversifiée."
1590.TW,Airtac International Group,Industrials,closed,2026-09-02,1385.0,0.3822136514302023,1.3470203488372092,0.7603846949160102,0.121234421411134,2026-10-02,1165.0,0.6449640704377806,0.3454710965765997,0.120087455077752,-0.1588447653429603,0.0144404332129963,2026-09-03,2026-10-02,1165.0,stop_loss,-0.1588447653429603,30.0,ollama,positive,"Les actualites presentent une croissance robuste, une expansion du marche pneumatique et une mise en ligne d'un magasin en ligne, indiquant un ton general positif pour l'action Airtac International Group.",diversified,"Airtac International Group offre une large gamme de produits pour différents secteurs, tels que l'automobile, la mécanique, l'électronique, etc., ce qui suggère qu'elle a une base de clients large et diversifiée."
AMN,"AMN Healthcare Services, Inc.",Healthcare,open,2026-09-02,35.08000183105469,0.3757434538010062,0.8593117408906883,0.6183830585591807,0.0639756046582669,2026-10-06,37.790000915527344,0.1887414918175172,0.8217368186374983,0.0719261765891339,0.07725196530844025,0.07725196530844025,2026-10-06,,,,,,ollama,positive,"L'action de AMN Healthcare Services, Inc. (AMN) est mentionnée dans plusieurs articles positifs, tels que des analyses de marché, des recommandations de broker et des actualités sur son développement et ses performances financières.",diversified,"L'entreprise propose une gamme de services diversifiés à une variété de clients, notamment des hôpitaux, des cliniques, des écoles et des groupes de santé, ce qui suggère une concentration sur une base de clients large et diversifiée."
DCI,"Donaldson Company, Inc.",Industrials,closed,2026-09-02,92.41000366210938,0.3528050156740816,1.1896802325581397,0.1943119805759614,0.121234421411134,2026-10-01,87.27999877929688,0.4358008091302876,0.0413006328440406,0.1187963268147138,-0.055513523206535,0.0,2026-09-02,2026-10-01,87.27999877929688,momentum_perdu,-0.055513523206535,29.0,ollama,positive,"Les actualites presentes montrent une croissance et des performances solides de l'action DCI, avec des gains de 56,2% sur trois ans, des revenues record et des marges élevées, ce qui suggere un ton general positif.",diversified,"L'entreprise a plusieurs segments d'activité, plusieurs clients (constructeurs, distributeurs, end-users), et une présence dans différents marchés, ce qui suggère une base de clients large et diversifiée."
NDX1.DE,Nordex SE,Industrials,open,2026-09-02,39.2599983215332,0.3435545613038844,1.178415697674419,0.8392344176230255,0.121234421411134,2026-10-06,36.099998474121094,0.48049323750276796,0.5308835013373436,0.1090061249592495,-0.08048904693098069,0.0677534376244015,2026-09-23,,,,,,ollama,positive,"L'action de Nordex SE est soutenue par des actualites positives sur les ventes et les bénéfices, ainsi que par des prévisions de croissance et des ordres de turbine, ce qui suggère une tendance à long terme positive.",concentrated,"L'entreprise seeme se concentrer sur un client principal et une région spécifique (Europe, North America, Latin America) avec une présence importante en Turquie, ce qui suggere une base de clients concentrée."
BBY,"Best Buy Co., Inc.",Consumer Cyclical,closed,2026-09-02,83.55999755859375,0.3312052112457324,1.050420168067227,0.2367139026237483,0.002606337303682,2026-09-23,91.11000061035156,0.1479066996423594,0.1047609463574767,0.0049086485502458,0.090354275638455,0.1511489379108241,2026-09-23,2026-09-23,91.11000061035156,trailing_stop,0.090354275638455,21.0,ollama,positive,"Les actualites presentes montrent une augmentation des ventes et des resultats positifs pour Best Buy Co., Inc., ce qui suggere une tendance positive pour l'action.",diversified,"Le texte décrit une gamme large de produits et de services, y compris des produits pour consommation, des équipements de bureau, des appareils ménagers, des éléments de smart home et de smartwatch, des équipements de divertissement, des produits de santé et de soins, ainsi que des services de livrai"
LAUR,"Laureate Education, Inc.",Consumer Defensive,open,2026-09-02,39.040000915527344,0.3152441956972045,1.2974537037037035,0.3941048766907418,0.0378584660683999,2026-10-06,38.599998474121094,0.25235695821508997,0.31450220271495266,0.0259034170646191,-0.011270554074993555,0.0084528178437151,2026-10-05,,,,,,ollama,neutral,"Bien que certaines actualités mentionnent des valeurs et des risques potentiels, d'autres soulignent les performances récentes et les perspectives de croissance, ce qui laisse un ton neutre overall.",diversified,"L'entreprise offre une gamme de programmes de haute formation à travers plusieurs pays et secteurs (médicine, ingénierie, gestion), indiquant une diversification de ses clients et de ses services."
JAZZ,Jazz Pharmaceuticals plc,Healthcare,open,2026-09-02,251.1000061035156,0.3040175823807534,1.112348178137652,0.979334642742478,0.0639756046582669,2026-10-06,234.88499450683594,0.3418573886950378,0.6820692044399483,0.0719261765891339,-0.06457591080262681,0.0,2026-09-02,,,,,,ollama,positive,"L'action de Jazz Pharmaceuticals plc (JAZZ) a connu une augmentation de ses parts après des résultats positifs de phase 3 pour son traitement contre le cancer gastrique et une augmentation de son prix cible, ainsi qu'une augmentation de ses parts après une annonce de plan de vente de parts par un di",diversified,"L'entreprise est mentionnée comme fournisseur pour plusieurs groupes et sociétés, et a des collaborations avec plusieurs entreprises, ce qui suggère une base de clients large et diversifiée."
YETI,"YETI Holdings, Inc.",Consumer Cyclical,open,2026-09-02,42.10499954223633,0.2994928019468954,1.20640756302521,0.391922606345265,0.002606337303682,2026-10-06,39.994998931884766,0.19481602988801994,0.20682549079573853,0.0023004373945769,-0.050112828245847174,0.0452440042752151,2026-09-22,,,,,,ollama,positive,"Bien que YETI ait connu une pullback, les actualites recentes suggererent que l'action est consideree comme une valeur, avec des analystes et des investisseurs affirmant que le stock a du potentiel de croissance.",concentrated,"L'entreprise semble se concentrer sur une base de clients directe (site web, magasin, vente directe) et sur un petit nombre de partenaires B2B, avec une forte présence de marques et de produits dans des segments spécifiques du marché."
TILE,"Interface, Inc.",Consumer Cyclical,open,2026-09-02,37.67499923706055,0.2825647749145543,1.2016806722689075,0.2859359230831295,0.002606337303682,2026-10-06,35.060001373291016,0.3096257479971487,0.3867101625961251,0.0023004373945769,-0.06940936739813341,0.006502957845949,2026-09-02,,,,,,ollama,positive,"Les actualites presentes sont presque toutes positives, avec des mentions de croissance, de nouveaux produits, de lancements de collections et d'une performance boursiere exceptionnelle, ce qui suggere un ton general positif pour l'action Interface, Inc.",diversified,"L'entreprise vend ses produits à travers plusieurs canaux (directement aux utilisateurs, via des distributeurs indépendants, des installateurs) et dans plusieurs régions du monde, ce qui suggère une base de clients large et diversifiée."
THG,"The Hanover Insurance Group, Inc.",Financial Services,open,2026-09-02,228.33999633789065,0.2690568447305834,1.1385030864197532,0.3686384437048191,0.1818403811520965,2026-10-06,221.33999633789062,0.2706824758131037,0.278004557533879,0.1786569542674822,-0.03065603973139086,0.021962860077423,2026-09-16,,,,,,ollama,neutral,"Bien que certaines actualités mentionnent des risques et des défis pour l'action, d'autres soulignent les performances solides de l'entreprise et les investissements de nouveaux clients, ce qui équilibre les tonalités des actualités.",diversified,"L'entreprise offre une large gamme de produits d'assurance pour différents secteurs, tels que les entreprises, les collecteurs de voitures, les particuliers, etc., ce qui suggère qu'elle n'est pas concentrée sur un petit nombre de clients principaux."
2432.T,"DeNA Co., Ltd.",Industrials,closed,2026-09-02,2514.0,0.2668249920065295,1.2652616279069768,0.1339592965939207,0.121234421411134,2026-10-02,2523.5,0.2428838341856749,-0.0472999715966652,0.120087455077752,0.0037788385043755,0.0439538583929992,2026-09-04,2026-10-02,2523.5,momentum_perdu,0.0037788385043755,30.0,ollama,positive,"Les actualites presentes sont presque toutes positives, avec des results de Q1 de DeNA qui surprennent les analystes, une augmentation des actions, des annonces de partage de actions par Nintendo et des avantages pour les actionnaires.",diversified,"L'entreprise développe et opère une grande variété d'activités, allant de services de jeu mobile à des solutions pour les soins de santé et les entreprises, ce qui suggère une base de clients large et diversifiée."
2548.TW,"Huaku Development Co., Ltd.",Real Estate,closed,2026-09-02,93.3000030517578,0.2666574978637117,1.108108108108108,0.094155056108129,0.0689150430922371,2026-10-02,91.5999984741211,0.211069239163804,-0.0105769958190428,0.0372567077720261,-0.0182208416080504,0.0460878379604969,2026-09-18,2026-10-02,91.5999984741211,momentum_perdu,-0.0182208416080504,30.0,ollama,neutral,"Les actualites presentes ne contiennent pas de commentaires definitifs sur l'action, mais montrent des performances positives des actions du secteur Real Estate.",concentrated,"Le texte ne mentionne qu'un seul groupe, sans préciser s'il s'agit d'un client principal ou si cela fait référence à une relation de fourniture unique, ce qui suggère une concentration sur un client ou un fournisseur."
7269.T,Suzuki Motor Corporation,Consumer Cyclical,closed,2026-09-02,2216.0,0.2620759704775732,1.1313025210084031,0.0823486997795401,0.002606337303682,2026-10-02,1981.5,0.2511308404676395,-0.116463814148041,0.0049086485502458,-0.1058212996389891,0.0,2026-09-02,2026-10-02,1981.5,momentum_perdu,-0.1058212996389891,30.0,ollama,positive,"L'actualité présente plusieurs éléments positifs, tels que la croissance des ventes de Pricol Ltd, la présence de Toyota dans le domaine des véhicules autonomes, la croissance de FIEM Industries Ltd et la stratégie de Suzuki pour augmenter sa production en Inde, ce qui suggère un ton général positif",diversified,"L'entreprise propose une large gamme de produits et de services, y compris automobiles, motorcycles, outboard motors, vélos électriques, produits pour la construction, services de location, vente de biens immobiliers, etc., ce qui suggère une base de clients large et diversifiée."
UCG.MI,UniCredit S.p.A.,Financial Services,open,2026-09-02,83.41999816894531,0.2584881842045052,1.1145833333333333,0.2955460399184408,0.1818403811520965,2026-10-06,80.7300033569336,0.24095227177316114,0.3573367647327028,0.1786569542674822,-0.03224640219439756,0.0269719497648899,2026-09-14,,,,,,ollama,positive,"Les actualites presentes sont presque toutes positives, avec des annonces de financement pour des projets de Greenvolt et des upgrades de notation pour UniCredit, ce qui suggere une perception positive de l'action.",concentrated,"L'entreprise semble se concentrer sur les clients d'affaires et institutions, avec une mention des clients SME, corporate, etc., ce qui suggère une base de clients relativement restreinte."
UFCS,"United Fire Group, Inc.",Financial Services,open,2026-09-02,54.68999862670898,0.2506995882946805,1.0420524691358024,0.6859505291309069,0.1818403811520965,2026-10-06,54.790000915527344,0.21227550830241682,0.7617316917267003,0.1786569542674822,0.0018285297372366838,0.0337356238257808,2026-09-03,,,,,,ollama,positive,"Les actualites presentes montrent une augmentation des actions, des results financiers positifs, des nouveaux investissements et des declarations de dividendes, ce qui suggere un ton general positif pour l'action de United Fire Group, Inc.",diversified,"L'entreprise propose des produits diversifiés pour différents types de clients (petites et grandes entreprises, secteurs tels que la construction, les services, etc.) et vend ses produits via un réseau d'agences indépendantes."
AMG,"Affiliated Managers Group, Inc.",Financial Services,open,2026-09-02,370.4800109863281,0.2684073794775758,1.1590150250417364,0.6313884292460505,0.1927808528325127,2026-10-06,382.5199890136719,0.21029213748739695,0.5366383590868626,0.1786569542674822,0.03249832020704635,0.03249832020704635,2026-10-06,,,,,,ollama,positive,"Les actualites recentes sur Affiliated Managers Group (AMG) suggèrent une tendance positive, avec des gains de 23,6% sur 6 mois, des results de Q2 record, et des investissements de nouveaux investisseurs, ce qui indique une confiance croissante dans l'action.",concentrated,"Le texte décrit principalement des services et des clients institutionnels et de haut niveau de richesse, ce qui suggère une concentration vers ces secteurs."
SAF.PA,Safran SA,Industrials,closed,2026-09-02,329.5,0.2623547492395104,1.2623546511627908,0.135576498491323,0.1193023652192934,2026-10-02,329.3999938964844,0.1693338584859349,0.0982699091645682,0.1207981646203966,-0.0003035086601385,0.0303490136570561,2026-09-30,2026-10-02,329.3999938964844,momentum_perdu,-0.0003035086601385,30.0,ollama,positive,"Les actualites presentes sont presque toutes positives, avec des mentions de croissance de revenue, de hausse des prix de cible, de soutien de l'action par des analystes et de bonnes perspectives pour l'industrie aeroportuaire.",concentrated,"L'entreprise semble dépendre d'un petit nombre de clients, notamment des gouvernements et des grands groupes, comme en témoigne son présence sur différents marchés géographiques et son offre de produits spécialisés."
BPOP,"Popular, Inc.",Financial Services,open,2026-09-02,169.75,0.259318160327411,1.0840984974958263,0.4272687949107099,0.1927808528325127,2026-10-06,159.1199951171875,0.29758029406453423,0.4264849394695025,0.1786569542674822,-0.06262153097385859,0.0176730486008835,2026-09-04,,,,,,ollama,positive,"Les actualites recentes sur Popular, Inc. (BPOP) mettent en avant des elements positifs tels que des decisions de dividendes, des performances financieres solides et des perspectives de croissance, ce qui suggere un ton general positif pour l'action.",diversified,"L'entreprise propose une large gamme de services financiers pour divers clients individuels et businessman, ainsi que des services pour les particuliers, les entreprises et les particuliers ayant besoin de services financiers spécialisés"
7735.T,"SCREEN Holdings Co., Ltd.",Technology,open,2026-09-02,13345.0,0.7472318918058933,1.206834532374101,1.2548400575943304,0.1202504603191972,2026-10-06,16230.0,0.6774637461649351,1.006678974438596,0.1713331726641536,0.2161858373922818,0.2161858373922818,2026-10-06,,,,,,ollama,neutral,"Les actualites presentes sont mixtes, avec des informations sur les performances financieres et des commentaires de analystes, mais sans une tonalite clairement positive ou negative",diversified,"Le texte décrit une gamme de produits et de services pour différents domaines, notamment la production de semi-conducteurs, l'impression et l'imagerie, ainsi que des solutions pour les industries manufacturières et médicales, indiquant une base de clients large et diversifiée."
AMAT,"Applied Materials, Inc.",Technology,open,2026-09-02,441.8500061035156,0.3528411579907222,1.3008093525179856,1.2512718417833768,0.1202504603191972,2026-10-06,533.4450073242188,0.3102115138729955,1.205956499863221,0.1713331726641536,0.20729885697737083,0.236392396167542,2026-10-02,,,,,,ollama,positive,"Bien que certaines actualités mentionnent des baisse du prix de l'action, les autres soulignent les performances de l'action par rapport au Dow, les achats de parts par l'entreprise et les perspectives positives sur le secteur de l'industrie des semiconducteurs.",concentrated,"10-K SEC (2025-12-12) : two customers accounted for approximately 19% and 15%, respectively, of our net revenue [https://www.sec.gov/Archives/edgar/data/6951/000162828025056742/amat-20251026.htm]"
LCII,LCI Industries,Consumer Cyclical,closed,2026-09-02,102.3000030517578,0.2801720655777426,0.98109243697479,0.0001412386159338,7.06193079669e-05,2026-09-16,86.94999694824219,0.4787600949403747,0.1250230723223908,0.0070048447012773,-0.1500489310420588,0.0079667134672458,2026-09-02,2026-09-16,86.94999694824219,stop_loss,-0.1500489310420588,14.0,ollama,positive,"L'actualité présente des points positifs tels que l'expansion des marges, une augmentation des bénéfices ajustés et une expansion stratégique, malgré une baisse de ventes, ce qui suggère que l'action est en phase de croissance et de développement.",diversified,"Le texte mentionne l'existence de deux segments (OEM et Aftermarket) et de plusieurs types de clients (OEMs de RVs, Aftermarket, direct-to-consumer, retail dealers, wholesale distributors, service centers, etc.), ce qui suggère une base de clients large et diversifiée."
ALV,"Autoliv, Inc.",Consumer Cyclical,closed,2026-09-02,118.83000183105467,0.2706863597698818,1.0940126050420167,0.0036748849442611,7.06193079669e-05,2026-09-03,121.16999816894533,0.2964964984348683,0.0036748849442611,0.0049086485502458,0.019691965848974,0.0205756093339153,2026-09-02,2026-09-03,121.16999816894533,momentum_perdu,0.019691965848974,1.0,ollama,positive,"Les actualites presentes sont presque toutes positives, avec des mentions de performances financieres solides, de dividendes et de positions de investissement, ce qui suggere un ton general positif pour l'action d'Autoliv, Inc.",diversified,"le texte indique que l'entreprise sert principalement des fabricants d'automobiles, mais ne fournit pas d'information sur le nombre de clients ou leur importance."
TGTX,"TG Therapeutics, Inc.",Healthcare,open,2026-09-02,55.36989974975586,0.2520243156983384,1.2520242914979756,0.7739515484022721,0.0755095828483978,2026-10-06,52.85499954223633,0.26510033471696426,0.6037953058382639,0.0719261765891339,-0.045419988457367944,0.0538216384323213,2026-09-03,,,,,,ollama,positive,"Les actualites recentes sur TG Therapeutics, Inc. (TGTX) suggererent des developpements positifs, tels que des rumors de takeover, des performances surperformantes et des investissements de capital, ce qui indique un ton general positif pour l'action.",diversified,"L'entreprise a plusieurs license agreements avec plusieurs entreprises, notamment LFB Biotechnologies S.A.S, GTC Biotherapeutics, LFB/GTC LLC, Ildong Pharmaceutical Co. Ltd. et Jiangsu Hengrui Medicine Co., ce qui suggère une base de clients large et diversifiée."
B3SA3.SA,"B3 S.A. - Brasil, Bolsa, Balcão",Financial Services,open,2026-09-02,16.219999313354492,0.7271850245571985,1.206176961602671,0.2772299254690447,0.1981767172231774,2026-10-06,23.329999923706055,0.2076016813053534,0.5367313859481284,0.1786569542674822,0.4383477750518554,0.496917491645942,2026-10-05,,,,,,ollama,positive,"L'action B3 S.A. - Brasil Bolsa Balcao (BOLSY) a connu des performances solides avec une croissance de 11% des revenus au quatrième trimestre 2025 et une résilience face aux défis du marché, ainsi qu'une nouvelle stratégie de produits et une amélioration de l'efficacité opérationnelle.",concentrated,"l'entreprise semble dépendre d'un très petit nombre de clients, notamment le client principal et les contrats gouvernementaux."
FHI,"Federated Hermes, Inc.",Financial Services,open,2026-09-02,61.40999984741211,0.5469914958481046,1.2408026755852843,0.2584818629808345,0.1982033016349589,2026-10-06,56.279998779296875,0.657006604458372,0.19385681157841939,0.1786569542674822,-0.0835369008445197,0.0221462402496468,2026-09-04,,,,,,ollama,neutral,"Les actualites presentes sont mixtes, avec des articles qui mentionnent les avantages de l'action (dividendes, valeur sur le marché) et d'autres qui soulignent les défis et les incertitudes (challenges, capital return strategy). Il n'y a pas de ton clairement positif ou négatif qui ressort des actua",diversified,"FHI fournit ses services à une large gamme de clients, y compris individuels, institutions financières, organisations caritatives, gouvernements et professionnels du conseil investment, ce qui suggère une base de clients large et diversifiée."
FRSH,Freshworks Inc.,Technology,closed,2026-09-02,13.199999809265137,0.5276449240273184,1.2248653500897666,0.1826677599754977,0.1288394822629623,2026-10-01,13.09000015258789,0.5853438656993932,0.1540540521963977,0.1768172085560135,-0.0083333074444468,0.0333333742738979,2026-09-03,2026-10-01,13.09000015258789,momentum_perdu,-0.0083333074444468,29.0,ollama,positive,"Les actualites presentes sont presque toutes positives, avec des mentions de croissance, de profit, de crescence et de potentiels de surcroit, ce qui suggere un ton general positif pour l'action de Freshworks Inc.",diversified,"Le texte décrit une gamme de produits pour des utilisateurs diversifiés, notamment pour les entreprises, les entreprises de services, les entreprises de marketing et les équipes de maintenance."
GEV,GE Vernova Inc.,Industrials,open,2026-09-02,898.530029296875,0.4744796139761869,1.408296943231441,0.4645801599471213,0.1107632851365028,2026-10-06,1043.0400390625,0.30238977313591775,0.6273904553378642,0.1090061249592495,0.16082936023708427,0.16082936023708427,2026-10-06,,,,,,ollama,positive,"Les actualites presentes sont presque toutes positives, avec des mentions de croissance, de backlog, de deals avec des grandes entreprises et de tendances positives sur le marché, ce qui suggere un ton general positif pour l'action GE Vernova Inc.",concentrated,"L'entreprise semble être dépendante de clients spécifiques, tels que des clients industriels ou gouvernementaux, ainsi qu'un contrat gouvernemental unique, ce qui suggère une concentration du clientèle."
GOOGL,Alphabet Inc.,Communication Services,open,2026-09-02,337.1600036621094,0.4654574243650746,1.3737623762376237,0.3986588381599265,0.0100046117589944,2026-10-06,345.07000732421875,0.2402876406717609,0.2268388034385571,-0.0118942637235355,0.023460682098095154,0.0723247404815632,2026-09-22,,,,,,ollama,neutral,"Les actualites presentes sont mixtes, avec des informations sur des produits futurs d'Apple, des partenariats d'Nvidia, des evolutions de la strategie de Google, ainsi que des informations sur les performances de l'action de Palantir et de Tesla, ce qui indique un ton neutre.",concentrated,10-K SEC (2026-02-05) : customer or groups of affiliated customers represented more than 10% of our revenue [https://www.sec.gov/Archives/edgar/data/1652044/000165204426000018/goog-20251231.htm]
WDC,Western Digital Corporation,Technology,open,2026-09-02,448.1700134277344,0.4828358369245831,1.4066964285714283,2.75850168295524,0.139156909639707,2026-10-06,418.7300109863281,0.6697472958402728,2.0311420988209545,0.1713331726641536,-0.06568936242797807,0.1027176557227522,2026-09-09,,,,,,ollama,positive,"Les actualites presentes sont presque toutes positives, avec des mentions de gains, de croissance et de bonnes performances financieres, ce qui suggere un ton general positif pour l'action de Western Digital Corporation.",concentrated,"10-K SEC (2026-08-14) : three customers accounted for 16%, 15%, and 13%, respectively, of our net revenue [https://www.sec.gov/Archives/edgar/data/106040/000162828026057139/wdc-20260703.htm]"
SNA,Snap-on Incorporated,Industrials,closed,2026-09-02,380.75,0.4190225709129591,1.257278020378457,0.1449986631165989,0.1071248332926382,2026-10-01,363.1900024414063,0.4264197810740171,0.112186978702623,0.1196522426379347,-0.0461194945728004,0.0115955575703792,2026-09-04,2026-10-01,363.1900024414063,momentum_perdu,-0.0461194945728004,29.0,ollama,positive,"Bien que certaines actualités mentionnent des risques et des préoccupations, le ton général est dominé par des éléments positifs, tels que la performance de l'action, les analystes bullistes et les investissements de nouveaux investisseurs.",concentrated,"L'entreprise semble servir principalement les secteurs de la maintenance et de la réparation automobile, ainsi que l'industrie, ce qui suggère une concentration sur un petit nombre de clients."
CPA,"Copa Holdings, S.A.",Industrials,closed,2026-09-02,128.36500549316406,0.596870531501801,1.1801310043668125,0.1191360087488682,0.1056621498978518,2026-09-03,128.8800048828125,0.590489500171,0.1043581760252176,0.1073171010499267,0.004011992113192,0.004011992113192,2026-09-03,2026-09-03,128.8800048828125,momentum_perdu,0.004011992113192,1.0,ollama,positive,"Les actualites presentes sont presque toutes positives, avec des annonces de dividendes, des resultats solides et une analyse positive des stocks de l'industrie aérienne.",concentrated,"L'entreprise semble dépendre d'un très petit nombre de clients, comme le suggère le fait qu'elle opère avec une flotte de 125 avions et qu'elle n'est fondée que en 1947, ce qui indique une certaine concentration des activités sur un marché ou un client spécifique."
1878.T,"Daito Trust Construction Co.,Ltd.",Real Estate,closed,2026-09-03,3319.0,0.3474488931003316,1.14010989010989,0.0495361118530111,0.0491933607738215,2026-09-27,3300.0,0.3386896161899975,0.0261941448382125,0.0386856486345109,-0.0057246158481469,0.0219945766797227,2026-09-17,2026-09-27,3300.0,momentum_perdu,-0.0057246158481469,24.0,ollama,positive,"L'actualité présente plusieurs développements positifs pour l'action, tels que la conclusion d'un accord sur la cession de parts dans une société américaine, le développement d'un programme pour aider les ingénieurs étrangers à obtenir des qualifications nationales, ainsi que des messages de leaders",concentrated,"L'entreprise semble se concentrer sur une petite base de clients, avec des activités spécialisées et un engagement dans des secteurs tels que les logements et les services de gestion."
6920.T,Lasertec Corporation,Technology,closed,2026-09-03,32290.0,0.3157767817566959,1.2395462633451957,0.6706390021917359,0.1328187364283944,2026-09-11,34570.0,0.2411208301244414,0.6706390021917359,0.1816076893352006,0.0706100960049551,0.1635181170641064,2026-09-09,2026-09-11,34570.0,trailing_stop,0.0706100960049551,8.0,ollama,positive,"L'actualité présente plusieurs articles positifs sur Lasertec Corporation, notamment une mention de son leadership dans le secteur des technologies, une hausse de ses actions et des articles de recommandation d'achat.",diversified,"L'entreprise propose une grande gamme de produits pour différents secteurs, tels que l'industrie électronique, les semiconducteurs, les micro-ondes et l'industrie de la vision, ce qui suggère qu'elle a une base de clients large et diversifiée."
2404.TW,"United Integrated Services Co., Ltd.",Industrials,open,2026-09-03,1035.0,0.5914879436596419,1.4275836972343523,0.2210448961994704,0.1074074769527559,2026-10-06,1335.0,0.28632216889670414,0.5446007094299281,0.1090061249592495,0.28985507246376807,0.28985507246376807,2026-10-06,,,,,,ollama,neutral,"L'actualité présente uniquement des informations générales sur les performances des marchés taiwanais et des événements liés à des fonds d'investissement, sans fournir de commentaires spécifiques sur l'action de United Integrated Services Co., Ltd.",diversified,"L'entreprise propose une gamme d'activités et de services qui englobent des projets de construction, de maintenance, de conception, d'installation et de trading, ce qui suggère une base de clients large et diversifiée."
9939.TW,"Taiwan Hon Chuan Enterprise Co., Ltd.",Consumer Cyclical,open,2026-09-03,131.5,0.5232793397608859,1.065899581589958,0.0840890081749621,0.0049086485502458,2026-10-06,126.5,0.539696830881472,0.046958299861243,0.0023004373945769,-0.03802281368821292,0.0038022813688212,2026-09-03,,,,,,ollama,negative,"Aucune information positive ou neutre sur l'action de Taiwan Hon Chuan Enterprise Co., Ltd. (9939.TW) est disponible dans les actualités fournies.",diversified,"L'entreprise offre une gamme de produits à des clients dans différents pays et industries, ce qui suggère une base de clients large et diversifiée."
ABEV3.SA,Ambev S.A.,Consumer Defensive,open,2026-09-03,15.800000190734863,0.5562712687701006,1.3368055555555554,0.3156527993596751,0.0337873246098773,2026-10-06,16.489999771118164,0.3787408058406174,0.28486253052581456,0.0259034170646191,0.0436708589907433,0.0607594953517733,2026-10-05,,,,,,ollama,positive,"Les actualites presentes montrent une croissance revenue et des marges expansionnees, ainsi que des investissements dans des activations de marque, ce qui suggere un ton general positif pour l'action d'Ambev S.A.",diversified,"L'entreprise propose une large gamme de boissons à travers divers marchés, ce qui suggère une base de clients large et diversifiée."
SENEB,Seneca Foods Corporation,Consumer Defensive,closed,2026-09-03,208.52999877929688,0.7444600737375486,1.1523255813953488,0.8533014178846441,0.0287882848640419,2026-10-01,174.22059631347656,1.0579878432377563,0.6264809336551798,0.026812733382789,-0.1645298166530588,0.0,2026-09-03,2026-10-01,174.22059631347656,stop_loss,-0.1645298166530588,28.0,ollama,positive,"Les actualites recentes sur Seneca Foods Corporation (SENEA) suggere un ton general positif, avec des gains de prix, des ventes accrues et des acquisitions stratégiques, ce qui indique que l'action est consideree comme une opportunité d'investissement.",concentrated,10-K SEC (2026-06-11) : ten customers represented approximately 56% and 53% of net sales [https://www.sec.gov/Archives/edgar/data/88948/000143774926020290/senea20260331_10k.htm]
AMZN,"Amazon.com, Inc.",Consumer Cyclical,open,2026-09-04,258.8999938964844,0.3939652714116113,1.279874213836478,0.1830850314182188,0.0036748849442611,2026-10-06,252.8800048828125,0.4370220894045429,0.020186686803453036,0.0023004373945769,-0.023252179048249944,0.0,2026-09-04,,,,,,ollama,neutral,"Bien que certaines actualités mentionnent des problèmes tels que des grèves et des ventes en baisse, d'autres soulignent la croissance de l'entreprise et son leadership dans le secteur de la logistique et de la cloud computing.",diversified,"Le texte décrit l'entreprise comme servie à la fois au grand public, à des développeurs, des entreprises, des créateurs de contenu, des annonceurs et des employés, indiquant une large base de clients diversifiée."
PATH,"UiPath, Inc.",Technology,closed,2026-09-04,15.315400123596191,0.4092952990457732,1.230461811722913,0.3953662120035093,0.1820396048892956,2026-09-23,13.005000114440918,0.5890422532186528,0.3953662120035093,0.1764316710903854,-0.1508546946544137,0.0,2026-09-04,2026-09-23,13.005000114440918,stop_loss,-0.1508546946544137,19.0,ollama,positive,"Bien que UiPath ait connu une chute après avoir battu les attentes, les actualités soulignent également son résultat positif, son nouveau plan de direction et son élan en faveur de l'intelligence artificielle, ce qui suggère un ton positif.",concentrated,"10-K SEC (2026-03-25) : customers with ARR of $1 million or more, which accounted for approximately 89% and 52% of our revenue [https://www.sec.gov/Archives/edgar/data/1734722/000173472226000012/path-20260131.htm]"
SBIN.NS,State Bank of India,Financial Services,closed,2026-09-07,1004.4000244140624,0.2682373714832975,1.0143750000000002,0.2368692004752608,0.1916210237806628,2026-10-02,954.0999755859376,0.2716824958303885,0.0424707178187784,0.1904518602787389,-0.0500796969389446,0.0056749811164136,2026-09-08,2026-10-02,954.0999755859376,momentum_perdu,-0.0500796969389446,25.0,ollama,positive,"L'action de State Bank of India est soutenue par des actualites positives sur ses resultats financiers, son retour sur le marche des obligations en dollars et son expansion, ainsi que par des annonces de recrutement et d'investissement.",diversified,"Le texte décrit une gamme large de produits et services bancaires, y compris des produits pour les particuliers, les entreprises, les associations et les institutions financières, ainsi que des services internationaux."
2379.TW,Realtek Semiconductor Corp.,Technology,open,2026-09-08,691.0,0.3072131791402375,1.221187943262411,0.310909090073354,0.1823536824323966,2026-10-06,755.0,0.19492782141001452,0.5281332241994272,0.1713331726641536,0.09261939218523874,0.1331403762662808,2026-09-23,,,,,,ollama,neutral,"Les actualites presentes sont mixtes, avec des informations sur des projets de financement, des prévisions de demande, des changements de direction chez Realtek et des préoccupations sur la sécurité de la chaîne d'approvisionnement mondiale, ce qui suggère un ton neutre.",diversified,"Le texte décrit une gamme large de produits et de services, y compris des communications, des médias, des périphériques, et des solutions de infrastructure, qui suggère une base de clients diverse et large."
GOOG,Alphabet Inc.,Communication Services,open,2026-09-09,327.4750061035156,0.4757349990158923,1.3737623762376237,0.3798702918026142,0.0018975127083582,2026-10-06,341.989990234375,0.25145787149334997,0.21222591324613638,-0.0118942637235355,0.04432394491282543,0.0913867602871425,2026-09-22,,,,,,ollama,positive,"Les actualites presentes sont presque toutes positives, avec des mentions de croissance de revenue, de renforcement de la position de Google dans le domaine de l'intelligence artificielle et de la croissance des activites de streaming.",concentrated,10-K SEC (2026-02-05) : customer or groups of affiliated customers represented more than 10% of our revenue [https://www.sec.gov/Archives/edgar/data/1652044/000165204426000018/goog-20251231.htm]
2357.TW,ASUSTeK Computer Inc.,Technology,open,2026-09-09,979.0,0.237915232587309,1.0039964476021317,0.5838539104342888,0.1820396048892956,2026-10-06,1000.0,0.3009330199222653,0.466772506399711,0.1713331726641536,0.021450459652706755,0.021450459652706755,2026-10-06,,,,,,ollama,positive,"Les actualites presentes sont presque toutes positives, avec des annonces de croissance, de nouveaux produits et de partenariats avec des entreprises majeures du secteur de l'informatique et de l'intelligence artificielle.",diversified,"Le texte mentionne une longue liste de produits et de services pour différents clients, tels que le grand public, les étudiants, les professionnels, les entreprises, les gouvernements, les médicaux, les consommateurs finis et les professionnels de l'informatique, ce qui suggère une base de clients l"
5706.T,"Mitsui Kinzoku Company, Limited",Industrials,closed,2026-09-11,23140.0,0.3232536359275058,1.3204379562043795,1.5625125197299004,0.1194109799406772,2026-09-28,23080.0,-0.8657044955215376,1.5625125111448486,0.1187963268147138,-0.0025929127052722,0.0133967156439067,2026-09-24,2026-09-28,23080.0,valorisation_atteinte,-0.0025929127052722,17.0,ollama,positive,"L'action de Mitsui Kinzoku Company, Limited est soutenue par des actualites positives sur son partenariat avec Gelion PLC pour le developpement et la mise en echelle de la technologie de batterie à soufre.",diversified,"L'entreprise semble fournir un large éventail de produits et services à une base de clients diverse, y compris des clients B2B et du grand public, ce qui suggère une concentration de base."
9766.T,Konami Group Corporation,Communication Services,closed,2026-09-11,20520.0,0.2835145679629243,1.2425742574257426,0.0427199001296747,0.0018975127083582,2026-10-02,22240.0,0.1554693212671041,-0.1582798481357636,0.0059510622336763,0.0838206627680311,0.0838206627680311,2026-10-02,2026-10-02,22240.0,momentum_perdu,0.0838206627680311,21.0,ollama,positive,"Les actualites presentes montrent une rotation des investissements vers les actions de jeux vidéo japonaises, une premiere sortie de slot de Bomberman et des resultats de bilan superieurs, indiquant un ton general positif pour l'action de Konami Group Corporation.",diversified,"L'entreprise a une présence dans plusieurs domaines différents (démarrages de jeux vidéo, arcade, systèmes de jeux, sports), ce qui suggère une base de clients large et diversifiée."
2606.TW,U-Ming Marine Transport Corporation,Industrials,open,2026-09-14,76.19999694824219,0.2541420143032415,1.0890510948905108,0.3906952772992631,0.1194109799406772,2026-10-06,75.30000305175781,0.22718068038299544,0.37881507848051177,0.1090061249592495,-0.011810943996437229,0.0472441764789162,2026-09-21,,,,,,ollama,positive,"L'actualité présente plusieurs titres positifs, tels que le « U-Ming Wins » et le « U-Ming 2026 Annual Shareholders' Meeting », qui suggèrent une performance positive et une croissance de l'entreprise.",concentrated,"La description mentionne une relation exclusivement basée sur la fourniture de commodités aux secteurs public et privé, suggérant un client principal ou un contrat gouvernemental unique."
DINO,HF Sinclair Corporation,Energy,open,2026-09-14,106.3550033569336,0.4429486168885717,1.0533333333333337,1.004672472361337,0.4472449067977305,2026-10-06,114.04499816894531,0.4264903013019581,1.1476905220452598,0.4062797235903357,0.07230496515715057,0.1013115843767393,2026-09-18,,,,,,ollama,positive,"Les actualites presentes montrent une tendance positive pour l'action HF Sinclair Corporation (DINO), avec des gains de plus de 50% sur les six derniers mois, des mentions de croissance et de valeur ajoutee, ainsi que des plans de spin-off qui pourraient renforcer la valeur de l'action.",concentrated,"Le texte suggère que HF Sinclair Corporation dépend principalement d'un petit nombre de clients, tels que les 1 700 stations qu'elle approvisionne et les clients gouvernementaux, ce qui indique une concentration du marché."
LCII,LCI Industries,Consumer Cyclical,closed,2026-09-16,87.32599639892578,0.4700283423067932,0.9795168067226888,0.1250230723223908,0.0070048447012773,2026-10-01,83.30000305175781,0.922931193610962,-0.159253837095223,0.0070048447012773,-0.0461030336118499,0.0128713166258269,2026-09-22,2026-10-01,83.30000305175781,momentum_perdu,-0.0461030336118499,15.0,ollama,neutral,"Bien que LCI Industries ait rapporté une augmentation des bénéfices et une expansion des marges, l'actualité souligne également la softness du marché et la nécessité de cost-cutting, ce qui maintient un ton neutre.",diversified,"Le texte mentionne l'existence de deux segments (OEM et Aftermarket) et de plusieurs types de clients (OEMs de RVs, Aftermarket, direct-to-consumer, retail dealers, wholesale distributors, service centers, etc.), ce qui suggère une base de clients large et diversifiée."
2413.TW,"Universal Microelectronics Co., Ltd.",Technology,open,2026-09-21,58.400001525878906,0.7088581190037035,1.0808170515097693,1.0045343819685346,0.1795168115190744,2026-10-06,56.0,0.8724682278162272,1.511764890102147,0.1713331726641536,-0.0410959154652657,0.0068492756974396,2026-10-06,,,,,,ollama,positive,"Les actualites presentes montrent un ton general positif, avec des mentions de share buyback, de valuation et de performances positives, ce qui suggere que l'action de Universal Microelectronics Co., Ltd. (2413.TW) est en phase de renforcement.",diversified,"Le texte indique que l'entreprise vend des produits électroniques à des clients dans plusieurs régions du monde, ce qui suggère une base de clients large et diversifiée."
PATH,"UiPath, Inc.",Technology,closed,2026-09-23,13.095000267028809,0.5705434062577748,1.2245535714285716,0.3953662120035093,0.1764316710903854,2026-10-01,13.074999809265137,0.646666865592461,-0.2055485085609709,0.1768172085560135,-0.0015273354223619,0.0,2026-09-23,2026-10-01,13.074999809265137,momentum_perdu,-0.0015273354223619,8.0,ollama,neutral,"Bien que certaines actualités mentionnent des ventages (croissance, partnerships, etc.) et des inconvénients (perte de valeur, questions sur la croissance de l'AI, etc.), le ton général est dominé par des préoccupations sur la croissance et la valeur de l'action, ce qui donne un sentiment neutre.",concentrated,"10-K SEC (2026-03-25) : customers with ARR of $1 million or more, which accounted for approximately 89% and 52% of our revenue [https://www.sec.gov/Archives/edgar/data/1734722/000173472226000012/path-20260131.htm]"
2303.TW,United Microelectronics Corporation,Technology,open,2026-09-24,154.5,0.3921124710021362,1.2289803220035778,1.880521224401695,0.1760461336247574,2026-10-06,147.5,0.4940825936757527,2.3867275311140776,0.1713331726641536,-0.04530744336569581,0.0453074433656957,2026-10-02,,,,,,ollama,positive,"L'actualité présente une majorité de titres positifs, avec des mentions de croissance, d'expansion de la marge bénéficiaire et d'investissements dans de nouvelles technologies, ce qui suggère un ton général positif pour l'action.",concentrated,"L'entreprise semble dépendre d'un petit nombre de clients, notamment pour la fabrication de circuits intégrés, ce qui suggère une concentration de la base de clients."
0300.HK,"Midea Group Co., Ltd.",Consumer Cyclical,open,2026-09-24,96.5999984741211,0.2540284443253506,1.1666666666666667,0.3050100217323275,0.0049086485502458,2026-10-06,90.80000305175781,0.29791787078636944,0.14915268158324002,0.0023004373945769,-0.060041361428355366,0.0005176299435574,2026-09-25,,,,,,ollama,positive,"L'actualité présente plusieurs articles positifs sur Midea Group Co., Ltd., soulignant les opportunités de croissance et une valeur attractive, ce qui suggère un ton général positif pour l'action.",diversified,"L'entreprise présente une gamme de produits pour différents marchés, y compris le grand public, les entreprises et les gouvernements, ce qui suggère une base de clients large et diversifiée."
1878.T,"Daito Trust Construction Co.,Ltd.",Real Estate,closed,2026-09-27,3300.0,0.3370767371343468,1.1387362637362637,0.0495361118530111,0.0386856486345109,2026-09-29,3168.0,0.3792660795548139,0.0261941448382125,0.0386856486345109,-0.04,0.0,2026-09-27,2026-09-29,3168.0,momentum_perdu,-0.04,2.0,ollama,neutral,"L'actualité présente une équilibre entre des informations positives (transfert de parts dans une société américaine, évaluation de la performance de l'action) et négatives (nouvelles emprunts, chute de la valeur de l'action)",concentrated,"L'entreprise semble se concentrer sur une petite base de clients, avec des activités spécialisées et un engagement dans des secteurs tels que les logements et les services de gestion."
PRG,"PROG Holdings, Inc.",Industrials,closed,2026-09-28,31.90999984741211,0.6262080042154157,0.9546783625730992,0.1986133784980013,0.1187963268147138,2026-10-01,30.63500022888184,0.6938892371037633,0.0872060656108106,0.1196522426379347,-0.0399561148425914,0.0021936601428689,2026-09-29,2026-10-01,30.63500022888184,momentum_perdu,-0.0399561148425914,3.0,ollama,positive,"L'action de PROG Holdings, Inc. (PRG) a connu une performance solide, avec une augmentation de 23.9% sur les 6 derniers mois et une inclusion dans les listes de valeurs à acheter, ce qui suggère un ton positif pour l'action.",diversified,"Le texte ne fournit aucune indication sur la base de clients de l'entreprise, elle semble servir un grand public et divers clients B2B, avec des options de paiement pour les consommateurs de tous les profils de crédit."
1878.T,"Daito Trust Construction Co.,Ltd.",Real Estate,open,2026-09-29,3143.0,0.3907952316267771,1.1387362637362637,0.0495361017589142,0.0386856486345109,2026-10-06,3113.0,0.35691535308461386,0.15345202256823298,0.0020520300750087,-0.009545020680878147,0.0483614381164492,2026-10-01,,,,,,ollama,neutral,"L'actualité présente une équilibre entre des informations positives (transfert de parts dans une société américaine, évaluation de la performance de l'action) et négatives (nouvelles emprunts, chute de la valeur de l'action)",concentrated,"L'entreprise semble se concentrer sur une petite base de clients, avec des activités spécialisées et un engagement dans des secteurs tels que les logements et les services de gestion."
ADEA,Adeia Inc.,Technology,open,2026-10-01,25.39999961853028,0.3322712538093131,1.154424778761062,0.4826629726478728,0.1768172085560135,2026-10-06,25.780000686645508,0.3408216167720699,0.5176398367859414,0.1713331726641536,0.01496067219772712,0.0395669717798752,2026-10-02,,,,,,ollama,positive,"Les actualites presentes montrent une augmentation des revenues et des projections de revenus pour Adeia Inc., ainsi qu'une nouvelle direction strategique avec la nomination d'un nouveau CEO, ce qui suggere une perspective positive pour l'action.",concentrated,10-K SEC (2026-02-26) : five customers represented 55.7% of aggregate revenue [https://www.sec.gov/Archives/edgar/data/1803696/000119312526076549/adea-20251231.htm]
PRG,"PROG Holdings, Inc.",Industrials,closed,2026-10-01,30.82999992370605,0.6836399588409932,0.9549418604651162,0.1441683791413177,0.1196522426379347,2026-10-01,30.8799991607666,0.68091389939428,0.0872061385253872,0.1196522426379347,0.0016217722083775,0.0043788592025921,2026-10-01,2026-10-01,30.8799991607666,momentum_perdu,0.0016217722083775,0.0,ollama,positive,"Les actualites presentes sont presque toutes positives, avec des mentions de croissance, de dividendes et de recommandations de buy, ce qui suggere un ton general positif pour l'action de PROG Holdings, Inc.",diversified,"Le texte ne fournit aucune indication sur la base de clients de l'entreprise, elle semble servir un grand public et divers clients B2B, avec des options de paiement pour les consommateurs de tous les profils de crédit."
SNA,Snap-on Incorporated,Industrials,closed,2026-10-01,365.5050048828125,0.4008830070292943,1.255450581395349,0.125532565200179,0.1196522426379347,2026-10-01,366.7999877929688,0.4103283117782261,0.112186978702623,0.1196522426379347,0.0035429963826936,0.0035429963826936,2026-10-01,2026-10-01,366.7999877929688,momentum_perdu,0.0035429963826936,0.0,ollama,neutral,"Les actualites presentes sont mixtes, avec des elements positifs (augmentation du marge bénéficiaire, autorisation de reprise d'action) et des elements négatifs (prévision de croissance faible, déclin de la valeur de l'action par rapport au Nasdaq)",concentrated,"L'entreprise semble servir principalement les secteurs de la maintenance et de la réparation automobile, ainsi que l'industrie, ce qui suggère une concentration sur un petit nombre de clients."
PRG,"PROG Holdings, Inc.",Industrials,closed,2026-10-01,31.075000762939453,0.6703658416163567,0.9549418604651162,0.1441683791413177,0.1192019565331717,2026-10-01,31.184999465942383,0.6644739679827252,0.0872060656108106,0.1192019565331717,0.0035397811843054,0.0035397811843054,2026-10-01,2026-10-01,31.184999465942383,momentum_perdu,0.0035397811843054,0.0,ollama,positive,"Les actualites presentes sont presque toutes positives, avec des mentions de croissance, de dividendes et de recommandations de buy, ce qui suggere un ton general positif pour l'action de PROG Holdings, Inc.",diversified,"Le texte ne fournit aucune indication sur la base de clients de l'entreprise, elle semble servir un grand public et divers clients B2B, avec des options de paiement pour les consommateurs de tous les profils de crédit."
SNA,Snap-on Incorporated,Industrials,closed,2026-10-01,368.2300109863281,0.3905160770383331,1.255450581395349,0.125532565200179,0.1192019565331717,2026-10-01,367.760009765625,0.4066467092874355,0.1121870825942497,0.1192019565331717,-0.0012763794549069,0.0,2026-10-01,2026-10-01,367.760009765625,momentum_perdu,-0.0012763794549069,0.0,ollama,neutral,"Les actualites presentes sont mixtes, avec des elements positifs (augmentation du marge bénéficiaire, autorisation de reprise d'action) et des elements négatifs (prévision de croissance faible, déclin de la valeur de l'action par rapport au Nasdaq)",concentrated,"L'entreprise semble servir principalement les secteurs de la maintenance et de la réparation automobile, ainsi que l'industrie, ce qui suggère une concentration sur un petit nombre de clients."
PRG,"PROG Holdings, Inc.",Industrials,closed,2026-10-01,31.14999961853028,0.6663441553218663,0.9549418604651162,0.1441683791413177,0.1192019565331717,2026-10-01,31.14999961853028,0.6663441553218663,0.0872061385253872,0.1192019565331717,-1.1102230246251563e-16,0.0,2026-10-01,2026-10-01,31.14999961853028,momentum_perdu,-1.1102230246251563e-16,0.0,ollama,positive,"Les actualites presentes sont presque toutes positives, avec des mentions de croissance, de dividendes et de recommandations de buy, ce qui suggere un ton general positif pour l'action de PROG Holdings, Inc.",diversified,"Le texte ne fournit aucune indication sur la base de clients de l'entreprise, elle semble servir un grand public et divers clients B2B, avec des options de paiement pour les consommateurs de tous les profils de crédit."
SNA,Snap-on Incorporated,Industrials,closed,2026-10-01,367.7200012207031,0.3924446552396652,1.255450581395349,0.125532565200179,0.1192019565331717,2026-10-01,367.7200012207031,0.4067997547782189,0.112186978702623,0.1192019565331717,0.0,0.0,2026-10-01,2026-10-01,367.7200012207031,momentum_perdu,0.0,0.0,ollama,neutral,"Les actualites presentes sont mixtes, avec des elements positifs (augmentation du marge bénéficiaire, autorisation de reprise d'action) et des elements négatifs (prévision de croissance faible, déclin de la valeur de l'action par rapport au Nasdaq)",concentrated,"L'entreprise semble servir principalement les secteurs de la maintenance et de la réparation automobile, ainsi que l'industrie, ce qui suggère une concentration sur un petit nombre de clients."
PRG,"PROG Holdings, Inc.",Industrials,closed,2026-10-01,31.14999961853028,0.6663441553218663,0.9549418604651162,0.1441683791413177,0.1192019565331717,2026-10-01,31.14999961853028,0.6663441553218663,0.0872060656108106,0.1192019565331717,-1.1102230246251563e-16,0.0,2026-10-01,2026-10-01,31.14999961853028,momentum_perdu,-1.1102230246251563e-16,0.0,ollama,positive,"Les actualites presentes sont presque toutes positives, avec des mentions de croissance, de dividendes et de recommandations de buy, ce qui suggere un ton general positif pour l'action de PROG Holdings, Inc.",diversified,"Le texte ne fournit aucune indication sur la base de clients de l'entreprise, elle semble servir un grand public et divers clients B2B, avec des options de paiement pour les consommateurs de tous les profils de crédit."
SNA,Snap-on Incorporated,Industrials,closed,2026-10-01,367.7200012207031,0.3924446552396652,1.255450581395349,0.125532565200179,0.1192019565331717,2026-10-01,367.7200012207031,0.4067997547782189,0.112186978702623,0.1192019565331717,0.0,0.0,2026-10-01,2026-10-01,367.7200012207031,momentum_perdu,0.0,0.0,ollama,neutral,"Les actualites presentes sont mixtes, avec des elements positifs (augmentation du marge bénéficiaire, autorisation de reprise d'action) et des elements négatifs (prévision de croissance faible, déclin de la valeur de l'action par rapport au Nasdaq)",concentrated,"L'entreprise semble servir principalement les secteurs de la maintenance et de la réparation automobile, ainsi que l'industrie, ce qui suggère une concentration sur un petit nombre de clients."
5706.T,"Mitsui Kinzoku Company, Limited",Industrials,open,2026-10-01,2291.5,0.3299166280827161,1.3186773255813953,1.562512433127787,0.1192019565331717,2026-10-06,2750.5,0.10412240212955326,0.5551012702196854,0.1090061249592495,0.20030547676194632,0.202705651320096,2026-10-06,,,,,,ollama,positive,"L'actualité présente plusieurs éléments positifs, tels que le fait que Mitsui Kinzoku Company bénéficie d'un accord de développement et de mise en échelle avec Gelion PLC, ce qui pourrait aider à développer et à amplifier la technologie de batterie à solid electrolyte, ainsi que le fait que l'entrep",diversified,"L'entreprise semble fournir un large éventail de produits et services à une base de clients diverse, y compris des clients B2B et du grand public, ce qui suggère une concentration de base."
YUMC,"Yum China Holdings, Inc.",Consumer Cyclical,closed,2026-10-02,41.09999847412109,0.8490094429164114,1.1071428571428572,0.0585679849156757,0.0049086485502458,2026-10-02,40.959999084472656,0.8553292719996259,-0.0323874531825787,0.0127819286286476,-0.0034063113101228,2.220446049250313e-16,2026-10-02,2026-10-02,40.959999084472656,momentum_perdu,-0.0034063113101228,0.0,ollama,neutral,"Les actualites presentes sont mixtes, avec des commentaires positifs sur l'execution solide de Yum China, mais aussi des notes négatives sur la ticket deflation et la macro-drag.",concentrated,"La description mentionne une forte présence de marques sous franchise, notamment KFC et Pizza Hut, ce qui suggère une dépendance importante à un petit nombre de clients principaux."
PATH,"UiPath, Inc.",Technology,closed,2026-10-02,12.84000015258789,0.6807481321959967,1.227433628318584,0.3953662120035093,0.1752065965886835,2026-10-02,13.31999969482422,0.6201806883106846,-0.1904161140897566,0.1633986284418214,0.0373831414744636,0.0373831414744636,2026-10-02,2026-10-02,13.31999969482422,momentum_perdu,0.0373831414744636,0.0,ollama,neutral,"Les actualites presentent des informations contradictoires sur le rendement de l'action, avec des articles qui mentionnent des partenariats avec l'intelligence artificielle et une valeur potentielle, mais aussi des articles qui parlent de croissance ralentie et de chute du prix.",concentrated,"10-K SEC (2026-03-25) : customers with ARR of $1 million or more, which accounted for approximately 89% and 52% of our revenue [https://www.sec.gov/Archives/edgar/data/1734722/000173472226000012/path-20260131.htm]"
LCII,LCI Industries,Consumer Cyclical,closed,2026-10-02,83.66999816894531,0.9144278451241246,0.9795168067226888,0.1250230723223908,0.0049086485502458,2026-10-02,82.11000061035156,0.9507998186023592,-0.1580463513901632,0.0127819286286476,-0.0186446467399679,0.0,2026-10-02,2026-10-02,82.11000061035156,momentum_perdu,-0.0186446467399679,0.0,ollama,negative,"Les actualites recentes sur LCI Industries (LCII) sont presque exclusivement negatives, avec des mentions de basse de 52 semaines, d'investigations sur la valeur des actions et des critiques sur la gestion de l'entreprise.",diversified,"Le texte mentionne l'existence de deux segments (OEM et Aftermarket) et de plusieurs types de clients (OEMs de RVs, Aftermarket, direct-to-consumer, retail dealers, wholesale distributors, service centers, etc.), ce qui suggère une base de clients large et diversifiée."
DCI,"Donaldson Company, Inc.",Industrials,closed,2026-10-02,87.04000091552734,0.4430250580176453,1.191497093023256,0.1249300408654829,0.1192019134963858,2026-10-02,87.76000213623047,0.4311861817871607,0.0465912392427119,0.1193175581451768,0.0082720727611422,0.0082720727611422,2026-10-02,2026-10-02,87.76000213623047,momentum_perdu,0.0082720727611422,0.0,ollama,neutral,"Les actualites presentes sont des rapports de vente ou de grant de parts, ainsi qu des forets de prix, sans mention de resultats financiers ou de commentaires sur la performance actuelle de l'action.",diversified,"L'entreprise a plusieurs segments d'activité, plusieurs clients (constructeurs, distributeurs, end-users), et une présence dans différents marchés, ce qui suggère une base de clients large et diversifiée."
PRG,"PROG Holdings, Inc.",Industrials,closed,2026-10-02,30.920000076293945,0.6787393167703311,0.9549418604651162,0.1986133784980013,0.1192019134963858,2026-10-02,31.14999961853028,0.6663441553218663,0.0872061385253872,0.1193175581451768,0.0074385362764817,0.0074385362764817,2026-10-02,2026-10-02,31.14999961853028,momentum_perdu,0.0074385362764817,0.0,ollama,positive,"Les actualites presentes sont presque toutes positives, avec des forets de croissance, une augmentation du dividende et une reaction positive aux resultats financiers.",diversified,"Le texte ne fournit aucune indication sur la base de clients de l'entreprise, elle semble servir un grand public et divers clients B2B, avec des options de paiement pour les consommateurs de tous les profils de crédit."
SNA,Snap-on Incorporated,Industrials,closed,2026-10-02,363.3500061035156,0.4091915280678926,1.255450581395349,0.1449985595489691,0.1192019134963858,2026-10-02,367.7200012207031,0.4067997547782189,0.112186978702623,0.1193175581451768,0.0120269575995066,0.0120269575995066,2026-10-02,2026-10-02,367.7200012207031,momentum_perdu,0.0120269575995066,0.0,ollama,neutral,"Les actualites presentes sont des annonces de baisse de position par Envestnet et une question sur le rendement de Snap-on par rapport au Nasdaq, mais sans information positive ou négative sur l'entreprise elle-même.",concentrated,"L'entreprise semble servir principalement les secteurs de la maintenance et de la réparation automobile, ainsi que l'industrie, ce qui suggère une concentration sur un petit nombre de clients."
BRC,Brady Corporation,Industrials,closed,2026-10-02,83.48999786376953,0.3246148858291182,1.2191133720930232,0.1758278569722193,0.1192019134963858,2026-10-02,84.13999938964844,0.3454547791352536,0.1094376299773605,0.1193175581451768,0.0077853819919784,0.0077853819919784,2026-10-02,2026-10-02,84.13999938964844,momentum_perdu,0.0077853819919784,0.0,ollama,positive,"Les actualites presentes sont presque toutes positives, avec des analyses positives de la part de sites tels que ChartMill et Seeking Alpha, qui mettent en avant les qualites financieres de l'entreprise et son potentiel de croissance.",diversified,"L'entreprise serve des clients dans de nombreux secteurs, tels que l'industrie, les soins de santé, les transport, les energies, etc., ce qui suggere une base de clients large et diversifiée."
1590.TW,Airtac International Group,Industrials,open,2026-10-02,1165.0,0.6454078158034235,1.3473837209302326,0.3454710965765997,0.1207981646203966,2026-10-06,1195.0,0.622364597950837,0.3454710965765997,0.1090061249592495,0.025751072961373467,0.025751072961373467,2026-10-06,,,,,,ollama,positive,"Les actualites presentes sont positives, indiquant une croissance solide et une capitalisation de la demande de batteries, mais sans mentionner de facteurs négatifs.",diversified,"Airtac International Group offre une large gamme de produits pour différents secteurs, tels que l'automobile, la mécanique, l'électronique, etc., ce qui suggère qu'elle a une base de clients large et diversifiée."
ITUB4.SA,Itaú Unibanco Holding S.A.,Financial Services,open,2026-10-02,43.58000183105469,0.4531101516267093,1.1725700164744646,0.2496499721700951,0.188379337568358,2026-10-06,50.529998779296875,0.23712026153481625,0.24965010675849952,0.1786569542674822,0.15947674750416563,0.15947674750416563,2026-10-06,,,,,,ollama,positive,"L'action de Itaú Unibanco Holding S.A. a connu une augmentation de 6,5% et est considérée comme une opportunité avec un retour sur investissement (ROI) élevé, malgré une baisse de 11,98% par rapport à son 52e semaine.",diversified,"l'entreprise sert un large public, des clients B2B, des microentreprises, des petites et moyennes entreprises, ainsi que des clients institutionnels de haut niveau"
2497.TW,"E-Lead Electronic Co., Ltd.",Consumer Cyclical,open,2026-10-05,44.04999923706055,0.3376392450059349,1.064736842105263,0.0464486176467411,0.015542905828388,2026-10-06,43.79999923706055,0.3214037600839581,0.04644861764674113,0.0023004373945769,-0.005675368997274943,0.0045403125176717,2026-10-06,,,,,,ollama,neutral,"L'actualité présente des informations diverses sur l'action d'E-Lead Electronic Co., Ltd., notamment une émission de parts, une performance boursière et une prévision de marché, ce qui suggère un ton neutre.",diversified,"Le texte ne mentionne qu'une seule activité principale (conception et manufacturing d'appareils électroniques pour l'industrie automobile) et plusieurs produits diversifiés, ce qui suggère une base de clients large et variée."
SNA,Snap-on Incorporated,Industrials,open,2026-10-05,364.6099853515625,0.4304599210331779,1.2558055152394776,0.112186978702623,0.1113133905390162,2026-10-06,369.19000244140625,0.41271423225140147,0.11218697870262306,0.1090061249592495,0.012561414316252462,0.0158251824224904,2026-10-05,,,,,,ollama,neutral,"Les actualites presentes sont principalement des annonces de dividendes et de repurchase d'action, sans mention de resultats financiers ou de changements significatifs dans la situation de l'entreprise.",concentrated,"L'entreprise semble servir principalement les secteurs de la maintenance et de la réparation automobile, ainsi que l'industrie, ce qui suggère une concentration sur un petit nombre de clients."
GIC,Global Industrial Company,Industrials,open,2026-10-05,43.380001068115234,0.4830801378907652,1.186502177068215,0.5287389437657586,0.1107632851365028,2026-10-06,44.040000915527344,0.4608541468744316,0.528739050049873,0.1090061249592495,0.015214380616906276,0.015214380616906276,2026-10-06,,,,,,ollama,negative,"L'actualité présente plusieurs éléments négatifs, tels que des prévisions de sous-performance et des résultats financiers décevants, ce qui suggère un ton général négatif pour l'action de Global Industrial Company (GIC).",diversified,"La description mentionne que l'entreprise serve pour-profit et not-for-profit, ainsi que des organisations éducatives et gouvernementales, ce qui suggère une base de clients large et diversifiée."
8035.T,Tokyo Electron Limited,Technology,open,2026-10-05,12765.0,4.374165563403771,1.1998663101604277,0.8060830144694917,0.1713331726641536,2026-10-06,12805.0,4.433790685931631,0.8060828796627209,0.1713331726641536,0.0031335683509596812,0.0066588327457892,2026-10-06,,,,,,ollama,positive,"Les actualites presentes sont presque toutes positives, avec des analyses positives, des recommandations de buy et des commentaires sur la croissance et la rentabilite de l'action.",diversified,"Le texte ne donne aucune indication claire sur la concentration de clients, mais il mentionne des régions géographiques (Japan, South Korea, Taiwan, China, North America, Europe) et des produits diversifiés, ce qui suggère une base de clients large et diversifiée."
BRC,Brady Corporation,Industrials,closed,2026-10-05,86.24500274658203,0.3039574901865931,1.2195210449927432,0.1094376299773605,0.1090061249592495,2026-10-06,85.41000366210938,0.3167054501890829,0.1094376299773605,0.1100700640142224,-0.0096817097557081,0.0009855537337324,2026-10-05,2026-10-06,85.41000366210938,momentum_perdu,-0.0096817097557081,1.0,ollama,positive,"Les actualites presentes sont presque toutes positives, avec des mentions de performance financiere solide et de croissance, ce qui suggere un ton general positif pour l'action de Brady Corporation.",diversified,"L'entreprise serve des clients dans de nombreux secteurs, tels que l'industrie, les soins de santé, les transport, les energies, etc., ce qui suggere une base de clients large et diversifiée."
BRC,Brady Corporation,Industrials,closed,2026-10-06,85.41000366210938,0.3188496185485123,1.2191133720930232,0.1094376299773605,0.107266155122697,2026-10-06,85.41000366210938,0.3188496185485123,0.1094376299773605,0.1095380944867359,0.0,0.0,2026-10-06,2026-10-06,85.41000366210938,momentum_perdu,0.0,0.0,ollama,neutral,"Les actualites presentes sont des informations de gestion et de changement de personnel, sans mention d'evolution significative de la performance financiere de l'action.",diversified,"L'entreprise serve des clients dans de nombreux secteurs, tels que l'industrie, les soins de santé, les transport, les energies, etc., ce qui suggere une base de clients large et diversifiée."
BRC,Brady Corporation,Industrials,open,2026-10-06,85.41000366210938,0.3188496185485123,1.2191133720930232,0.1094376299773605,0.1082068009560027,2026-10-06,86.22000122070312,0.30645962833682017,0.1094376299773605,0.1090061249592495,0.009483638026737351,0.009483638026737351,2026-10-06,,,,,,ollama,neutral,"Les actualites presentes sont des informations de gestion et de changement de personnel, sans mention d'evolution significative de la performance financiere de l'action.",diversified,"L'entreprise serve des clients dans de nombreux secteurs, tels que l'industrie, les soins de santé, les transport, les energies, etc., ce qui suggere une base de clients large et diversifiée."
