asset_class,ticker,strategy,CAGR,Vol_annualisee,Sharpe,Max_Drawdown,Profit_Factor,Win_Rate,Nb_Trades,Rendement_total
crypto,BTC-USD,Buy & Hold,0.4203949073818545,0.5534357610275987,0.7163645351199693,-0.8339900882218974,,,0,22.640900079603067
crypto,BTC-USD,Golden Cross (SMA50/SMA200),0.04966660619340568,0.4946324277820652,0.31673101519380625,-0.7605441754837362,2.183465725633743,0.4444444444444444,18,0.5478761082583259
crypto,BTC-USD,"Donchian Breakout (Turtle 20/10, stop 2xATR)",0.5648861052750009,0.4354975675258156,0.9238188888174095,-0.5954552764479848,2.2098190598414122,0.4076923076923077,130,55.60747941508701
crypto,BTC-USD,RSI(2) Mean Reversion (Connors),-0.044213348712305756,0.1637207298974666,-0.10772978189438602,-0.5861277464246188,0.8467342796442872,0.6268656716417911,67,-0.33473719069708874
crypto,ETH-USD,Buy & Hold,0.22585074428467067,0.702720906418993,0.5551308280346177,-0.9396254038538314,,,0,4.927554752491434
crypto,ETH-USD,Golden Cross (SMA50/SMA200),0.1357869780711205,0.603637403330077,0.4523448795819199,-0.899980155927055,5.507891619587853,0.47058823529411764,17,2.0426474139811357
crypto,ETH-USD,"Donchian Breakout (Turtle 20/10, stop 2xATR)",1.0530983619377032,0.5655928943911892,1.156712049849049,-0.5408853737572005,2.9328585584609224,0.4473684210526316,114,536.300818722648
crypto,ETH-USD,RSI(2) Mean Reversion (Connors),0.04327592949276493,0.22685263213613469,0.24661481907840252,-0.33870882894286936,1.3974332118759478,0.6935483870967742,62,0.44808662256346765
equity,AAPL,Buy & Hold,0.27565816337608706,0.3016216355258936,0.9603906122579746,-0.3851590339381642,,,0,7.973954556925255
equity,AAPL,Golden Cross (SMA50/SMA200),-0.03749378616603194,0.306412377745294,0.029181695430635486,-0.70295041999835,1.499748642100626,0.2727272727272727,11,-0.29137569500840255
equity,AAPL,"Donchian Breakout (Turtle 20/10, stop 2xATR)",0.1544098736584396,0.24082391430139022,0.7183482287468845,-0.3288175751385809,1.848725211626734,0.42857142857142855,91,2.6479701229044013
equity,AAPL,RSI(2) Mean Reversion (Connors),0.02728399439951823,0.13346590278172316,0.26920684726176075,-0.19033430155441178,1.3263097615838233,0.7027027027027027,74,0.27457890844991484
equity,MSFT,Buy & Hold,0.2523449013604224,0.28749368546591997,0.9284928013572462,-0.371484710068853,,,0,6.599524989438926
equity,MSFT,Golden Cross (SMA50/SMA200),0.12279592129609829,0.26428579599490226,0.5719618512304668,-0.47514931278737105,4.5337349093483095,0.4,10,1.8402828321043803
equity,MSFT,"Donchian Breakout (Turtle 20/10, stop 2xATR)",-0.017856500225149285,0.23820426303452977,0.042745964964536594,-0.5626027624653972,1.0184199525298399,0.3564356435643564,101,-0.14989463560942118
equity,MSFT,RSI(2) Mean Reversion (Connors),0.020287724668394347,0.12553572550668457,0.22354426147879025,-0.23751405282264304,1.3696438536175555,0.6607142857142857,56,0.19844302082126597
equity,QQQ,Buy & Hold,0.2027625261208179,0.23465197190877224,0.906747050418556,-0.3511872227135173,,,0,4.280337957474586
equity,QQQ,Golden Cross (SMA50/SMA200),0.13532491108051858,0.21938079367399405,0.6901359613221194,-0.2940825864716825,5.211262019880428,0.5555555555555556,9,2.139050703876236
equity,QQQ,"Donchian Breakout (Turtle 20/10, stop 2xATR)",0.011964598919402825,0.1934970071686929,0.1582968390507088,-0.30703138900594107,1.1201122457896895,0.38095238095238093,105,0.11315349538055686
equity,QQQ,RSI(2) Mean Reversion (Connors),0.0401825050837723,0.0737041141204962,0.5728225275176123,-0.10895569149389006,1.725643491554523,0.7761194029850746,67,0.4262918862705045
equity,SPY,Buy & Hold,0.15184229148598827,0.18731190550733973,0.8508797315008119,-0.33717269301235486,,,0,2.5754901446477656
equity,SPY,Golden Cross (SMA50/SMA200),0.03347816941639681,0.1837630708381661,0.2717097908343748,-0.4288659075902962,1.8768938831710287,0.4444444444444444,9,0.3455435260972708
equity,SPY,"Donchian Breakout (Turtle 20/10, stop 2xATR)",0.04954151949886265,0.15200349871546467,0.3948889057514701,-0.2106078141005142,1.466076071030751,0.42424242424242425,99,0.5462143869461098
equity,SPY,RSI(2) Mean Reversion (Connors),0.038817525802919306,0.05748155368290619,0.6931864037654379,-0.11519955764753653,1.9617971334060111,0.8,70,0.4095111035317438
forex,EURUSD_X,Buy & Hold,-0.0025285068809300926,0.07105805714154786,0.0010032650141843483,-0.2329188740857292,,,0,-0.022559936314735518
forex,EURUSD_X,Golden Cross (SMA50/SMA200),-0.006602343319994319,0.06412583250586873,-0.06798924918402179,-0.29229883950378655,0.8471262705833104,0.35714285714285715,14,-0.057956911174431136
forex,EURUSD_X,"Donchian Breakout (Turtle 20/10, stop 2xATR)",-0.03714139630722291,0.06363379982477006,-0.5442524034930204,-0.33947653690128365,0.5901988790216921,0.2982456140350877,114,-0.2890339336906358
forex,EURUSD_X,RSI(2) Mean Reversion (Connors),-0.009303938930897426,0.020080521583023724,-0.44080885811254167,-0.08177713818556798,0.5151324509362798,0.5526315789473685,38,-0.08079763579745303
forex,GBPUSD_X,Buy & Hold,0.0022849292868707405,0.08582128595939795,0.06867545852651848,-0.25202215279041873,,,0,0.020783619122852093
forex,GBPUSD_X,Golden Cross (SMA50/SMA200),-0.030405820222964675,0.07800221241504127,-0.3443762535707243,-0.2700263572856434,0.37785912673461675,0.16666666666666666,18,-0.24293075372013184
forex,GBPUSD_X,"Donchian Breakout (Turtle 20/10, stop 2xATR)",-0.013136619219603185,0.07604782338226923,-0.13044471695107313,-0.20883477828329822,0.8403887227590809,0.34615384615384615,104,-0.11235641176948341
forex,GBPUSD_X,RSI(2) Mean Reversion (Connors),0.00508115899462247,0.02209821618069224,0.23318943837266415,-0.04707874176768745,1.3143616940869574,0.6458333333333334,48,0.04673997993180157
forex,USDJPY_X,Buy & Hold,0.04032602936218299,0.085859189143186,0.4889736085174434,-0.14749357189349166,,,0,0.42806662299796594
forex,USDJPY_X,Golden Cross (SMA50/SMA200),-0.013109052758606188,0.0834409864200644,-0.11139066407121768,-0.3267303985873634,0.6979025411406787,0.3333333333333333,12,-0.11213291008147319
forex,USDJPY_X,"Donchian Breakout (Turtle 20/10, stop 2xATR)",0.009329739022318151,0.07871464870970626,0.1536050081787652,-0.18526434585678964,1.1527062285865013,0.36082474226804123,97,0.08730172035549821
forex,USDJPY_X,RSI(2) Mean Reversion (Connors),-0.014458912034320481,0.03526166769186526,-0.38226588281279594,-0.14127615857532272,0.598469754187409,0.6170212765957447,47,-0.12301865177151139
