sector,entry_date,entry_price,entry_valuation_gap,peak,ticker,unrealized_return_pct
Consumer Cyclical,2026-08-21 02:19:35,114.5,0.5904916523747072,0.008733624454148492,9942.TW,0.0
Industrials,2026-08-21 02:19:35,3034.0,0.5833156874995833,0.016150296638101524,1802.T,0.016150296638101524
Industrials,2026-08-21 02:19:35,30.725000381469727,0.6126627198405348,0.06102516092342114,GEO,0.02620017234112959
Technology,2026-08-21 02:19:35,824.5999755859375,0.6232236230170842,0.023526588635025547,ASM.AS,0.016492889914809794
Consumer Defensive,2026-08-21 02:19:35,3000.0,0.540363778928,0.018000000000000016,2503.T,-0.03916666666666668
Real Estate,2026-08-21 02:19:35,93.1999969482422,0.6608111663051868,0.036480704261900865,2548.TW,0.011802640982128798
Energy,2026-08-21 02:19:35,92.08999633789062,0.6808883000790644,0.2084917509084192,DINO,0.18655664011691386
Consumer Cyclical,2026-08-21 02:19:35,232.5,0.6744223635918247,0.017204301075268713,2727.TW,-0.02580645161290318
Healthcare,2026-08-21 02:19:35,26.55500030517578,0.6630943299365046,0.016381075539193102,MD,-0.02428922803054745
Healthcare,2026-08-21 02:19:35,34.4900016784668,0.3966413259722792,0.0171064112460233,AMN,-0.052479016677492885
Consumer Cyclical,2026-08-21 02:19:35,47.5099983215332,0.3955059100139055,0.028836093348399316,YUMC,-0.07977262123186224
Healthcare,2026-08-21 02:19:35,48.7599983215332,0.4020040379008824,0.17945037533227026,TGTX,0.17945037533227026
Consumer Cyclical,2026-08-21 02:19:35,2092.5,0.3562607591137061,0.05902031063321389,7269.T,-0.03082437275985661
Consumer Cyclical,2026-08-21 02:19:35,265.1300048828125,0.3556015121851461,0.0,AMZN,-0.02619472408371315
Financial Services,2026-08-21 02:19:35,82.81999969482422,0.3490611475338754,0.025597714976984154,UCG.MI,-0.01690414792366146
Consumer Cyclical,2026-08-21 02:19:35,148.1199951171875,0.3604363726690689,0.0,TOL,-0.04067643866527004
Financial Services,2026-08-21 02:19:35,180.6750030517578,0.3730897075762127,0.0,GL,-0.04452745555864568
Technology,2026-08-21 02:19:35,483.0,0.3661143840629577,0.039337474120082705,3044.TW,0.0331262939958592
Industrials,2026-08-21 02:19:35,1464.5,0.4225287671869173,0.08023216114714926,1893.T,0.08023216114714926
Technology,2026-08-21 02:19:35,717.0,0.4661953224589044,0.05299860529986056,2379.TW,0.05299860529986056
Technology,2026-08-21 02:19:35,2400.0,0.5082679886596821,0.03333333333333344,2330.TW,0.03333333333333344
Industrials,2026-08-21 02:19:35,95.61499786376952,0.4455501490409179,0.0,DCI,-0.10442923007306859
Healthcare,2026-08-21 02:19:35,13.890000343322754,0.4452661773738038,0.0341972221781659,BVS,-0.0885457400797447
Technology,2026-08-21 02:19:35,498.7449951171875,0.4393455389831691,0.0,WDC,-0.11506720114623648
Industrials,2026-08-21 02:19:35,39.2400016784668,0.4599628989433972,0.01834855696249793,NDX1.DE,0.004077467904388676
Financial Services,2026-08-21 02:19:35,53.290000915527344,0.4587169403769879,0.0,OFG,-0.009007309701442812
Industrials,2026-08-21 02:19:35,2177.5,0.2720573471902305,0.07623421354764637,8020.T,0.07554535017221586
Financial Services,2026-08-21 02:19:35,177.02999877929688,0.263883669982371,0.0,BPOP,-0.08411003497894043
Consumer Defensive,2026-08-21 02:19:35,37.33000183105469,0.316299376786094,0.045807634626208626,LAUR,-0.019421437269130593
Financial Services,2026-08-21 02:19:35,53.93000030517578,0.3077734286029119,0.04561466846935214,UFCS,0.015204889489784046
Financial Services,2026-08-21 02:19:35,223.8800048828125,0.328750841489845,0.03475075312495712,THG,0.031177396709423322
Healthcare,2026-08-21 02:19:35,243.72999572753903,0.3236953567372271,0.030238421635289114,JAZZ,-0.009395615337772112
Financial Services,2026-08-21 02:19:35,367.1000061035156,0.2895035580457412,0.00920731361104754,AMG,-0.05140287334091331
Industrials,2026-08-21 02:19:35,2510.0,0.2866597758144535,0.038645418326693326,2432.T,0.01294820717131473
Consumer Cyclical,2026-08-21 02:19:35,37.76499938964844,0.2822681932336512,0.034820666295752645,TILE,-0.035615020321483115
Healthcare,2026-08-21 03:38:40,2283.0,0.7195175154043669,0.05935173017958828,4503.T,0.04402102496714844
Technology,2026-08-21 03:38:40,496.2099914550781,0.3638710311035587,0.0,AMAT,-0.05989399998487066
Industrials,2026-08-21 03:38:40,340.20001220703125,0.2786961036366369,0.024103413860147027,VOLV-B.ST,-0.010288065474465813
Industrials,2026-08-21 05:14:24,966.010009765625,0.4616074164812178,0.0,GEV,-0.00964794073560371
Industrials,2026-08-21 07:34:26,38.20000076293945,0.2542342968087738,0.03795813439737428,PRG,0.012565432791876052
Healthcare,2026-08-22 03:27:39,78.20999908447266,0.2647321267189175,0.05804885524450398,LIVN,-0.004858678658307358
Technology,2026-08-24 03:40:15,938.0,0.2620442557076403,0.06503198294243062,2357.TW,0.00746268656716409
Healthcare,2026-08-24 04:31:10,2922.0,0.6553331860953489,0.031143052703627605,4507.T,0.01591375770020531
Industrials,2026-08-24 04:31:10,72.80000305175781,0.2940846206704146,0.07692305273860667,2606.TW,0.06456039493433385
Technology,2026-08-24 05:29:20,124.5,0.7444372663982071,0.1405622489959839,2303.TW,0.1405622489959839
Consumer Cyclical,2026-08-24 05:29:20,44.0,0.258968912864181,0.0,YETI,-0.05681818181818177
Industrials,2026-08-26 12:26:29,122.5500030517578,0.2682149820695687,0.0346797216986201,PRY.MI,0.0346797216986201
Financial Services,2026-08-28 06:26:11,15.75,0.7313295805094131,0.12825399731832832,B3SA3.SA,0.11174604627821183
Consumer Cyclical,2026-08-28 09:57:27,83.55999755859375,0.3314833735286793,0.049126417865858585,BBY,0.049126417865858585
Consumer Cyclical,2026-08-28 13:58:48,79.90499877929688,0.444128840930851,0.00907325555593319,URBN,0.00907325555593319
Industrials,2026-08-28 13:58:48,5393.0,0.2596319034505694,0.05340255887261258,1942.T,0.033562024847023864
Industrials,2026-08-31 01:59:02,1385.0,0.3834787900940559,0.010830324909747224,1590.TW,-0.09025270758122739
Technology,2026-08-31 03:57:53,935.3900146484376,0.7001970297048259,0.11737889246826994,MU,0.11737889246826994
Industrials,2026-09-02 11:02:59,329.5,0.2623547492395104,0.013353547485536854,SAF.PA,0.0018209593429912019
Technology,2026-09-02 14:07:13,13345.0,0.7472318918058933,0.0,7735.T,-0.03596852753840385
Financial Services,2026-09-02 16:04:24,61.40999984741211,0.5469914958481046,0.0008141872200746469,FHI,-0.08011721513060133
Technology,2026-09-02 16:04:24,13.199999809265137,0.5276449240273184,0.016666687136948966,FRSH,-0.046212095870568515
Communication Services,2026-09-02 17:06:32,337.1600036621094,0.4654574243650746,0.02577412014182756,GOOGL,0.02577412014182756
Consumer Cyclical,2026-09-02 17:06:32,103.08499908447266,0.2711036067841856,0.0,LCII,-0.019546970049417745
Industrials,2026-09-02 19:04:39,380.75,0.4190225709129591,0.0034142817937461434,SNA,0.0034142817937461434
Real Estate,2026-09-03 01:05:53,3319.0,0.3474488931003316,0.017475143115396108,1878.T,0.017475143115396108
Technology,2026-09-03 01:05:53,32290.0,0.3157767817566959,0.2105915144007433,6920.T,0.2105915144007433
Industrials,2026-09-03 02:00:52,1035.0,0.5914879436596419,0.033816425120772875,2404.TW,0.0
Consumer Cyclical,2026-09-03 04:01:28,131.5,0.5232793397608859,0.0,9939.TW,-0.04562737642585546
Consumer Defensive,2026-09-03 14:04:37,15.8100004196167,0.5552868874622661,0.0,ABEV3.SA,-0.018342818099688407
Consumer Defensive,2026-09-03 19:06:09,208.52999877929688,0.7444600737375491,0.0,SENEB,-0.09739604698357751
Technology,2026-09-04 19:02:26,15.270099639892578,0.4134761335022308,0.0,PATH,-0.11395471856486383
Financial Services,2026-09-07 06:02:18,1004.9000244140624,0.2676063448434969,0.0,SBIN.NS,-0.01472788184750462
Communication Services,2026-09-09 15:52:00,339.17999267578125,0.4255231494456104,0.0,GOOG,0.0
Communication Services,2026-09-11 01:51:58,20535.0,0.2825770116678456,0.01753104455807164,9766.T,0.01753104455807164
Industrials,2026-09-11 01:51:58,23160.0,0.3221109298515752,0.0,5706.T,-0.060449050086355816
Basic Materials,2026-09-11 05:07:11,80.5999984741211,0.7340767211062773,0.07196033699206672,2006.TW,0.07196033699206672
Technology,2026-09-21 02:52:37,58.400001525878906,0.7088581190037035,0.0,2413.TW,0.0
