sector,entry_date,entry_price,entry_price_eur,entry_value_eur,entry_valuation_gap,currency,peak,reinforcement_count,ticker,unrealized_return_pct,current_value_eur
Technology,2026-08-21 02:19:35,824.5999755859375,824.5999755859375,33.333333333333336,0.6232236230170842,EUR,0.02473929786326612,0,ASM.AS,0.02473929786326612,34.15797659544221
Technology,2026-08-21 02:19:35,2400.0,64.4966631469958,33.333333333333336,0.5082679886596821,TWD,0.03333333333333344,0,2330.TW,0.03125,35.39978918555356
Technology,2026-08-21 02:19:35,498.7449951171875,426.72122027580883,33.333333333333336,0.4393455389831691,USD,0.0,0,WDC,-0.052100744079561,32.55718534474068
Healthcare,2026-08-21 02:19:35,48.7599983215332,41.7185659768318,33.333333333333336,0.4020040379008824,USD,0.17945037533227026,0,TGTX,0.17022156147393463,40.19321677209604
Industrials,2026-08-21 02:19:35,39.2400016784668,39.2400016784668,33.333333333333336,0.4599628989433972,EUR,0.01834855696249793,0,NDX1.DE,0.006625848889193042,33.554194962973106
Consumer Cyclical,2026-08-21 02:19:35,114.5,3.0770283043045916,33.333333333333336,0.5904916523747072,TWD,0.008733624454148492,0,9942.TW,-0.004366812227074246,34.177168439565804
Energy,2026-08-21 02:19:35,92.08999633789062,78.79127810248221,33.333333333333336,0.6808883000790644,USD,0.2084917509084192,0,DINO,0.15273105658295227,39.5924761280327
Healthcare,2026-08-21 02:19:35,26.55500030517578,22.72019217353061,33.333333333333336,0.6630943299365046,USD,0.016381075539193102,0,MD,-0.034080236348899895,33.17612982278415
Industrials,2026-08-21 02:19:35,30.725000381469727,26.288002454390202,33.333333333333336,0.6126627198405348,USD,0.06102516092342114,0,GEO,0.02620017234112959,35.246561280684496
Consumer Defensive,2026-08-21 02:19:35,37.33000183105469,31.939175510930113,33.333333333333336,0.316299376786094,USD,0.045807634626208626,0,LAUR,0.004928960591614517,34.51596593617848
Consumer Cyclical,2026-08-21 02:19:35,232.5,6.248114242365219,33.333333333333336,0.6744223635918247,TWD,0.017204301075268713,0,2727.TW,-0.0021505376344086446,34.25324664888232
Consumer Defensive,2026-08-21 02:19:35,3000.0,16.15474133457877,33.333333333333336,0.540363778928,JPY,0.018000000000000016,0,2503.T,-0.05149999999999999,33.011585026275945
Consumer Cyclical,2026-08-21 02:19:35,265.1300048828125,226.84257551044055,33.333333333333336,0.3556015121851461,USD,0.0,0,AMZN,-0.02619472408371315,33.44697093037276
Healthcare,2026-08-21 02:19:35,13.890000343322754,11.884145112556801,33.333333333333336,0.4452661773738038,USD,0.0341972221781659,0,BVS,-0.026637860072980413,33.43175068365836
